#EventID|Time|Latitude|Longitude|Depth/Km|Author|Catalog|Contributor|ContributorID|MagType|Magnitude|MagAuthor|EventLocationName|EventType
6783751|2016-06-04 02:38:00.000000|40.817|14.136|0.0|SURVEY-INGV-OV||||Md|1.5|--|Ischia e costa Flegrea (Napoli)|earthquake
6783791|2016-06-04 02:45:59.000000|40.823|14.135|0.0|SURVEY-INGV-OV||||Md|1.6|--|5 km SE Pozzuoli (NA)|earthquake
6925231|2016-07-11 05:10:00.000000|40.796|14.102|1.0|SURVEY-INGV-OV||||Md|1.5|--|Ischia e costa Flegrea (Napoli)|earthquake
7387441|2016-08-29 15:45:00.000000|40.828|14.15|1.0|SURVEY-INGV-OV||||Md|1.5|--|5 km E Pozzuoli (NA)|earthquake
18426761|2018-03-12 13:34:57.000000|40.82|14.153|0.5|SURVEY-INGV-OV||||Md|0.4|--|6 km SE Pozzuoli (NA)|earthquake
18427761|2018-03-12 13:35:54.000000|40.82|14.15|1.8|SURVEY-INGV-OV||||Md|0.8|--|6 km SE Pozzuoli (NA)|earthquake
18427781|2018-03-12 13:37:16.000000|40.826|14.15|1.6|SURVEY-INGV-OV||||Md|1.0|--|5 km E Pozzuoli (NA)|earthquake
18426771|2018-03-12 13:38:34.000000|40.825|14.14|1.4|SURVEY-INGV-OV||||Md|0.8|--|5 km SE Pozzuoli (NA)|earthquake
18427791|2018-03-12 13:40:46.000000|40.83|14.148|1.7|SURVEY-INGV-OV||||Md|1.1|--|5 km E Pozzuoli (NA)|earthquake
18426471|2018-03-12 13:41:23.030000|40.842|14.1333|1.0|BULLETIN-INGV||||Md|1.4|--|4 km E Pozzuoli (NA)|earthquake
18426791|2018-03-12 13:42:43.000000|40.83|14.152|1.5|SURVEY-INGV-OV||||Md|0.7|--|5 km E Pozzuoli (NA)|earthquake
18427801|2018-03-12 13:45:37.000000|40.825|14.15|1.5|SURVEY-INGV-OV||||Md|1.3|--|6 km E Pozzuoli (NA)|earthquake
18427811|2018-03-12 13:46:51.000000|40.83|14.14|2.0|SURVEY-INGV-OV||||Md|0.5|--|5 km E Pozzuoli (NA)|earthquake
18427821|2018-03-12 13:47:42.000000|40.829|14.15|1.4|SURVEY-INGV-OV||||Md|0.8|--|5 km E Pozzuoli (NA)|earthquake
18427831|2018-03-12 13:50:14.000000|40.829|14.15|2.8|SURVEY-INGV-OV||||Md|1.4|--|5 km E Pozzuoli (NA)|earthquake
18426821|2018-03-12 13:58:06.000000|40.83|14.149|2.6|SURVEY-INGV-OV||||Md|1.8|--|5 km E Pozzuoli (NA)|earthquake
18427841|2018-03-12 14:06:15.000000|40.831|14.14|1.5|SURVEY-INGV-OV||||Md|0.8|--|4 km E Pozzuoli (NA)|earthquake
18426681|2018-03-12 14:09:06.300000|40.8402|14.1342|1.6|BULLETIN-INGV||||Md|1.8|--|4 km E Pozzuoli (NA)|earthquake
18427851|2018-03-12 14:11:21.000000|40.831|14.15|1.6|SURVEY-INGV-OV||||Md|0.4|--|5 km E Pozzuoli (NA)|earthquake
18427861|2018-03-12 14:21:38.000000|40.831|14.139|1.4|SURVEY-INGV-OV||||Md|0.5|--|4 km E Pozzuoli (NA)|earthquake
18427871|2018-03-12 14:25:43.000000|40.829|14.149|0.9|SURVEY-INGV-OV||||Md|1.2|--|5 km E Pozzuoli (NA)|earthquake
18427881|2018-03-12 14:39:41.000000|40.824|14.15|1.5|SURVEY-INGV-OV||||Md|1.4|--|6 km E Pozzuoli (NA)|earthquake
18427891|2018-03-12 14:44:29.000000|40.827|14.148|1.7|SURVEY-INGV-OV||||Md|1.0|--|5 km E Pozzuoli (NA)|earthquake
18427901|2018-03-12 14:58:59.000000|40.829|14.14|2.0|SURVEY-INGV-OV||||Md|1.3|--|5 km E Pozzuoli (NA)|earthquake
18427911|2018-03-12 15:03:13.000000|40.827|14.148|1.5|SURVEY-INGV-OV||||Md|0.7|--|5 km E Pozzuoli (NA)|earthquake
18427921|2018-03-12 15:12:46.000000|40.827|14.15|1.8|SURVEY-INGV-OV||||Md|1.4|--|5 km E Pozzuoli (NA)|earthquake
18935231|2018-04-21 04:26:18.000000|40.828|14.138|0.9|SURVEY-INGV-OV||||Md|1.7|--|4 km SE Pozzuoli (NA)|earthquake
19726281|2018-06-14 21:57:37.100000|40.8368|14.1358|0.8|BULLETIN-INGV||||Md|1.3|--|4 km E Pozzuoli (NA)|earthquake
19726411|2018-06-14 22:13:24.030000|40.8383|14.1367|0.6|BULLETIN-INGV||||Md|1.4|--|4 km E Pozzuoli (NA)|earthquake
20682901|2018-09-15 09:23:57.000000|40.811|14.142|3.1|SURVEY-INGV-OV||||Md|1.6|--|Golfo di Napoli e Capri (Napoli)|earthquake
20713961|2018-09-18 21:36:42.790000|40.8447|14.1627|2.3|BULLETIN-INGV||||ML|2.1|--|4 km SE Quarto (NA)|earthquake
20858171|2018-10-08 01:34:45.000000|40.827|14.134|2.6|SURVEY-INGV-OV||||Md|1.5|--|4 km SE Pozzuoli (NA)|earthquake
20888871|2018-10-12 07:43:35.000000|40.836|14.145|1.8|SURVEY-INGV-OV||||Md|2.0|--|5 km E Pozzuoli (NA)|earthquake
21357541|2019-01-10 00:28:11.000000|40.843|14.169|1.6|SURVEY-INGV-OV||||Md|1.9|--|4 km SE Quarto (NA)|earthquake
21843321|2019-03-15 04:26:41.310000|40.841|14.1417|1.7|BULLETIN-INGV||||ML|2.0|--|4 km S Quarto (NA)|earthquake
22006881|2019-04-07 05:51:50.340000|40.8293|14.1405|1.7|BULLETIN-INGV||||Md|0.9|--|5 km E Pozzuoli (NA)|earthquake
22029011|2019-04-10 22:56:47.000000|40.829|14.146|1.6|SURVEY-INGV-OV||||Md|1.8|--|5 km E Pozzuoli (NA)|earthquake
22058971|2019-04-16 10:23:42.170000|40.8232|14.1362|1.8|BULLETIN-INGV||||Md|1.2|--|5 km SE Pozzuoli (NA)|earthquake
22256141|2019-05-13 22:10:29.040000|40.8212|14.1443|1.7|BULLETIN-INGV||||Md|0.5|--|5 km SE Pozzuoli (NA)|earthquake
22320591|2019-05-24 01:59:32.000410|40.8245|14.14017|0.8|SURVEY-INGV-OV||||Md|0.3|--|5 km SE Pozzuoli (NA)|earthquake
22438881|2019-06-12 00:30:45.460000|40.8362|14.0918|1.9|BULLETIN-INGV||||Md|1.7|--|1 km S Pozzuoli (NA)|earthquake
22730571|2019-07-24 06:38:37.000650|40.82217|14.146|1.3|SURVEY-INGV-OV||||Md|1.7|--|5 km SE Pozzuoli (NA)|earthquake
23025521|2019-09-05 04:03:01.000660|40.815|14.10067|4.6|SURVEY-INGV-OV||||Md|1.6|--|Ischia e costa Flegrea (Napoli)|earthquake
23222571|2019-10-05 05:08:37.230000|40.8383|14.1415|1.8|BULLETIN-INGV||||Md|2.3|--|4 km E Pozzuoli (NA)|earthquake
23468521|2019-11-20 03:44:08.000210|40.83083|14.12233|1.7|SURVEY-INGV-OV||||Md|1.7|--|3 km SE Pozzuoli (NA)|earthquake
23542681|2019-12-06 00:17:24.120000|40.8255|14.1523|2.6|BULLETIN-INGV||||ML|2.4|--|6 km E Pozzuoli (NA)|earthquake
23542751|2019-12-06 00:50:50.800000|40.8298|14.1383|2.4|BULLETIN-INGV||||Md|1.4|--|4 km E Pozzuoli (NA)|earthquake
24236231|2020-04-08 00:50:29.860000|40.8278|14.1435|0.8|BULLETIN-INGV||||ML|2.1|--|5 km E Pozzuoli (NA)|earthquake
24246911|2020-04-10 09:49:56.080000|40.8455|14.1288|4.3|BULLETIN-INGV||||ML|1.5|--|3 km E Pozzuoli (NA)|earthquake
24279781|2020-04-17 18:31:01.880000|40.82033|14.13333|0.9|SURVEY-INGV-OV#WinPick||||Md|1.1|--|5 km SE Pozzuoli (NA)|earthquake
24292791|2020-04-20 22:32:09.210000|40.829|14.14533|1.9|SURVEY-INGV-OV#WinPick||||Md|1.0|--|5 km E Pozzuoli (NA)|earthquake
24317411|2020-04-26 02:16:32.289000|40.82867|14.14767|2.2|SURVEY-INGV-OV||||Md|2.0|--|5 km E Pozzuoli (NA)|earthquake
24317261|2020-04-26 02:26:51.789000|40.82833|14.14817|2.4|SURVEY-INGV-OV||||Md|1.6|--|5 km E Pozzuoli (NA)|earthquake
24317251|2020-04-26 02:41:13.770000|40.8572|14.1507|4.6|BULLETIN-INGV||||ML|1.9|--|2 km S Quarto (NA)|earthquake
24317311|2020-04-26 02:59:02.780000|40.8623|14.1498|3.4|BULLETIN-INGV||||ML|2.4|--|2 km S Quarto (NA)|earthquake
24317701|2020-04-26 03:32:27.279000|40.83133|14.14583|2.5|SURVEY-INGV-OV#WinPick||||Md|1.0|--|5 km E Pozzuoli (NA)|earthquake
24317801|2020-04-26 03:35:56.539000|40.82867|14.14583|2.7|SURVEY-INGV-OV#WinPick||||Md|1.3|--|5 km E Pozzuoli (NA)|earthquake
24317761|2020-04-26 04:32:25.290000|40.8313|14.1447|2.5|BULLETIN-INGV||||Md|1.5|--|5 km E Pozzuoli (NA)|earthquake
24415911|2020-05-13 18:15:13.690000|40.82467|14.09883|1.6|SURVEY-INGV-OV#WinPick||||Md|1.4|--|Ischia e costa Flegrea (Napoli)|earthquake
24523531|2020-05-28 18:47:30.760000|40.821|14.0965|0.5|BULLETIN-INGV||||Md|1.5|--|Ischia e costa Flegrea (Napoli)|explosion
24665731|2020-06-18 19:25:56.440000|40.831|14.14217|2.8|SURVEY-INGV-OV#WinPick||||Md|1.2|--|5 km E Pozzuoli (NA)|earthquake
24816981|2020-07-11 21:22:37.809000|40.83083|14.15|1.4|SURVEY-INGV-OV#WinPick||||Md|1.1|--|5 km E Pozzuoli (NA)|earthquake
24817011|2020-07-11 21:23:10.779000|40.83083|14.146|1.9|SURVEY-INGV-OV#WinPick||||Md|1.0|--|5 km E Pozzuoli (NA)|earthquake
24833971|2020-07-14 19:07:08.730000|40.82167|14.13883|0.8|SURVEY-INGV-OV#WinPick||||Md|1.0|--|5 km SE Pozzuoli (NA)|earthquake
24949401|2020-08-01 03:48:13.619000|40.827|14.14267|1.3|SURVEY-INGV-OV#WinPick||||Md|1.0|--|5 km E Pozzuoli (NA)|earthquake
25241051|2020-09-10 01:48:31.799000|40.81783|14.12283|1.1|SURVEY-INGV-OV#WinPick||||Md|1.1|--|Ischia e costa Flegrea (Napoli)|earthquake
25241101|2020-09-10 01:48:57.549000|40.81667|14.1235|0.7|SURVEY-INGV-OV#WinPick||||Md|1.1|--|Ischia e costa Flegrea (Napoli)|earthquake
25252611|2020-09-11 17:32:30.549000|40.828|14.14167|0.3|SURVEY-INGV-OV#WinPick||||Md|1.1|--|5 km E Pozzuoli (NA)|earthquake
25293641|2020-09-18 09:10:25.960000|40.8235|14.13467|1.0|SURVEY-INGV-OV#WinPick||||Md|1.2|--|5 km SE Pozzuoli (NA)|earthquake
25293681|2020-09-18 09:28:17.380000|40.82783|14.13367|1.7|SURVEY-INGV-OV#WinPick||||Md|1.2|--|4 km SE Pozzuoli (NA)|earthquake
25310731|2020-09-20 14:44:16.589000|40.82667|14.1365|1.0|SURVEY-INGV-OV#WinPick||||Md|1.2|--|4 km SE Pozzuoli (NA)|earthquake
25477681|2020-10-09 01:23:18.079000|40.82283|14.12317|1.8|SURVEY-INGV-OV#WinPick||||Md|1.1|--|4 km SE Pozzuoli (NA)|earthquake
25494111|2020-10-15 03:59:33.640000|40.82267|14.13183|0.6|SURVEY-INGV-OV#WinPick||||Md|1.1|--|4 km SE Pozzuoli (NA)|earthquake
25499051|2020-10-15 22:05:53.619000|40.809|14.11433|4.5|SURVEY-INGV-OV#WinPick||||Md|1.5|--|Ischia e costa Flegrea (Napoli)|earthquake
25528881|2020-10-21 03:26:08.670000|40.8375|14.13333|1.1|SURVEY-INGV-OV#WinPick||||Md|1.3|--|4 km E Pozzuoli (NA)|earthquake
25616601|2020-11-04 20:56:57.009000|40.82567|14.142|1.7|SURVEY-INGV-OV#WinPick||||Md|1.0|--|5 km SE Pozzuoli (NA)|earthquake
25624261|2020-11-06 05:14:49.869000|40.82283|14.117|1.8|SURVEY-INGV-OV#WinPick||||Md|1.2|--|Ischia e costa Flegrea (Napoli)|earthquake
25634321|2020-11-08 04:48:00.150000|40.82283|14.13|2.3|SURVEY-INGV-OV#WinPick||||Md|1.0|--|4 km SE Pozzuoli (NA)|earthquake
25673011|2020-11-15 03:14:10.470000|40.827|14.1375|1.3|SURVEY-INGV-OV#WinPick||||Md|1.0|--|4 km SE Pozzuoli (NA)|earthquake
25750391|2020-12-02 19:23:16.630000|40.824667|14.1395|1.7|SURVEY-INGV-OV#WinPick||||Md|1.9|--|5 km SE Pozzuoli (NA)|earthquake
25770531|2020-12-03 22:57:44.099000|40.8205|14.1195|0.9|SURVEY-INGV-OV#WinPick||||Md|1.1|--|4 km SE Pozzuoli (NA)|earthquake
25753471|2020-12-03 23:22:40.960000|40.820167|14.121667|1.5|SURVEY-INGV-OV#WinPick||||Md|1.0|--|Ischia e costa Flegrea (Napoli)|earthquake
25815531|2020-12-19 15:21:42.769000|40.8235|14.136|1.2|SURVEY-INGV-OV#WinPick||||Md|1.0|--|5 km SE Pozzuoli (NA)|earthquake
25816161|2020-12-19 17:10:44.019000|40.824667|14.134833|1.9|SURVEY-INGV-OV#WinPick||||Md|1.0|--|4 km SE Pozzuoli (NA)|earthquake
25817161|2020-12-19 21:54:53.200000|40.831333|14.141833|2.3|SURVEY-INGV-OV#WinPick||||Md|2.7|--|5 km E Pozzuoli (NA)|earthquake
25827491|2020-12-19 21:54:57.430000|40.831333|14.144833|1.7|SURVEY-INGV-OV#WinPick||||Md|2.7|--|5 km E Pozzuoli (NA)|earthquake
25817921|2020-12-20 03:13:48.650000|40.8235|14.14|1.9|SURVEY-INGV-OV#WinPick||||Md|2.4|--|5 km SE Pozzuoli (NA)|earthquake
25817991|2020-12-20 03:20:26.690000|40.8235|14.137|1.5|SURVEY-INGV-OV#WinPick||||Md|1.5|--|5 km SE Pozzuoli (NA)|earthquake
25830621|2020-12-23 01:59:42.290000|40.8333|14.1393|1.8|BULLETIN-INGV||||Md|1.8|--|Campi Flegrei|earthquake
25846601|2020-12-26 12:31:21.960000|40.8307|14.1425|2.2|BULLETIN-INGV||||Md|1.2|--|Campi Flegrei|earthquake
25848281|2020-12-27 06:59:06.630000|40.825|14.1405|1.0|SURVEY-INGV-OV#WinPick||||Md|1.1|--|5 km SE Pozzuoli (NA)|earthquake
25849911|2020-12-27 23:15:00.509000|40.809833|14.115|2.3|SURVEY-INGV-OV#WinPick||||Md|1.3|--|Ischia e costa Flegrea (Napoli)|earthquake
25853021|2020-12-28 08:09:42.770000|40.8282|14.1503|2.2|BULLETIN-INGV||||Md|2.3|--|Campi Flegrei|earthquake
25883901|2021-01-01 02:13:58.519000|40.827333|14.133667|1.6|SURVEY-INGV-OV#WinPick||||Md|1.0|--|4 km SE Pozzuoli (NA)|earthquake
25883961|2021-01-01 02:40:31.589000|40.824667|14.133|1.4|SURVEY-INGV-OV#WinPick||||Md|1.0|--|4 km SE Pozzuoli (NA)|earthquake
25889061|2021-01-02 09:00:07.920000|40.827667|14.1325|2.0|SURVEY-INGV-OV#WinPick||||Md|1.1|--|4 km SE Pozzuoli (NA)|earthquake
25889151|2021-01-02 09:18:10.190000|40.825333|14.130667|1.6|SURVEY-INGV-OV#WinPick||||Md|1.6|--|4 km SE Pozzuoli (NA)|earthquake
25902251|2021-01-06 14:47:17.849000|40.826667|14.136167|1.4|SURVEY-INGV-OV#WinPick||||Md|1.2|--|4 km SE Pozzuoli (NA)|earthquake
25915251|2021-01-10 23:54:51.320000|40.8353|14.1392|2.3|BULLETIN-INGV||||Md|1.3|--|Campi Flegrei|earthquake
25916061|2021-01-11 10:24:10.900000|40.831333|14.151667|1.1|SURVEY-INGV-OV#WinPick||||Md|1.5|--|5 km S Quarto (NA)|earthquake
25918851|2021-01-12 10:26:35.730000|40.825167|14.120333|0.9|SURVEY-INGV-OV#WinPick||||Md|1.0|--|3 km SE Pozzuoli (NA)|earthquake
25919071|2021-01-12 11:29:18.089000|40.822833|14.122333|1.0|SURVEY-INGV-OV#WinPick||||Md|1.2|--|4 km SE Pozzuoli (NA)|earthquake
25949221|2021-01-20 02:58:27.109000|40.826167|14.1225|2.0|SURVEY-INGV-OV#WinPick||||Md|1.1|--|Campi Flegrei|earthquake
26044201|2021-02-07 03:13:45.170000|40.8118|14.1153|3.6|BULLETIN-INGV||||Md|1.9|--|Campi Flegrei|earthquake
26119981|2021-02-20 23:41:35.640000|40.829|14.114|3.0|BULLETIN-INGV||||Md|1.8|--|Campi Flegrei|earthquake
26139171|2021-02-25 19:41:54.240000|40.827|14.140167|1.5|SURVEY-INGV-OV#WinPick||||Md|1.1|--|Campi Flegrei|earthquake
26240491|2021-03-14 15:59:55.690000|40.8315|14.1283|2.1|BULLETIN-INGV||||Md|1.3|--|Campi Flegrei|earthquake
26243881|2021-03-15 08:32:06.370000|40.8312|14.139|1.6|BULLETIN-INGV||||Md|1.3|--|Campi Flegrei|earthquake
26352651|2021-03-31 14:06:36.400000|40.798667|14.113|4.1|SURVEY-INGV-OV#WinPick||||Md|1.3|--|Campi Flegrei|earthquake
26354921|2021-03-31 23:10:48.950000|40.8022|14.1075|3.0|BULLETIN-INGV||||Md|2.2|--|Campi Flegrei|earthquake
26404411|2021-04-07 00:05:14.089000|40.8255|14.138333|1.4|SURVEY-INGV-OV#WinPick||||Md|1.1|--|Campi Flegrei|earthquake
26405241|2021-04-07 02:08:45.530000|40.8242|14.1533|2.2|BULLETIN-INGV||||Md|1.6|--|Campi Flegrei|earthquake
26414781|2021-04-08 09:10:47.109000|40.8285|14.123|2.6|SURVEY-INGV-OV#WinPick||||Md|1.0|--|Campi Flegrei|earthquake
26530981|2021-04-28 02:25:21.500000|40.822833|14.140167|2.0|SURVEY-INGV-OV#WinPick||||Md|1.0|--|Campi Flegrei|earthquake
26536131|2021-04-29 02:40:18.769000|40.824167|14.126833|2.0|SURVEY-INGV-OV#WinPick||||Md|1.1|--|Campi Flegrei|earthquake
26536201|2021-04-29 02:57:39.890000|40.826667|14.1285|2.2|SURVEY-INGV-OV#WinPick||||Md|1.4|--|Campi Flegrei|earthquake
26545101|2021-04-29 22:38:08.460000|40.823|14.138|1.1|SURVEY-INGV-OV#WinPick||||Md|1.0|--|Campi Flegrei|earthquake
26595121|2021-05-05 07:08:06.010000|40.8302|14.1422|2.5|BULLETIN-INGV||||Md|2.1|--|Campi Flegrei|earthquake
26612111|2021-05-06 16:35:42.640000|40.822833|14.135167|1.7|SURVEY-INGV-OV#WinPick||||Md|1.0|--|Campi Flegrei|earthquake
26624471|2021-05-07 17:26:36.789000|40.822833|14.1335|2.2|SURVEY-INGV-OV#WinPick||||Md|1.0|--|Campi Flegrei|earthquake
26774291|2021-05-19 02:47:22.089000|40.827333|14.133|2.0|SURVEY-INGV-OV#WinPick||||Md|1.0|--|Campi Flegrei|earthquake
26774381|2021-05-25 03:34:55.859000|40.831333|14.141333|1.4|SURVEY-INGV-OV#WinPick||||Md|1.1|--|Campi Flegrei|earthquake
26823431|2021-05-31 21:19:13.579000|40.8405|14.140833|1.6|SURVEY-INGV-OV#WinPick||||Md|1.3|--|Campi Flegrei|earthquake
26823441|2021-05-31 21:22:01.849000|40.844|14.138|1.8|SURVEY-INGV-OV#WinPick||||Md|1.3|--|Campi Flegrei|earthquake
26823451|2021-05-31 21:22:13.940000|40.842|14.140833|2.0|SURVEY-INGV-OV#WinPick||||Md|1.3|--|Campi Flegrei|earthquake
26823511|2021-05-31 21:22:56.430000|40.842|14.136833|1.0|SURVEY-INGV-OV#WinPick||||Md|1.4|--|Campi Flegrei|earthquake
26823461|2021-05-31 21:25:32.000000|40.842|14.136|1.4|SURVEY-INGV-OV#WinPick||||Md|1.0|--|Campi Flegrei|earthquake
26823281|2021-05-31 21:32:07.560000|40.8467|14.1337|1.7|BULLETIN-INGV||||Md|1.9|--|Campi Flegrei|earthquake
26823551|2021-05-31 21:33:10.099000|40.840333|14.137167|1.5|SURVEY-INGV-OV#WinPick||||Md|1.3|--|Campi Flegrei|earthquake
26823541|2021-05-31 21:36:16.460000|40.839833|14.135833|1.2|SURVEY-INGV-OV#WinPick||||Md|1.0|--|Campi Flegrei|earthquake
26823311|2021-05-31 21:38:09.290000|40.8408|14.1308|1.9|BULLETIN-INGV||||Md|1.7|--|Campi Flegrei|earthquake
26823561|2021-05-31 21:42:16.859000|40.838167|14.136833|1.4|SURVEY-INGV-OV#WinPick||||Md|1.0|--|Campi Flegrei|earthquake
26823581|2021-05-31 21:45:58.250000|40.840333|14.133833|1.2|SURVEY-INGV-OV#WinPick||||Md|1.0|--|Campi Flegrei|earthquake
26823571|2021-05-31 22:07:31.450000|40.842|14.140833|2.0|SURVEY-INGV-OV#WinPick||||Md|1.1|--|Campi Flegrei|earthquake
26831281|2021-06-01 18:05:29.109000|40.8265|14.140167|1.3|SURVEY-INGV-OV#WinPick||||Md|1.0|--|Campi Flegrei|earthquake
26841571|2021-06-03 06:01:03.410000|40.8265|14.140167|1.0|SURVEY-INGV-OV#WinPick||||Md|1.0|--|Campi Flegrei|earthquake
26877091|2021-06-07 05:31:01.600000|40.8082|14.0997|2.9|BULLETIN-INGV||||Md|1.6|--|Campi Flegrei|earthquake
27134451|2021-06-19 18:27:40.960000|40.8313|14.1402|2.1|BULLETIN-INGV||||Md|1.8|--|Campi Flegrei|earthquake
27291031|2021-06-28 06:05:22.039000|40.819833|14.121667|1.8|SURVEY-INGV-OV#WinPick||||Md|1.3|--|Campi Flegrei|earthquake
27336881|2021-07-02 05:54:23.280000|40.8278|14.1505|2.5|BULLETIN-INGV||||Md|1.6|--|Campi Flegrei|earthquake
27435061|2021-07-08 08:57:08.210000|40.7878|14.1062|0.5|BULLETIN-INGV||||ML|1.7|--|Campi Flegrei|explosion
27452711|2021-07-09 03:28:20.830000|40.8318|14.136|2.3|BULLETIN-INGV||||Md|1.4|--|Campi Flegrei|earthquake
27580751|2021-07-16 14:10:20.250000|40.8325|14.1183|2.3|BULLETIN-INGV||||Md|1.7|--|Campi Flegrei|earthquake
27789661|2021-08-03 03:50:58.140000|40.7958|14.1157|2.6|BULLETIN-INGV||||Md|1.7|--|Campi Flegrei|earthquake
27847011|2021-08-06 14:51:09.030000|40.8027|14.1058|2.9|BULLETIN-INGV||||Md|1.9|--|Campi Flegrei|earthquake
27920371|2021-08-12 00:52:01.329000|40.834167|14.128|3.0|SURVEY-INGV-OV#WinPick||||Md|1.0|--|Campi Flegrei|earthquake
28152861|2021-09-01 06:41:16.099000|40.8245|14.137833|0.3|SURVEY-INGV-OV#WinPick||||Md|1.0|--|Campi Flegrei|earthquake
28547781|2021-10-09 15:05:15.900000|40.8323|14.1388|1.8|BULLETIN-INGV||||Md|1.3|--|Campi Flegrei|earthquake
28676661|2021-10-21 00:47:38.490000|40.820333|14.140333|1.7|SURVEY-INGV-OV#SiSmi||||Md|1.5|--|Campi Flegrei|earthquake
28718701|2021-10-24 20:01:27.580000|40.8392|14.1467|2.1|BULLETIN-INGV||||Md|1.7|--|Campi Flegrei|earthquake
28725081|2021-10-25 15:02:00.619000|40.818833|14.135|1.6|SURVEY-INGV-OV#SiSmi||||Md|1.0|--|Campi Flegrei|earthquake
28755561|2021-10-29 13:26:47.299000|40.826333|14.1385|1.6|SURVEY-INGV-OV#SiSmi||||Md|1.1|--|Campi Flegrei|earthquake
28853361|2021-11-06 22:01:45.250000|40.838833|14.140167|1.7|SURVEY-INGV-OV#SiSmi||||Md|1.2|--|Campi Flegrei|earthquake
28853381|2021-11-06 22:01:56.059000|40.8315|14.140167|3.3|SURVEY-INGV-OV#SiSmi||||Md|1.1|--|Campi Flegrei|earthquake
28853351|2021-11-06 22:16:57.809000|40.839667|14.1385|1.6|SURVEY-INGV-OV#SiSmi||||Md|1.3|--|Campi Flegrei|earthquake
28881041|2021-11-10 20:59:47.779000|40.825333|14.136167|0.4|SURVEY-INGV-OV||||Md|0.5|--|Campi Flegrei|earthquake
28979291|2021-11-25 04:38:30.560000|40.8012|14.1122|2.0|BULLETIN-INGV||||Md|1.4|--|Campi Flegrei|earthquake
28979471|2021-11-25 05:12:47.680000|40.7993|14.1133|1.9|BULLETIN-INGV||||Md|1.6|--|Campi Flegrei|earthquake
28979851|2021-11-25 05:59:22.890000|40.797|14.112667|3.0|SURVEY-INGV-OV#SiSmi||||Md|1.0|--|Campi Flegrei|earthquake
29054571|2021-12-02 06:33:03.049000|40.831333|14.1395|2.4|SURVEY-INGV-OV#SiSmi||||Md|1.7|--|Campi Flegrei|earthquake
29074151|2021-12-03 12:10:59.390000|40.8247|14.127|1.7|BULLETIN-INGV||||Md|2.1|--|Campi Flegrei|earthquake
29312541|2021-12-25 11:15:30.650000|40.8377|14.1363|1.5|BULLETIN-INGV||||Md|1.4|--|Campi Flegrei|earthquake
29323111|2021-12-26 03:52:20.270000|40.8132|14.1098|3.3|BULLETIN-INGV||||Md|1.8|--|Campi Flegrei|earthquake
29333571|2021-12-27 04:54:44.660000|40.8225|14.132333|1.2|SURVEY-INGV-OV#SiSmi||||Md|1.1|--|Campi Flegrei|earthquake
29335141|2021-12-27 09:40:18.940000|40.8298|14.1278|2.1|BULLETIN-INGV||||Md|1.4|--|Campi Flegrei|earthquake
29336261|2021-12-27 11:22:06.410000|40.823167|14.132333|1.2|SURVEY-INGV-OV#SiSmi||||Md|1.1|--|Campi Flegrei|earthquake
29336961|2021-12-27 13:29:43.530000|40.8363|14.1125|1.9|BULLETIN-INGV||||Md|1.6|--|Campi Flegrei|earthquake
29388181|2022-01-03 05:38:20.750000|40.828167|14.137|2.3|SURVEY-INGV-OV#SiSmi||||Md|1.2|--|Campi Flegrei|earthquake
29411641|2022-01-05 00:20:57.130000|40.8288|14.127|1.9|BULLETIN-INGV||||Md|1.3|--|Campi Flegrei|earthquake
29411731|2022-01-05 00:42:10.570000|40.8288|14.1273|2.0|BULLETIN-INGV||||Md|1.4|--|Campi Flegrei|earthquake
29440761|2022-01-06 19:37:15.110000|40.8423|14.1388|1.6|BULLETIN-INGV||||Md|2.1|--|Campi Flegrei|earthquake
29440901|2022-01-06 19:38:14.670000|40.825667|14.144667|1.6|SURVEY-INGV-OV#SiSmi||||Md|1.0|--|Campi Flegrei|earthquake
29550921|2022-01-13 16:58:49.930000|40.8427|14.1332|1.5|BULLETIN-INGV||||Md|1.2|--|Campi Flegrei|earthquake
29551011|2022-01-13 17:02:04.660000|40.8402|14.1335|1.5|BULLETIN-INGV||||Md|1.2|--|Campi Flegrei|earthquake
29560251|2022-01-14 20:54:52.200000|40.824167|14.131333|1.6|SURVEY-INGV-OV#SiSmi||||Md|1.0|--|Campi Flegrei|earthquake
29611111|2022-01-21 03:53:27.549000|40.827333|14.142833|0.8|SURVEY-INGV-OV#SiSmi||||Md|1.0|--|Campi Flegrei|earthquake
29613401|2022-01-21 14:30:14.820000|40.7958|14.1378|1.4|BULLETIN-INGV||||Md|1.5|--|Campi Flegrei|earthquake
29614201|2022-01-21 14:56:42.559000|40.8375|14.134667|1.1|SURVEY-INGV-OV#SiSmi||||Md|1.0|--|Campi Flegrei|earthquake
29665901|2022-01-26 03:04:54.410000|40.8293|14.1367|2.2|BULLETIN-INGV||||Md|1.4|--|Campi Flegrei|earthquake
29721941|2022-01-31 04:48:12.299000|40.832|14.128|2.7|SURVEY-INGV-OV#SiSmi||||Md|1.4|--|Campi Flegrei|earthquake
29735121|2022-02-01 02:18:39.400000|40.832667|14.144|1.5|SURVEY-INGV-OV#SiSmi||||Md|1.4|--|Campi Flegrei|earthquake
29795491|2022-02-04 03:41:57.579000|40.8225|14.144667|1.1|SURVEY-INGV-OV#SiSmi||||Md|2.1|--|Campi Flegrei|earthquake
29813211|2022-02-06 09:13:58.650000|40.820667|14.159667|1.9|SURVEY-INGV-OV#SiSmi||||Md|1.0|--|Campi Flegrei|earthquake
29817521|2022-02-06 14:12:10.019000|40.827|14.142167|1.7|SURVEY-INGV-OV#SiSmi||||Md|1.5|--|Campi Flegrei|earthquake
29840881|2022-02-07 15:53:49.509000|40.831|14.114|2.0|SURVEY-INGV-OV#SiSmi||||Md|1.0|--|Campi Flegrei|earthquake
29882601|2022-02-09 18:36:57.100000|40.7973|14.1177|2.2|BULLETIN-INGV||||Md|1.3|--|Campi Flegrei|earthquake
29882891|2022-02-09 19:04:18.050000|40.8023|14.1112|2.5|BULLETIN-INGV||||Md|1.8|--|Campi Flegrei|earthquake
29882921|2022-02-09 19:05:43.640000|40.803|14.1107|2.1|BULLETIN-INGV||||ML|1.7|--|Campi Flegrei|earthquake
29882981|2022-02-09 19:12:40.250000|40.8028|14.1117|2.1|BULLETIN-INGV||||Md|1.5|--|Campi Flegrei|earthquake
29965021|2022-02-18 19:37:08.160000|40.8153|14.1462|1.9|BULLETIN-INGV||||Md|1.9|--|Campi Flegrei|earthquake
30137611|2022-03-06 05:14:37.940000|40.837667|14.139|1.5|SURVEY-INGV-OV#SiSmi||||Md|1.1|--|Campi Flegrei|earthquake
30176461|2022-03-11 22:53:37.880000|40.825667|14.1485|1.3|SURVEY-INGV-OV#SiSmi||||Md|1.0|--|Campi Flegrei|earthquake
30185821|2022-03-13 13:58:45.420000|40.8295|14.145833|1.6|SURVEY-INGV-OV#SiSmi||||Md|1.1|--|Campi Flegrei|earthquake
30186471|2022-03-13 15:48:48.500000|40.833667|14.141333|2.6|SURVEY-INGV-OV#SiSmi||||Md|1.4|--|Campi Flegrei|earthquake
30187941|2022-03-13 20:55:19.180000|40.826333|14.1235|1.1|SURVEY-INGV-OV#SiSmi||||Md|1.1|--|Campi Flegrei|earthquake
30188081|2022-03-13 21:02:48.579000|40.829167|14.120333|0.9|SURVEY-INGV-OV#SiSmi||||Md|1.0|--|Campi Flegrei|earthquake
30189451|2022-03-14 05:30:03.930000|40.827667|14.122|2.0|SURVEY-INGV-OV#SiSmi||||Md|1.1|--|Campi Flegrei|earthquake
30205901|2022-03-16 14:14:35.180000|40.8318|14.1368|2.7|BULLETIN-INGV||||ML|2.7|--|Campi Flegrei|earthquake
30206011|2022-03-16 14:31:32.730000|40.8283|14.1377|2.0|BULLETIN-INGV||||Md|1.5|--|Campi Flegrei|earthquake
30206701|2022-03-16 14:39:54.589000|40.8315|14.138333|2.5|SURVEY-INGV-OV#SiSmi||||Md|1.1|--|Campi Flegrei|earthquake
30208241|2022-03-16 20:29:38.410000|40.823|14.09|3.1|SURVEY-INGV-OV#SiSmi||||Md|1.1|--|Campi Flegrei|earthquake
30251131|2022-03-20 20:32:36.769000|40.839333|14.147333|1.4|SURVEY-INGV-OV||||Md|0.5|--|Campi Flegrei|earthquake
30332831|2022-03-27 20:49:52.670000|40.8352|14.1477|2.2|BULLETIN-INGV||||Md|1.3|--|Campi Flegrei|earthquake
30350681|2022-03-29 17:45:32.790000|40.8337|14.149|2.2|BULLETIN-INGV||||Md|3.0|--|Campi Flegrei|earthquake
30352001|2022-03-29 22:06:32.680000|40.827833|14.152833|2.2|SURVEY-INGV-OV#SiSmi||||Md|1.1|--|Campi Flegrei|earthquake
30352101|2022-03-29 23:31:13.289000|40.827167|14.154833|1.3|SURVEY-INGV-OV#SiSmi||||Md|1.1|--|Campi Flegrei|earthquake
30352591|2022-03-30 01:58:43.769000|40.8315|14.123333|2.6|SURVEY-INGV-OV#SiSmi||||Md|1.0|--|Campi Flegrei|earthquake
30387631|2022-04-01 08:36:04.850000|40.8297|14.1173|2.0|BULLETIN-INGV||||Md|1.7|--|Campi Flegrei|earthquake
30432351|2022-04-05 03:37:59.089000|40.825333|14.136167|1.8|SURVEY-INGV-OV#SiSmi||||Md|2.0|--|Campi Flegrei|earthquake
30432271|2022-04-05 03:43:30.030000|40.8238|14.1333|2.1|BULLETIN-INGV||||Md|1.9|--|Campi Flegrei|earthquake
30432501|2022-04-05 04:00:02.769000|40.8285|14.1365|1.5|SURVEY-INGV-OV#SiSmi||||Md|1.1|--|Campi Flegrei|earthquake
30442921|2022-04-06 00:33:19.940000|40.827833|14.138167|1.3|SURVEY-INGV-OV#SiSmi||||Md|1.1|--|Campi Flegrei|earthquake
30450461|2022-04-07 00:16:14.490000|40.823|14.1332|2.1|BULLETIN-INGV||||Md|1.9|--|Campi Flegrei|earthquake
30462441|2022-04-07 17:46:05.039000|40.8335|14.145667|1.8|SURVEY-INGV-OV#SiSmi||||Md|1.3|--|Campi Flegrei|earthquake
30466291|2022-04-07 21:57:51.299000|40.823333|14.143|2.5|SURVEY-INGV-OV#SiSmi||||Md|1.0|--|Campi Flegrei|earthquake
30466161|2022-04-07 21:58:25.980000|40.821|14.143167|0.2|SURVEY-INGV-OV#SiSmi||||Md|1.1|--|Campi Flegrei|earthquake
30466431|2022-04-07 22:07:49.339000|40.820333|14.139|0.3|SURVEY-INGV-OV#SiSmi||||Md|1.1|--|Campi Flegrei|earthquake
30488221|2022-04-08 19:28:52.710000|40.823|14.1257|1.7|BULLETIN-INGV||||Md|1.6|--|Campi Flegrei|earthquake
30579471|2022-04-15 03:11:42.370000|40.8308|14.1183|2.6|BULLETIN-INGV||||ML|1.4|--|Campi Flegrei|earthquake
30671901|2022-04-19 02:05:53.730000|40.8202|14.1328|2.2|BULLETIN-INGV||||ML|2.3|--|Campi Flegrei|earthquake
30842851|2022-04-29 14:17:32.370000|40.8282|14.1358|2.8|BULLETIN-INGV||||Md|1.7|--|Campi Flegrei|earthquake
30862631|2022-05-01 04:36:52.980000|40.825167|14.141333|0.8|SURVEY-INGV-OV#SiSmi||||Md|1.0|--|Campi Flegrei|earthquake
30908141|2022-05-04 03:17:17.720000|40.828167|14.133167|2.7|SURVEY-INGV-OV#SiSmi||||Md|1.1|--|Campi Flegrei|earthquake
30936871|2022-05-06 01:45:11.650000|40.804|14.115667|2.8|SURVEY-INGV-OV#SiSmi||||Md|1.0|--|Campi Flegrei|earthquake
30987691|2022-05-09 10:40:25.609000|40.826167|14.145167|0.8|SURVEY-INGV-OV#SiSmi||||Md|1.2|--|Campi Flegrei|earthquake
30987741|2022-05-09 10:40:52.329000|40.825833|14.144333|0.7|SURVEY-INGV-OV#SiSmi||||Md|1.1|--|Campi Flegrei|earthquake
31050891|2022-05-14 04:25:55.650000|40.839333|14.138|1.4|SURVEY-INGV-OV#SiSmi||||Md|1.2|--|Campi Flegrei|earthquake
31050921|2022-05-14 04:29:34.910000|40.8385|14.140833|1.5|SURVEY-INGV-OV#SiSmi||||Md|1.0|--|Campi Flegrei|earthquake
31162011|2022-05-20 16:40:40.070000|40.8057|14.1033|2.7|BULLETIN-INGV||||Md|2.2|--|Campi Flegrei|earthquake
31211311|2022-05-24 09:04:38.099000|40.823333|14.135833|2.2|SURVEY-INGV-OV#SiSmi||||Md|1.0|--|Campi Flegrei|earthquake
31213781|2022-05-24 11:31:09.630000|40.824167|14.133833|1.6|SURVEY-INGV-OV#SiSmi||||Md|1.1|--|Campi Flegrei|earthquake
31332361|2022-06-02 02:57:04.420000|40.835167|14.1245|2.7|SURVEY-INGV-OV#SiSmi||||Md|1.5|--|Campi Flegrei|earthquake
31337681|2022-06-02 10:43:47.289000|40.834333|14.126167|2.7|SURVEY-INGV-OV#SiSmi||||Md|1.1|--|Campi Flegrei|earthquake
31352001|2022-06-03 13:10:23.460000|40.8238|14.1383|1.8|BULLETIN-INGV||||Md|1.4|--|Campi Flegrei|earthquake
31485151|2022-06-12 04:34:50.839000|40.828333|14.134333|1.5|SURVEY-INGV-OV#SiSmi||||Md|1.3|--|Campi Flegrei|earthquake
31765471|2022-07-03 15:31:32.740000|40.8315|14.137|2.2|SURVEY-INGV-OV#SiSmi||||Md|1.2|--|Campi Flegrei|earthquake
31765421|2022-07-03 15:41:11.390000|40.8315|14.140167|2.7|SURVEY-INGV-OV#SiSmi||||Md|1.3|--|Campi Flegrei|earthquake
32166291|2022-07-30 03:27:48.819000|40.827333|14.144|2.2|SURVEY-INGV-OV#SiSmi||||Md|2.7|--|Campi Flegrei|earthquake
32171951|2022-07-30 13:23:46.480000|40.837833|14.147667|2.0|SURVEY-INGV-OV#SiSmi||||Md|1.5|--|Campi Flegrei|earthquake
32172171|2022-07-30 13:45:07.490000|40.842667|14.142167|1.3|SURVEY-INGV-OV#SiSmi||||Md|1.1|--|Campi Flegrei|earthquake
32191651|2022-08-01 01:02:49.269000|40.8195|14.160167|3.6|SURVEY-INGV-OV#SiSmi||||Md|1.3|--|Campi Flegrei|earthquake
32238931|2022-08-03 23:50:43.660000|40.828|14.148667|2.5|SURVEY-INGV-OV#SiSmi||||Md|1.0|--|Campi Flegrei|earthquake
32238801|2022-08-03 23:51:36.309000|40.8265|14.148667|1.9|SURVEY-INGV-OV#SiSmi||||Md|1.1|--|Campi Flegrei|earthquake
32269481|2022-08-06 02:52:52.750000|40.825833|14.153|1.8|SURVEY-INGV-OV#SiSmi||||Md|1.0|--|Campi Flegrei|earthquake
32389421|2022-08-13 23:13:38.779000|40.826667|14.142333|2.0|SURVEY-INGV-OV#SiSmi||||Md|1.3|--|Campi Flegrei|earthquake
32389481|2022-08-13 23:16:00.180000|40.826833|14.146|1.7|SURVEY-INGV-OV#SiSmi||||Md|1.0|--|Campi Flegrei|earthquake
32389711|2022-08-14 00:01:49.500000|40.825667|14.142333|1.7|SURVEY-INGV-OV#SiSmi||||Md|1.0|--|Campi Flegrei|earthquake
32544261|2022-08-27 08:47:50.750000|40.8315|14.145|1.8|SURVEY-INGV-OV#SiSmi||||Md|1.3|--|Campi Flegrei|earthquake
32674401|2022-09-07 20:35:01.400000|40.825167|14.153167|2.0|SURVEY-INGV-OV#SiSmi||||Md|1.2|--|Campi Flegrei|earthquake
32718721|2022-09-11 23:14:46.049000|40.826|14.139833|0.7|SURVEY-INGV-OV#SiSmi||||Md|1.0|--|Campi Flegrei|earthquake
32739871|2022-09-14 12:04:31.970000|40.828|14.140167|1.5|SURVEY-INGV-OV#SiSmi||||Md|1.1|--|Campi Flegrei|earthquake
33195561|2022-10-27 05:06:27.430000|40.83|14.120333|3.0|SURVEY-INGV-OV#SiSmi||||Md|1.1|--|Campi Flegrei|earthquake
33203521|2022-10-28 03:17:14.260000|40.8165|14.1173|1.8|BULLETIN-INGV||||Md|2.1|--|Campi Flegrei|earthquake
33210761|2022-10-28 22:52:12.690000|40.8125|14.1095|4.1|SURVEY-INGV-OV#SiSmi||||Md|1.8|--|Campi Flegrei|earthquake
33221891|2022-10-30 05:52:39.289000|40.8355|14.127167|2.7|SURVEY-INGV-OV#SiSmi||||Md|1.0|--|Campi Flegrei|earthquake
33225571|2022-10-30 12:25:08.849000|40.838167|14.1315|2.8|SURVEY-INGV-OV#SiSmi||||Md|1.0|--|Campi Flegrei|earthquake
33231051|2022-10-31 01:02:45.060000|40.8188|14.1337|2.1|BULLETIN-INGV||||Md|1.9|--|Campi Flegrei|earthquake
33231841|2022-10-31 05:28:28.549000|40.826167|14.140167|2.0|SURVEY-INGV-OV#SiSmi||||Md|1.0|--|Campi Flegrei|earthquake
33235191|2022-10-31 13:36:32.630000|40.8025|14.1103|2.0|BULLETIN-INGV||||Md|1.8|--|Campi Flegrei|earthquake
33238471|2022-10-31 19:07:32.319000|40.825167|14.141333|1.6|SURVEY-INGV-OV#SiSmi||||Md|1.3|--|Campi Flegrei|earthquake
33271551|2022-11-03 23:03:03.779000|40.8245|14.141667|1.0|SURVEY-INGV-OV#SiSmi||||Md|1.7|--|Campi Flegrei|earthquake
33271761|2022-11-03 23:46:42.589000|40.8265|14.139833|1.0|SURVEY-INGV-OV#SiSmi||||Md|1.0|--|Campi Flegrei|earthquake
33278211|2022-11-04 22:14:28.369000|40.827333|14.137|2.0|SURVEY-INGV-OV#SiSmi||||Md|1.8|--|Campi Flegrei|earthquake
33279651|2022-11-05 11:50:50.289000|40.8315|14.140167|1.1|SURVEY-INGV-OV#SiSmi||||Md|1.0|--|Campi Flegrei|earthquake
33284161|2022-11-06 15:59:23.400000|40.820333|14.136333|0.9|SURVEY-INGV-OV#SiSmi||||Md|1.2|--|Campi Flegrei|earthquake
33361881|2022-11-12 21:37:53.950000|40.8035|14.111|2.1|BULLETIN-INGV||||ML|1.6|--|Campi Flegrei|earthquake
33364771|2022-11-13 06:30:58.560000|40.8312|14.1555|2.4|BULLETIN-INGV||||Md|1.7|--|Campi Flegrei|earthquake
33417391|2022-11-19 01:08:41.730000|40.820833|14.132167|1.2|SURVEY-INGV-OV#SiSmi||||Md|1.1|--|Campi Flegrei|earthquake
33467161|2022-11-23 06:55:29.079000|40.814667|14.156667|2.6|SURVEY-INGV-OV#SiSmi||||Md|1.2|--|Campi Flegrei|earthquake
33524091|2022-11-30 02:34:39.039000|40.831333|14.148833|2.0|SURVEY-INGV-OV#SiSmi||||Md|2.6|--|Campi Flegrei|earthquake
33524111|2022-11-30 02:35:40.410000|40.829833|14.155833|2.8|SURVEY-INGV-OV#SiSmi||||Md|2.3|--|Campi Flegrei|earthquake
33524181|2022-11-30 02:35:53.710000|40.826167|14.148667|1.4|SURVEY-INGV-OV#SiSmi||||Md|2.0|--|Campi Flegrei|earthquake
33524191|2022-11-30 02:36:14.250000|40.8275|14.156|2.1|SURVEY-INGV-OV#SiSmi||||Md|1.8|--|Campi Flegrei|earthquake
33547701|2022-12-03 04:13:40.019000|40.8305|14.146|1.8|SURVEY-INGV-OV#SiSmi||||Md|1.1|--|Campi Flegrei|earthquake
33547621|2022-12-03 04:13:50.599000|40.8315|14.140167|2.0|SURVEY-INGV-OV#SiSmi||||Md|1.7|--|Campi Flegrei|earthquake
33555931|2022-12-04 09:35:45.369000|40.831667|14.133333|3.2|SURVEY-INGV-OV#SiSmi||||Md|1.3|--|Campi Flegrei|earthquake
33555871|2022-12-04 09:41:28.950000|40.828167|14.120333|3.2|SURVEY-INGV-OV#SiSmi||||Md|1.8|--|Campi Flegrei|earthquake
33556781|2022-12-04 11:42:50.960000|40.8213|14.1187|1.7|BULLETIN-INGV||||Md|1.7|--|Campi Flegrei|earthquake
33621521|2022-12-11 01:47:46.480000|40.834167|14.140167|2.1|SURVEY-INGV-OV#SiSmi||||Md|1.0|--|Campi Flegrei|earthquake
33671011|2022-12-17 08:40:52.900000|40.818667|14.139167|2.8|SURVEY-INGV-OV#SiSmi||||Md|1.1|--|Campi Flegrei|earthquake
33682651|2022-12-19 02:57:56.099000|40.833|14.115|4.0|SURVEY-INGV-OV#SiSmi||||Md|1.0|--|Campi Flegrei|earthquake
33685511|2022-12-19 13:22:50.789000|40.823833|14.143167|0.9|SURVEY-INGV-OV#SiSmi||||Md|1.0|--|Campi Flegrei|earthquake
33686281|2022-12-19 16:18:08.849000|40.818833|14.120333|3.7|SURVEY-INGV-OV#SiSmi||||Md|1.2|--|Campi Flegrei|earthquake
33695261|2022-12-20 23:48:22.390000|40.797333|14.137|2.9|SURVEY-INGV-OV#SiSmi||||Md|1.0|--|Campi Flegrei|earthquake
33714811|2022-12-23 16:22:02.790000|40.8247|14.1153|1.1|BULLETIN-INGV||||Md|1.6|--|Campi Flegrei|earthquake
33741271|2022-12-27 12:56:21.540000|40.8185|14.1362|0.4|BULLETIN-INGV||||Md|1.9|--|Campi Flegrei|earthquake
33744361|2022-12-27 20:17:43.180000|40.818333|14.144833|0.4|SURVEY-INGV-OV#SiSmi||||Md|2.1|--|Campi Flegrei|earthquake
33746081|2022-12-28 02:32:34.839000|40.819833|14.143833|0.3|SURVEY-INGV-OV#SiSmi||||Md|2.2|--|Campi Flegrei|earthquake
33745871|2022-12-28 02:35:57.370000|40.8193|14.1445|1.0|BULLETIN-INGV||||Md|2.5|--|Campi Flegrei|earthquake
33746891|2022-12-28 02:37:27.789000|40.821167|14.142667|0.3|SURVEY-INGV-OV#SiSmi||||Md|1.0|--|Campi Flegrei|earthquake
33745931|2022-12-28 03:03:53.000000|40.8188|14.1418|1.2|BULLETIN-INGV||||Md|2.4|--|Campi Flegrei|earthquake
33746331|2022-12-28 03:04:32.519000|40.819667|14.143833|0.2|SURVEY-INGV-OV#SiSmi||||Md|1.2|--|Campi Flegrei|earthquake
33746311|2022-12-28 03:04:57.349000|40.819333|14.146667|0.2|SURVEY-INGV-OV#SiSmi||||Md|1.0|--|Campi Flegrei|earthquake
33746631|2022-12-28 05:18:05.130000|40.824|14.149|1.0|SURVEY-INGV-OV#SiSmi||||Md|1.4|--|Campi Flegrei|earthquake
33746661|2022-12-28 05:46:59.069000|40.8245|14.149167|1.0|SURVEY-INGV-OV#SiSmi||||Md|1.2|--|Campi Flegrei|earthquake
33759701|2022-12-29 12:20:30.670000|40.825167|14.145167|2.8|SURVEY-INGV-OV#SiSmi||||Md|1.4|--|Campi Flegrei|earthquake
33759751|2022-12-29 12:37:50.130000|40.8315|14.148167|2.7|SURVEY-INGV-OV#SiSmi||||Md|1.1|--|Campi Flegrei|earthquake
33780521|2023-01-01 10:05:05.559000|40.820167|14.145667|0.6|SURVEY-INGV-OV#SiSmi||||Md|1.6|--|Campi Flegrei|earthquake
33796441|2023-01-03 13:54:18.300000|40.8263|14.154|1.1|BULLETIN-INGV||||Md|2.2|--|Campi Flegrei|earthquake
33830611|2023-01-08 02:27:45.430000|40.8225|14.152333|1.4|SURVEY-INGV-OV#SiSmi||||Md|1.0|--|Campi Flegrei|earthquake
33854551|2023-01-10 05:14:37.299000|40.816333|14.155333|3.1|SURVEY-INGV-OV#SiSmi||||Md|1.0|--|Campi Flegrei|earthquake
33858191|2023-01-10 13:02:51.759000|40.8275|14.140167|2.9|SURVEY-INGV-OV#SiSmi||||Md|2.0|--|Campi Flegrei|earthquake
33859951|2023-01-10 16:52:51.130000|40.8265|14.142167|2.0|SURVEY-INGV-OV#SiSmi||||Md|1.1|--|Campi Flegrei|earthquake
33860571|2023-01-10 18:28:00.670000|40.8235|14.136167|2.2|SURVEY-INGV-OV#SiSmi||||Md|1.0|--|Campi Flegrei|earthquake
33862891|2023-01-11 01:28:16.819000|40.8315|14.133|1.8|SURVEY-INGV-OV#SiSmi||||Md|1.9|--|Campi Flegrei|earthquake
33862871|2023-01-11 01:32:14.809000|40.829333|14.1385|2.2|SURVEY-INGV-OV#SiSmi||||Md|1.0|--|Campi Flegrei|earthquake
33888811|2023-01-14 23:58:33.170000|40.806333|14.135833|4.0|SURVEY-INGV-OV#SiSmi||||Md|1.3|--|Campi Flegrei|earthquake
33946951|2023-01-19 08:44:29.370000|40.8148|14.1283|2.4|BULLETIN-INGV||||Md|2.1|--|Campi Flegrei|earthquake
34001721|2023-01-29 23:10:57.039000|40.822667|14.139|2.6|SURVEY-INGV-OV#SiSmi||||Md|1.2|--|Campi Flegrei|earthquake
34027761|2023-02-03 08:19:31.869000|40.827167|14.140167|1.4|SURVEY-INGV-OV#SiSmi||||Md|1.1|--|Campi Flegrei|earthquake
34043691|2023-02-05 00:44:59.819000|40.800333|14.108167|4.7|SURVEY-INGV-OV#SiSmi||||Md|1.0|--|Campi Flegrei|earthquake
34043501|2023-02-05 00:45:34.930000|40.8037|14.1057|3.8|BULLETIN-INGV||||ML|2.1|--|Campi Flegrei|earthquake
34102591|2023-02-09 23:52:01.260000|40.8108|14.1408|3.0|BULLETIN-INGV||||Md|1.3|--|Campi Flegrei|earthquake
34102631|2023-02-09 23:52:32.110000|40.8158|14.1583|2.7|BULLETIN-INGV||||Md|1.8|--|Campi Flegrei|earthquake
34103641|2023-02-10 04:22:08.710000|40.8098|14.1443|2.7|BULLETIN-INGV||||Md|1.7|--|Campi Flegrei|earthquake
34106281|2023-02-10 17:16:38.120000|40.815|14.1485|2.9|BULLETIN-INGV||||Md|1.4|--|Campi Flegrei|earthquake
34106541|2023-02-10 18:14:31.680000|40.826|14.1168|1.7|BULLETIN-INGV||||Md|1.9|--|Campi Flegrei|earthquake
34114561|2023-02-12 00:38:33.390000|40.825833|14.116833|2.9|SURVEY-INGV-OV#SiSmi||||Md|1.0|--|Campi Flegrei|earthquake
34126771|2023-02-14 14:12:53.680000|40.823667|14.084333|3.9|SURVEY-INGV-OV#SiSmi||||Md|1.0|--|Campi Flegrei|earthquake
34127291|2023-02-14 19:27:36.789000|40.811|14.099167|3.0|SURVEY-INGV-OV#SiSmi||||Md|1.1|--|Campi Flegrei|earthquake
34129891|2023-02-15 20:07:46.180000|40.806167|14.154333|2.8|SURVEY-INGV-OV#SiSmi||||Md|1.0|--|Campi Flegrei|earthquake
34161741|2023-02-21 00:37:16.320000|40.8187|14.1162|1.2|BULLETIN-INGV||||Md|1.6|--|Campi Flegrei|earthquake
34172651|2023-02-22 07:09:05.180000|40.831333|14.147|1.5|SURVEY-INGV-OV#SiSmi||||Md|1.2|--|Campi Flegrei|earthquake
34216661|2023-02-28 02:27:29.680000|40.829167|14.151|2.5|SURVEY-INGV-OV#SiSmi||||Md|1.4|--|Campi Flegrei|earthquake
34228121|2023-03-02 03:26:11.440000|40.822833|14.120333|1.0|SURVEY-INGV-OV#SiSmi||||Md|1.0|--|Campi Flegrei|earthquake
34228111|2023-03-02 03:34:40.690000|40.822833|14.121333|0.9|SURVEY-INGV-OV#SiSmi||||Md|1.5|--|Campi Flegrei|earthquake
34229931|2023-03-02 12:01:42.259000|40.823|14.136833|1.4|SURVEY-INGV-OV#SiSmi||||Md|1.1|--|Campi Flegrei|earthquake
34232121|2023-03-02 22:30:16.880000|40.820333|14.137167|2.0|SURVEY-INGV-OV#SiSmi||||Md|1.0|--|Campi Flegrei|earthquake
34240361|2023-03-04 13:15:19.640000|40.8257|14.1222|2.9|BULLETIN-INGV||||ML|1.7|--|Campi Flegrei|earthquake
34240791|2023-03-04 13:37:40.289000|40.832333|14.117833|1.8|SURVEY-INGV-OV#SiSmi||||Md|1.7|--|Campi Flegrei|earthquake
34240861|2023-03-04 13:53:58.390000|40.8365|14.1235|2.6|SURVEY-INGV-OV#SiSmi||||Md|2.1|--|Campi Flegrei|earthquake
34241041|2023-03-04 15:00:48.240000|40.8305|14.129833|3.6|SURVEY-INGV-OV#SiSmi||||Md|1.0|--|Campi Flegrei|earthquake
34248401|2023-03-05 23:06:50.039000|40.823667|14.135333|0.6|SURVEY-INGV-OV#SiSmi||||Md|1.3|--|Campi Flegrei|earthquake
34256711|2023-03-06 16:04:10.089000|40.826|14.136167|1.1|SURVEY-INGV-OV#SiSmi||||Md|1.3|--|Campi Flegrei|earthquake
34260931|2023-03-07 09:15:37.200000|40.7992|14.1287|0.7|BULLETIN-INGV||||Md|1.3|--|Campi Flegrei|earthquake
34283031|2023-03-09 02:51:14.960000|40.8217|14.1153|0.7|BULLETIN-INGV||||Md|1.5|--|Campi Flegrei|earthquake
34283141|2023-03-09 03:02:42.420000|40.839833|14.1175|3.1|SURVEY-INGV-OV#SiSmi||||Md|2.2|--|Campi Flegrei|earthquake
34289551|2023-03-09 12:31:34.610000|40.8292|14.1238|1.1|BULLETIN-INGV||||Md|1.3|--|Campi Flegrei|earthquake
34334731|2023-03-12 01:55:11.640000|40.8218|14.1355|2.4|BULLETIN-INGV||||Md|1.9|--|Campi Flegrei|earthquake
34351831|2023-03-13 22:40:53.560000|40.8307|14.1582|1.6|BULLETIN-INGV||||ML|1.9|--|Campi Flegrei|earthquake
34352061|2023-03-13 22:41:22.799000|40.831333|14.139167|1.9|SURVEY-INGV-OV#SiSmi||||Md|1.4|--|Campi Flegrei|earthquake
34356921|2023-03-14 07:53:50.390000|40.825|14.1145|2.6|SURVEY-INGV-OV#SiSmi||||Md|1.1|--|Campi Flegrei|earthquake
34371151|2023-03-15 09:44:23.360000|40.7982|14.1158|1.4|BULLETIN-INGV||||Md|2.0|--|Campi Flegrei|earthquake
34397091|2023-03-17 02:42:10.829000|40.824167|14.142333|0.5|SURVEY-INGV-OV#SiSmi||||Md|1.3|--|Campi Flegrei|earthquake
34410041|2023-03-18 16:16:14.290000|40.8282|14.1477|2.4|BULLETIN-INGV||||Md|1.5|--|Campi Flegrei|earthquake
34410321|2023-03-18 16:21:48.650000|40.832167|14.148167|1.8|SURVEY-INGV-OV#SiSmi||||Md|1.3|--|Campi Flegrei|earthquake
34417321|2023-03-19 17:24:46.480000|40.8295|14.117333|3.4|SURVEY-INGV-OV#SiSmi||||Md|1.4|--|Campi Flegrei|earthquake
34445021|2023-03-23 14:59:44.140000|40.834833|14.120333|2.2|SURVEY-INGV-OV#SiSmi||||Md|1.0|--|Campi Flegrei|earthquake
34448221|2023-03-24 05:24:43.250000|40.824|14.156|1.0|BULLETIN-INGV||||Md|2.4|--|Campi Flegrei|earthquake
34449341|2023-03-24 07:35:45.160000|40.829833|14.139333|1.0|SURVEY-INGV-OV#SiSmi||||Md|1.0|--|Campi Flegrei|earthquake
34449291|2023-03-24 07:36:11.069000|40.829167|14.1405|1.1|SURVEY-INGV-OV#SiSmi||||Md|1.0|--|Campi Flegrei|earthquake
34449351|2023-03-24 07:38:21.119000|40.828333|14.143|1.0|SURVEY-INGV-OV#SiSmi||||Md|1.0|--|Campi Flegrei|earthquake
34452621|2023-03-24 14:35:40.150000|40.8243|14.1407|1.8|BULLETIN-INGV||||Md|1.7|--|Campi Flegrei|earthquake
34454711|2023-03-24 19:41:12.270000|40.8233|14.1502|1.6|BULLETIN-INGV||||Md|1.7|--|Campi Flegrei|earthquake
34454831|2023-03-24 19:42:11.369000|40.831333|14.151667|3.4|SURVEY-INGV-OV#SiSmi||||Md|1.0|--|Campi Flegrei|earthquake
34457701|2023-03-25 07:31:42.070000|40.82|14.1285|2.1|BULLETIN-INGV||||Md|1.6|--|Campi Flegrei|earthquake
34487611|2023-03-27 14:35:45.760000|40.8213|14.126|2.6|BULLETIN-INGV||||Md|2.0|--|Campi Flegrei|earthquake
34494341|2023-03-28 09:38:35.960000|40.8342|14.1185|2.2|BULLETIN-INGV||||Md|1.8|--|Campi Flegrei|earthquake
34494401|2023-03-28 09:42:02.300000|40.8372|14.1233|2.1|BULLETIN-INGV||||Md|1.7|--|Campi Flegrei|earthquake
34495161|2023-03-28 10:22:37.330000|40.8272|14.1112|2.5|BULLETIN-INGV||||Md|1.6|--|Campi Flegrei|earthquake
34496471|2023-03-28 12:17:24.720000|40.834167|14.143833|1.7|SURVEY-INGV-OV#SiSmi||||Md|1.3|--|Campi Flegrei|earthquake
34525921|2023-03-31 13:07:06.539000|40.8265|14.145|1.8|SURVEY-INGV-OV#SiSmi||||Md|1.8|--|Campi Flegrei|earthquake
34525761|2023-03-31 13:08:56.910000|40.825833|14.139667|2.6|SURVEY-INGV-OV#SiSmi||||Md|1.3|--|Campi Flegrei|earthquake
34584611|2023-04-04 14:45:15.410000|40.7852|14.0722|3.0|BULLETIN-INGV||||Md|2.1|--|Campi Flegrei|earthquake
34628561|2023-04-10 03:54:45.110000|40.8323|14.1433|2.0|BULLETIN-INGV||||ML|1.7|--|Campi Flegrei|earthquake
34646191|2023-04-11 11:02:34.460000|40.8015|14.104167|2.6|SURVEY-INGV-OV#SiSmi||||Md|1.3|--|Campi Flegrei|earthquake
34651541|2023-04-11 23:52:42.030000|40.8347|14.1353|2.0|BULLETIN-INGV||||Md|1.6|--|Campi Flegrei|earthquake
34672651|2023-04-13 19:09:03.360000|40.8377|14.1368|1.6|BULLETIN-INGV||||Md|1.6|--|Campi Flegrei|earthquake
34676681|2023-04-14 03:43:23.190000|40.8163|14.1582|2.8|BULLETIN-INGV||||Md|1.4|--|Campi Flegrei|earthquake
34689311|2023-04-15 05:44:15.870000|40.8142|14.1523|2.8|BULLETIN-INGV||||Md|1.8|--|Campi Flegrei|earthquake
34689401|2023-04-15 05:49:24.660000|40.815|14.1568|2.4|BULLETIN-INGV||||Md|1.6|--|Campi Flegrei|earthquake
34689411|2023-04-15 05:50:48.840000|40.8163|14.159|2.2|BULLETIN-INGV||||Md|1.5|--|Campi Flegrei|earthquake
34689461|2023-04-15 05:54:36.480000|40.8133|14.1545|2.9|BULLETIN-INGV||||ML|2.3|--|Campi Flegrei|earthquake
34691571|2023-04-15 11:11:01.960000|40.803|14.1118|2.3|BULLETIN-INGV||||Md|2.0|--|Campi Flegrei|earthquake
34693591|2023-04-15 16:11:46.250000|40.8192|14.1543|2.8|BULLETIN-INGV||||Md|1.2|--|Campi Flegrei|earthquake
34700951|2023-04-16 23:12:43.210000|40.831667|14.1415|1.8|SURVEY-INGV-OV#SiSmi||||Md|1.2|--|Campi Flegrei|earthquake
34703551|2023-04-17 08:50:48.640000|40.8318|14.1408|2.0|BULLETIN-INGV||||Md|1.3|--|Campi Flegrei|earthquake
34708971|2023-04-17 23:59:45.890000|40.8007|14.1167|1.9|BULLETIN-INGV||||ML|1.3|--|Campi Flegrei|earthquake
34709081|2023-04-18 00:00:03.359000|40.801833|14.1125|4.6|SURVEY-INGV-OV#SiSmi||||Md|2.0|--|Campi Flegrei|earthquake
34709021|2023-04-18 00:03:25.510000|40.8208|14.1108|2.0|BULLETIN-INGV||||ML|1.3|--|Campi Flegrei|earthquake
34709111|2023-04-18 00:21:31.769000|40.802667|14.118167|3.7|SURVEY-INGV-OV#SiSmi||||Md|1.5|--|Campi Flegrei|earthquake
34728631|2023-04-19 18:00:46.299000|40.829333|14.144833|2.3|SURVEY-INGV-OV#SiSmi||||Md|1.1|--|Campi Flegrei|earthquake
34728641|2023-04-19 18:01:06.740000|40.822333|14.140667|1.6|SURVEY-INGV-OV#SiSmi||||Md|1.2|--|Campi Flegrei|earthquake
34728831|2023-04-19 18:03:00.470000|40.826|14.141667|1.8|SURVEY-INGV-OV#SiSmi||||Md|1.0|--|Campi Flegrei|earthquake
34741241|2023-04-21 03:11:42.770000|40.8145|14.1137|2.4|BULLETIN-INGV||||Md|2.3|--|Campi Flegrei|earthquake
34746171|2023-04-21 13:24:16.170000|40.834833|14.111667|3.4|SURVEY-INGV-OV#SiSmi||||Md|1.1|--|Campi Flegrei|earthquake
34750691|2023-04-22 03:24:34.710000|40.8142|14.0928|3.1|BULLETIN-INGV||||Md|2.1|--|Campi Flegrei|earthquake
34755701|2023-04-22 13:21:36.610000|40.8198|14.1425|0.6|BULLETIN-INGV||||Md|1.7|--|Campi Flegrei|earthquake
34760611|2023-04-23 00:35:20.270000|40.8173|14.1408|1.6|BULLETIN-INGV||||Md|2.5|--|Campi Flegrei|earthquake
34765451|2023-04-23 10:14:42.930000|40.821667|14.142333|0.9|SURVEY-INGV-OV#SiSmi||||Md|1.0|--|Campi Flegrei|earthquake
34793131|2023-04-24 21:30:44.920000|40.825333|14.150167|1.3|SURVEY-INGV-OV#SiSmi||||Md|1.1|--|Campi Flegrei|earthquake
34805911|2023-04-26 02:37:07.279000|40.831333|14.151667|3.9|SURVEY-INGV-OV#SiSmi||||Md|1.2|--|Campi Flegrei|earthquake
34806151|2023-04-26 02:58:42.519000|40.827667|14.155667|3.0|SURVEY-INGV-OV#SiSmi||||Md|1.0|--|Campi Flegrei|earthquake
34805961|2023-04-26 03:03:18.530000|40.8208|14.1468|2.8|BULLETIN-INGV||||Md|2.1|--|Campi Flegrei|earthquake
34805991|2023-04-26 03:05:34.210000|40.8243|14.1493|2.6|BULLETIN-INGV||||Md|1.8|--|Campi Flegrei|earthquake
34848621|2023-04-30 07:51:50.430000|40.8085|14.1062|2.4|BULLETIN-INGV||||Md|1.5|--|Campi Flegrei|earthquake
34856811|2023-05-01 04:02:01.250000|40.8308|14.1353|2.1|BULLETIN-INGV||||Md|1.2|--|Campi Flegrei|earthquake
34861851|2023-05-01 15:27:08.900000|40.8325|14.113667|2.8|SURVEY-INGV-OV#SiSmi||||Md|1.2|--|Campi Flegrei|earthquake
34869741|2023-05-03 03:08:37.579000|40.805833|14.151167|2.8|SURVEY-INGV-OV#SiSmi||||Md|1.0|--|Campi Flegrei|earthquake
34896641|2023-05-05 17:41:05.309000|40.806|14.104333|3.9|SURVEY-INGV-OV#SiSmi||||Md|1.6|--|Campi Flegrei|earthquake
34905701|2023-05-06 16:18:08.180000|40.8222|14.1317|1.8|BULLETIN-INGV||||Md|1.5|--|Campi Flegrei|earthquake
34913841|2023-05-07 11:45:34.490000|40.8313|14.1382|1.3|BULLETIN-INGV||||Md|1.2|--|Campi Flegrei|earthquake
34919151|2023-05-08 02:28:34.660000|40.8317|14.1358|2.7|BULLETIN-INGV||||ML|2.3|--|Campi Flegrei|earthquake
34919361|2023-05-08 02:33:03.720000|40.829167|14.141667|2.2|SURVEY-INGV-OV#SiSmi||||Md|1.0|--|Campi Flegrei|earthquake
34928001|2023-05-08 22:33:16.950000|40.8292|14.1477|2.1|BULLETIN-INGV||||ML|1.7|--|Campi Flegrei|earthquake
34928891|2023-05-08 22:33:51.319000|40.825833|14.136|1.4|SURVEY-INGV-OV#SiSmi||||Md|1.5|--|Campi Flegrei|earthquake
34928031|2023-05-08 22:35:43.340000|40.8227|14.1333|2.1|BULLETIN-INGV||||Md|1.7|--|Campi Flegrei|earthquake
34928281|2023-05-08 22:38:26.069000|40.824|14.136333|1.8|SURVEY-INGV-OV#SiSmi||||Md|1.6|--|Campi Flegrei|earthquake
34932111|2023-05-09 08:41:01.430000|40.8205|14.1397|1.9|BULLETIN-INGV||||Md|1.6|--|Campi Flegrei|earthquake
34962131|2023-05-12 11:05:56.740000|40.8255|14.1385|1.3|BULLETIN-INGV||||Md|1.4|--|Campi Flegrei|earthquake
34971711|2023-05-13 09:07:38.760000|40.8378|14.125|1.9|BULLETIN-INGV||||Md|1.0|--|Campi Flegrei|earthquake
34977941|2023-05-14 04:24:20.450000|40.833167|14.129833|2.9|SURVEY-INGV-OV#SiSmi||||Md|1.0|--|Campi Flegrei|earthquake
34982661|2023-05-14 20:35:28.440000|40.8098|14.0987|2.6|BULLETIN-INGV||||Md|1.8|--|Campi Flegrei|earthquake
34989861|2023-05-15 17:46:24.579000|40.826667|14.140167|0.8|SURVEY-INGV-OV#SiSmi||||Md|1.0|--|Campi Flegrei|earthquake
34991271|2023-05-15 21:44:06.530000|40.8275|14.127|2.4|BULLETIN-INGV||||Md|1.4|--|Campi Flegrei|earthquake
35006491|2023-05-18 11:38:03.940000|40.8008|14.1082|2.1|BULLETIN-INGV||||Md|1.8|--|Campi Flegrei|earthquake
35009791|2023-05-18 16:40:24.589000|40.8115|14.153|2.8|SURVEY-INGV-OV#SiSmi||||Md|1.0|--|Campi Flegrei|earthquake
35037081|2023-05-21 19:16:38.940000|40.8147|14.123|2.0|BULLETIN-INGV||||Md|1.8|--|Campi Flegrei|earthquake
35045631|2023-05-22 17:15:23.680000|40.825833|14.145333|1.5|SURVEY-INGV-OV#SiSmi||||Md|1.1|--|Campi Flegrei|earthquake
35051681|2023-05-23 10:54:32.730000|40.8208|14.1258|2.1|BULLETIN-INGV||||Md|1.2|--|Campi Flegrei|earthquake
35074711|2023-05-25 03:37:24.609000|40.801|14.107667|2.5|SURVEY-INGV-OV#SiSmi||||Md|1.2|--|Campi Flegrei|earthquake
35077091|2023-05-25 08:57:13.380000|40.819|14.1133|2.3|BULLETIN-INGV||||Md|1.9|--|Campi Flegrei|earthquake
35077151|2023-05-25 09:03:41.080000|40.8208|14.1143|2.4|BULLETIN-INGV||||Md|1.8|--|Campi Flegrei|earthquake
35080581|2023-05-25 14:24:05.370000|40.829|14.1167|2.4|BULLETIN-INGV||||Md|1.9|--|Campi Flegrei|earthquake
35094791|2023-05-26 23:09:59.109000|40.832667|14.1285|2.8|SURVEY-INGV-OV#SiSmi||||Md|1.2|--|Campi Flegrei|earthquake
35094971|2023-05-26 23:33:16.150000|40.826667|14.138|2.8|SURVEY-INGV-OV#SiSmi||||Md|1.5|--|Campi Flegrei|earthquake
35094991|2023-05-26 23:45:37.160000|40.830167|14.137667|2.8|SURVEY-INGV-OV#SiSmi||||Md|1.3|--|Campi Flegrei|earthquake
35100991|2023-05-27 12:20:26.720000|40.833333|14.131|2.9|SURVEY-INGV-OV#SiSmi||||Md|1.0|--|Campi Flegrei|earthquake
35117561|2023-05-28 20:54:57.000000|40.834|14.148333|2.4|SURVEY-INGV-OV#SiSmi||||Md|1.6|--|Campi Flegrei|earthquake
35119061|2023-05-29 03:02:27.000000|40.802333|14.117|4.8|SURVEY-INGV-OV#SiSmi||||Md|1.2|--|Campi Flegrei|earthquake
35120521|2023-05-29 06:29:53.519000|40.8265|14.143667|1.4|SURVEY-INGV-OV#SiSmi||||Md|1.1|--|Campi Flegrei|earthquake
35173261|2023-06-02 09:43:54.260000|40.8275|14.1388|2.4|BULLETIN-INGV||||Md|2.1|--|Campi Flegrei|earthquake
35173761|2023-06-02 09:44:34.190000|40.824833|14.144667|1.5|SURVEY-INGV-OV#SiSmi||||Md|1.8|--|Campi Flegrei|earthquake
35174131|2023-06-02 10:10:26.269000|40.822167|14.144333|1.9|SURVEY-INGV-OV#SiSmi||||Md|1.0|--|Campi Flegrei|earthquake
35210301|2023-06-04 14:15:23.980000|40.8022|14.1172|1.5|BULLETIN-INGV||||Md|1.9|--|Campi Flegrei|earthquake
35210761|2023-06-04 14:27:32.109000|40.816333|14.133167|2.4|SURVEY-INGV-OV#SiSmi||||Md|1.0|--|Campi Flegrei|earthquake
35228071|2023-06-06 03:03:24.490000|40.826333|14.148|0.9|SURVEY-INGV-OV#SiSmi||||Md|1.0|--|Campi Flegrei|earthquake
35236011|2023-06-07 00:40:11.589000|40.825667|14.14|0.8|SURVEY-INGV-OV#SiSmi||||Md|1.1|--|Campi Flegrei|earthquake
35259481|2023-06-09 02:58:28.640000|40.809833|14.157167|3.0|SURVEY-INGV-OV#SiSmi||||Md|1.1|--|Campi Flegrei|earthquake
35260001|2023-06-09 05:13:23.309000|40.809|14.155167|2.9|SURVEY-INGV-OV#SiSmi||||Md|1.0|--|Campi Flegrei|earthquake
35277861|2023-06-11 06:17:39.670000|40.8257|14.1545|2.5|BULLETIN-INGV||||Md|1.9|--|Campi Flegrei|earthquake
35278141|2023-06-11 06:44:25.530000|40.8313|14.113|2.0|BULLETIN-INGV||||ML|2.4|--|Campi Flegrei|earthquake
35279011|2023-06-11 08:50:33.140000|40.8175|14.1117|2.4|BULLETIN-INGV||||Md|1.8|--|Campi Flegrei|earthquake
35284851|2023-06-11 23:19:37.119000|40.8315|14.139|4.8|SURVEY-INGV-OV#SiSmi||||Md|1.3|--|Campi Flegrei|earthquake
35285881|2023-06-12 04:55:39.859000|40.802167|14.140833|3.2|SURVEY-INGV-OV#SiSmi||||Md|1.2|--|Campi Flegrei|earthquake
35291651|2023-06-12 14:33:55.170000|40.8315|14.134333|2.3|SURVEY-INGV-OV#SiSmi||||Md|1.3|--|Campi Flegrei|earthquake
35294581|2023-06-13 00:35:57.039000|40.833|14.133|2.8|SURVEY-INGV-OV#SiSmi||||Md|1.2|--|Campi Flegrei|earthquake
35310301|2023-06-14 12:58:12.600000|40.8323|14.1237|2.5|BULLETIN-INGV||||Md|1.9|--|Campi Flegrei|earthquake
35310601|2023-06-14 13:01:37.569000|40.835667|14.125167|2.4|SURVEY-INGV-OV#SiSmi||||Md|1.0|--|Campi Flegrei|earthquake
35311521|2023-06-14 15:04:20.299000|40.827667|14.151667|2.2|SURVEY-INGV-OV#SiSmi||||Md|1.0|--|Campi Flegrei|earthquake
35311641|2023-06-14 15:19:53.710000|40.824333|14.1455|0.9|SURVEY-INGV-OV#SiSmi||||Md|1.1|--|Campi Flegrei|earthquake
35312721|2023-06-14 23:18:54.360000|40.8348|14.1223|2.0|BULLETIN-INGV||||Md|1.5|--|Campi Flegrei|earthquake
35316631|2023-06-15 14:31:12.309000|40.831333|14.139667|2.8|SURVEY-INGV-OV#SiSmi||||Md|1.3|--|Campi Flegrei|earthquake
35317001|2023-06-15 15:38:27.140000|40.8298|14.1335|2.2|BULLETIN-INGV||||Md|1.5|--|Campi Flegrei|earthquake
35317061|2023-06-15 15:39:40.120000|40.8268|14.1412|2.2|BULLETIN-INGV||||ML|2.0|--|Campi Flegrei|earthquake
35317431|2023-06-15 15:41:33.279000|40.827667|14.146|1.6|SURVEY-INGV-OV#SiSmi||||Md|1.2|--|Campi Flegrei|earthquake
35324471|2023-06-16 12:59:22.880000|40.802|14.0992|3.1|BULLETIN-INGV||||Md|2.3|--|Campi Flegrei|earthquake
35335891|2023-06-18 02:32:48.769000|40.831333|14.1415|2.9|SURVEY-INGV-OV#SiSmi||||Md|1.0|--|Campi Flegrei|earthquake
35339531|2023-06-18 12:46:10.470000|40.817|14.1548|2.9|BULLETIN-INGV||||Md|2.0|--|Campi Flegrei|earthquake
35342901|2023-06-19 02:41:06.820000|40.8213|14.138|2.7|BULLETIN-INGV||||Md|1.9|--|Campi Flegrei|earthquake
35357401|2023-06-21 08:08:35.200000|40.8435|14.1297|1.2|BULLETIN-INGV||||Md|1.6|--|Campi Flegrei|earthquake
35361681|2023-06-21 20:29:56.339000|40.826167|14.139333|0.9|SURVEY-INGV-OV#SiSmi||||Md|1.0|--|Campi Flegrei|earthquake
35362901|2023-06-22 01:30:54.870000|40.7982|14.1062|3.1|BULLETIN-INGV||||Md|1.7|--|Campi Flegrei|earthquake
35369351|2023-06-22 23:44:40.810000|40.7952|14.1148|2.5|BULLETIN-INGV||||Md|2.1|--|Campi Flegrei|earthquake
35369681|2023-06-23 01:20:27.250000|40.8|14.1105|2.3|BULLETIN-INGV||||Md|1.9|--|Campi Flegrei|earthquake
35397911|2023-06-26 22:27:43.259000|40.8255|14.149167|1.4|SURVEY-INGV-OV#SiSmi||||Md|1.2|--|Campi Flegrei|earthquake
35418771|2023-06-30 02:27:34.840000|40.8257|14.1422|2.3|BULLETIN-INGV||||Md|1.8|--|Campi Flegrei|earthquake
35427581|2023-06-30 13:10:03.160000|40.831333|14.149833|2.7|SURVEY-INGV-OV#SiSmi||||Md|1.2|--|Campi Flegrei|earthquake
35427981|2023-06-30 13:17:10.430000|40.829167|14.143833|1.9|SURVEY-INGV-OV#SiSmi||||Md|1.9|--|Campi Flegrei|earthquake
35573031|2023-07-16 05:59:49.190000|40.8242|14.1353|2.1|BULLETIN-INGV||||Md|1.8|--|Campi Flegrei|earthquake
35594321|2023-07-18 22:25:39.320000|40.8297|14.1413|1.9|BULLETIN-INGV||||Md|1.6|--|Campi Flegrei|earthquake
35604041|2023-07-20 07:54:30.819000|40.827667|14.142333|0.1|SURVEY-INGV-OV#SiSmi||||Md|1.3|--|Campi Flegrei|earthquake
35650261|2023-07-25 18:03:25.840000|40.8283|14.1327|2.2|BULLETIN-INGV||||Md|1.6|--|Campi Flegrei|earthquake
35651031|2023-07-25 20:32:01.380000|40.827833|14.139|1.7|SURVEY-INGV-OV#SiSmi||||Md|1.2|--|Campi Flegrei|earthquake
35659161|2023-07-26 18:27:42.759000|40.832333|14.124333|2.6|SURVEY-INGV-OV#SiSmi||||Md|1.2|--|Campi Flegrei|earthquake
35662961|2023-07-27 08:52:26.430000|40.827|14.139833|0.7|SURVEY-INGV-OV#SiSmi||||Md|1.1|--|Campi Flegrei|earthquake
35688701|2023-07-30 03:23:21.000000|40.826|14.114667|1.5|SURVEY-INGV-OV#SiSmi||||Md|1.0|--|Campi Flegrei|earthquake
35722811|2023-08-02 14:07:46.029000|40.803333|14.110167|2.9|SURVEY-INGV-OV#SiSmi||||Md|1.0|--|Campi Flegrei|earthquake
35736151|2023-08-03 23:48:37.970000|40.798833|14.113333|2.3|SURVEY-INGV-OV#SiSmi||||Md|1.2|--|Campi Flegrei|earthquake
35736161|2023-08-04 00:08:34.849000|40.814333|14.114|3.2|SURVEY-INGV-OV#SiSmi||||Md|1.1|--|Campi Flegrei|earthquake
35736521|2023-08-04 02:20:35.700000|40.8235|14.135667|1.7|SURVEY-INGV-OV#SiSmi||||Md|1.0|--|Campi Flegrei|earthquake
35748971|2023-08-05 09:57:43.670000|40.803|14.1053|3.8|BULLETIN-INGV||||Md|1.9|--|Campi Flegrei|earthquake
35755601|2023-08-06 08:45:20.109000|40.8315|14.136333|2.4|SURVEY-INGV-OV#SiSmi||||Md|1.1|--|Campi Flegrei|earthquake
35758011|2023-08-06 14:02:52.680000|40.8243|14.1307|2.2|BULLETIN-INGV||||Md|1.6|--|Campi Flegrei|earthquake
35766761|2023-08-07 22:09:50.770000|40.8247|14.1357|2.5|BULLETIN-INGV||||Md|1.5|--|Campi Flegrei|earthquake
35776931|2023-08-09 05:26:35.220000|40.8245|14.119|2.5|BULLETIN-INGV||||Md|1.7|--|Campi Flegrei|earthquake
35783841|2023-08-10 00:51:27.280000|40.8102|14.0957|2.9|BULLETIN-INGV||||Md|2.0|--|Campi Flegrei|earthquake
35802191|2023-08-12 01:10:26.680000|40.7977|14.114|1.7|BULLETIN-INGV||||Md|1.6|--|Campi Flegrei|earthquake
35808151|2023-08-12 14:00:02.090000|40.7987|14.1117|1.9|BULLETIN-INGV||||Md|1.8|--|Campi Flegrei|earthquake
35809101|2023-08-12 15:52:41.800000|40.7953|14.1162|1.3|BULLETIN-INGV||||Md|1.5|--|Campi Flegrei|earthquake
35810991|2023-08-12 18:36:42.200000|40.821667|14.139167|1.0|SURVEY-INGV-OV#SiSmi||||Md|1.3|--|Campi Flegrei|earthquake
35811951|2023-08-12 21:45:32.320000|40.8198|14.1393|1.8|BULLETIN-INGV||||Md|1.6|--|Campi Flegrei|earthquake
35812921|2023-08-13 02:17:17.329000|40.821667|14.137167|0.9|SURVEY-INGV-OV#SiSmi||||Md|1.1|--|Campi Flegrei|earthquake
35819811|2023-08-13 16:40:32.750000|40.829167|14.140167|1.6|SURVEY-INGV-OV#SiSmi||||Md|1.1|--|Campi Flegrei|earthquake
35823681|2023-08-14 03:18:49.910000|40.8152|14.1595|2.7|BULLETIN-INGV||||Md|1.9|--|Campi Flegrei|earthquake
35827711|2023-08-14 13:03:17.830000|40.8333|14.1333|2.7|BULLETIN-INGV||||Md|1.9|--|Campi Flegrei|earthquake
35827991|2023-08-14 13:16:50.740000|40.832667|14.136333|1.7|SURVEY-INGV-OV#SiSmi||||Md|1.0|--|Campi Flegrei|earthquake
35832811|2023-08-14 22:46:51.000000|40.8148|14.1103|2.6|BULLETIN-INGV||||Md|2.4|--|Campi Flegrei|earthquake
35833701|2023-08-15 01:56:12.900000|40.8203|14.1073|2.5|BULLETIN-INGV||||Md|1.9|--|Campi Flegrei|earthquake
35839171|2023-08-15 11:44:01.789000|40.826833|14.140167|1.7|SURVEY-INGV-OV#SiSmi||||Md|1.0|--|Campi Flegrei|earthquake
35839501|2023-08-15 12:25:10.559000|40.821667|14.138167|0.7|SURVEY-INGV-OV#SiSmi||||Md|1.0|--|Campi Flegrei|earthquake
35841391|2023-08-15 14:44:26.579000|40.836333|14.135667|1.7|SURVEY-INGV-OV#SiSmi||||Md|1.1|--|Campi Flegrei|earthquake
35845301|2023-08-15 22:18:35.549000|40.822667|14.150833|2.1|SURVEY-INGV-OV#SiSmi||||Md|1.1|--|Campi Flegrei|earthquake
35845331|2023-08-15 22:19:04.849000|40.823833|14.149|2.3|SURVEY-INGV-OV#SiSmi||||Md|1.2|--|Campi Flegrei|earthquake
35845501|2023-08-15 22:24:57.569000|40.832333|14.122|2.8|SURVEY-INGV-OV#SiSmi||||Md|1.1|--|Campi Flegrei|earthquake
35845371|2023-08-15 22:37:36.860000|40.8305|14.1315|1.9|BULLETIN-INGV||||Md|1.5|--|Campi Flegrei|earthquake
35847301|2023-08-16 02:15:24.849000|40.824167|14.14|0.7|SURVEY-INGV-OV#SiSmi||||Md|1.0|--|Campi Flegrei|earthquake
35846651|2023-08-16 02:48:38.180000|40.823667|14.141167|0.7|SURVEY-INGV-OV#SiSmi||||Md|1.2|--|Campi Flegrei|earthquake
35848701|2023-08-16 08:22:06.830000|40.8212|14.1133|2.3|BULLETIN-INGV||||Md|1.9|--|Campi Flegrei|earthquake
35849061|2023-08-16 08:23:00.029000|40.825|14.113|2.9|SURVEY-INGV-OV#SiSmi||||Md|1.2|--|Campi Flegrei|earthquake
35848851|2023-08-16 08:27:08.910000|40.8202|14.1127|2.3|BULLETIN-INGV||||Md|2.0|--|Campi Flegrei|earthquake
35848821|2023-08-16 08:27:41.350000|40.8183|14.1157|2.5|BULLETIN-INGV||||Md|1.3|--|Campi Flegrei|earthquake
35853151|2023-08-16 13:15:27.670000|40.8245|14.119667|1.8|SURVEY-INGV-OV#SiSmi||||Md|1.1|--|Campi Flegrei|earthquake
35860601|2023-08-17 03:59:57.140000|40.820333|14.142833|0.6|SURVEY-INGV-OV#SiSmi||||Md|2.4|--|Campi Flegrei|earthquake
35864341|2023-08-17 11:40:45.809000|40.8315|14.146|2.1|SURVEY-INGV-OV#SiSmi||||Md|1.2|--|Campi Flegrei|earthquake
35870031|2023-08-17 23:57:47.320000|40.8192|14.1448|1.3|BULLETIN-INGV||||Md|2.1|--|Campi Flegrei|earthquake
35870161|2023-08-17 23:58:19.059000|40.819667|14.146833|0.2|SURVEY-INGV-OV#SiSmi||||Md|2.0|--|Campi Flegrei|earthquake
35870211|2023-08-17 23:58:51.420000|40.826667|14.1505|0.8|SURVEY-INGV-OV#SiSmi||||Md|1.6|--|Campi Flegrei|earthquake
35870241|2023-08-17 23:59:23.319000|40.823833|14.143667|0.6|SURVEY-INGV-OV#SiSmi||||Md|1.2|--|Campi Flegrei|earthquake
35870251|2023-08-17 23:59:50.069000|40.82|14.141167|0.3|SURVEY-INGV-OV#SiSmi||||Md|1.2|--|Campi Flegrei|earthquake
35870301|2023-08-18 00:00:24.089000|40.819333|14.1455|0.5|SURVEY-INGV-OV#SiSmi||||Md|1.5|--|Campi Flegrei|earthquake
35870061|2023-08-18 00:01:28.130000|40.8195|14.1448|1.2|BULLETIN-INGV||||Md|2.1|--|Campi Flegrei|earthquake
35870551|2023-08-18 02:11:49.550000|40.8225|14.1472|2.4|BULLETIN-INGV||||Md|1.8|--|Campi Flegrei|earthquake
35870871|2023-08-18 03:10:42.690000|40.819167|14.140667|0.3|SURVEY-INGV-OV#SiSmi||||Md|1.1|--|Campi Flegrei|earthquake
35872621|2023-08-18 03:25:13.039000|40.8155|14.136333|0.3|SURVEY-INGV-OV#SiSmi||||Md|1.6|--|Campi Flegrei|earthquake
35870931|2023-08-18 03:31:26.600000|40.8193|14.1452|2.3|BULLETIN-INGV||||Md|1.7|--|Campi Flegrei|earthquake
35872791|2023-08-18 03:43:54.930000|40.825667|14.151667|0.9|SURVEY-INGV-OV#SiSmi||||Md|1.3|--|Campi Flegrei|earthquake
35873181|2023-08-18 03:44:00.549000|40.825667|14.148333|1.4|SURVEY-INGV-OV#SiSmi||||Md|1.0|--|Campi Flegrei|earthquake
35873041|2023-08-18 03:47:05.460000|40.825167|14.1485|1.8|SURVEY-INGV-OV#SiSmi||||Md|1.1|--|Campi Flegrei|earthquake
35874311|2023-08-18 03:52:13.369000|40.822167|14.149|1.0|SURVEY-INGV-OV#SiSmi||||Md|1.1|--|Campi Flegrei|earthquake
35871171|2023-08-18 04:08:02.520000|40.8295|14.1437|1.5|BULLETIN-INGV||||Md|1.4|--|Campi Flegrei|earthquake
35871201|2023-08-18 04:09:59.300000|40.8257|14.1522|1.7|BULLETIN-INGV||||ML|2.3|--|Campi Flegrei|earthquake
35871241|2023-08-18 04:10:29.740000|40.8207|14.1472|2.6|BULLETIN-INGV||||Md|2.1|--|Campi Flegrei|earthquake
35871271|2023-08-18 04:14:14.420000|40.8225|14.1468|2.0|BULLETIN-INGV||||Md|1.9|--|Campi Flegrei|earthquake
35871321|2023-08-18 04:14:49.270000|40.8247|14.1475|1.8|BULLETIN-INGV||||Md|1.6|--|Campi Flegrei|earthquake
35871351|2023-08-18 04:18:06.240000|40.8327|14.1392|0.8|BULLETIN-INGV||||ML|2.8|--|Campi Flegrei|earthquake
35872481|2023-08-18 04:20:02.089000|40.83|14.140833|2.0|SURVEY-INGV-OV#SiSmi||||Md|1.1|--|Campi Flegrei|earthquake
35872491|2023-08-18 04:20:10.930000|40.829167|14.1405|1.4|SURVEY-INGV-OV#SiSmi||||Md|1.1|--|Campi Flegrei|earthquake
35872511|2023-08-18 04:20:22.000000|40.829833|14.1465|1.4|SURVEY-INGV-OV#SiSmi||||Md|1.1|--|Campi Flegrei|earthquake
35872541|2023-08-18 04:21:26.440000|40.8295|14.140167|1.4|SURVEY-INGV-OV#SiSmi||||Md|1.3|--|Campi Flegrei|earthquake
35871461|2023-08-18 04:22:49.660000|40.8258|14.1475|2.0|BULLETIN-INGV||||ML|2.3|--|Campi Flegrei|earthquake
35871831|2023-08-18 04:56:53.850000|40.8222|14.149|2.4|BULLETIN-INGV||||ML|1.7|--|Campi Flegrei|earthquake
35872341|2023-08-18 05:02:05.859000|40.826333|14.147|1.2|SURVEY-INGV-OV#SiSmi||||Md|1.1|--|Campi Flegrei|earthquake
35871901|2023-08-18 05:12:51.740000|40.8253|14.1418|2.1|BULLETIN-INGV||||Md|2.1|--|Campi Flegrei|earthquake
35871921|2023-08-18 05:15:10.090000|40.8198|14.1413|1.0|BULLETIN-INGV||||Md|1.7|--|Campi Flegrei|earthquake
35874891|2023-08-18 05:18:03.210000|40.8275|14.140167|1.2|SURVEY-INGV-OV#SiSmi||||Md|1.6|--|Campi Flegrei|earthquake
35872811|2023-08-18 05:23:06.170000|40.822833|14.135|1.5|SURVEY-INGV-OV#SiSmi||||Md|1.8|--|Campi Flegrei|earthquake
35874711|2023-08-18 05:38:36.150000|40.8315|14.146167|2.9|SURVEY-INGV-OV#SiSmi||||Md|1.0|--|Campi Flegrei|earthquake
35873751|2023-08-18 07:58:53.360000|40.8253|14.1447|2.0|BULLETIN-INGV||||Md|1.6|--|Campi Flegrei|earthquake
35882561|2023-08-19 03:00:41.780000|40.8032|14.1067|2.1|BULLETIN-INGV||||Md|2.2|--|Campi Flegrei|earthquake
35884341|2023-08-19 07:48:30.650000|40.7995|14.1102|2.3|BULLETIN-INGV||||Md|1.8|--|Campi Flegrei|earthquake
35884651|2023-08-19 08:27:18.320000|40.7998|14.1268|1.8|BULLETIN-INGV||||Md|1.7|--|Campi Flegrei|earthquake
35899641|2023-08-20 19:58:07.860000|40.8142|14.1133|2.7|BULLETIN-INGV||||Md|2.2|--|Campi Flegrei|earthquake
35901001|2023-08-21 02:48:23.320000|40.8153|14.1218|2.9|BULLETIN-INGV||||Md|1.9|--|Campi Flegrei|earthquake
35900971|2023-08-21 02:48:59.120000|40.8355|14.1212|1.7|BULLETIN-INGV||||ML|1.9|--|Campi Flegrei|earthquake
35901071|2023-08-21 02:52:40.810000|40.8307|14.1198|2.1|BULLETIN-INGV||||Md|1.6|--|Campi Flegrei|earthquake
35901351|2023-08-21 03:08:03.759000|40.828833|14.127167|2.7|SURVEY-INGV-OV#SiSmi||||Md|1.0|--|Campi Flegrei|earthquake
35901361|2023-08-21 03:09:45.670000|40.835333|14.126333|3.0|SURVEY-INGV-OV#SiSmi||||Md|1.0|--|Campi Flegrei|earthquake
35901371|2023-08-21 03:40:53.190000|40.8335|14.122667|2.9|SURVEY-INGV-OV#SiSmi||||Md|1.3|--|Campi Flegrei|earthquake
35902351|2023-08-21 07:00:34.620000|40.8185|14.1165|2.4|BULLETIN-INGV||||Md|1.9|--|Campi Flegrei|earthquake
35913401|2023-08-22 09:39:27.240000|40.8228|14.1268|2.2|BULLETIN-INGV||||Md|1.2|--|Campi Flegrei|earthquake
35913551|2023-08-22 09:47:21.780000|40.8202|14.1303|2.1|BULLETIN-INGV||||Md|1.3|--|Campi Flegrei|earthquake
35927431|2023-08-23 16:30:14.160000|40.8315|14.1302|2.6|BULLETIN-INGV||||Md|1.6|--|Campi Flegrei|earthquake
35930351|2023-08-24 01:48:10.609000|40.826833|14.153833|1.3|SURVEY-INGV-OV#SiSmi||||Md|1.4|--|Campi Flegrei|earthquake
35939831|2023-08-25 01:24:08.820000|40.8158|14.1248|2.7|BULLETIN-INGV||||Md|1.8|--|Campi Flegrei|earthquake
35947721|2023-08-25 23:35:11.329000|40.8315|14.127667|2.6|SURVEY-INGV-OV#SiSmi||||Md|1.0|--|Campi Flegrei|earthquake
35963041|2023-08-27 21:14:22.880000|40.7995|14.1142|2.3|BULLETIN-INGV||||ML|1.6|--|Campi Flegrei|earthquake
35963171|2023-08-27 21:26:56.220000|40.806|14.111|4.2|SURVEY-INGV-OV#SiSmi||||Md|1.8|--|Campi Flegrei|earthquake
35964611|2023-08-28 02:05:16.850000|40.7968|14.117|2.7|BULLETIN-INGV||||Md|1.8|--|Campi Flegrei|earthquake
35986371|2023-08-30 05:06:13.410000|40.8102|14.1188|2.5|BULLETIN-INGV||||Md|1.6|--|Campi Flegrei|earthquake
35989281|2023-08-30 12:25:12.579000|40.824167|14.133667|1.1|SURVEY-INGV-OV#SiSmi||||Md|1.0|--|Campi Flegrei|earthquake
35989331|2023-08-30 12:29:10.049000|40.825667|14.135833|1.7|SURVEY-INGV-OV#SiSmi||||Md|1.0|--|Campi Flegrei|earthquake
36017221|2023-09-02 23:04:44.600000|40.8228|14.1467|2.1|BULLETIN-INGV||||Md|1.6|--|Campi Flegrei|earthquake
36017551|2023-09-02 23:07:28.170000|40.831333|14.151667|3.4|SURVEY-INGV-OV#SiSmi||||Md|1.6|--|Campi Flegrei|earthquake
36017541|2023-09-02 23:07:57.390000|40.8315|14.1435|2.7|SURVEY-INGV-OV#SiSmi||||Md|1.3|--|Campi Flegrei|earthquake
36084091|2023-09-07 17:45:29.410000|40.8267|14.1437|1.9|BULLETIN-INGV||||ML|3.0|--|Campi Flegrei|earthquake
36114561|2023-09-12 02:28:49.920000|40.8263|14.1437|2.0|BULLETIN-INGV||||ML|1.9|--|Campi Flegrei|earthquake
36118351|2023-09-12 13:50:59.180000|40.804667|14.1115|0.8|SURVEY-INGV-OV#SiSmi||||Md|1.1|--|Campi Flegrei|earthquake
36120421|2023-09-12 21:16:53.619000|40.805167|14.104167|3.7|SURVEY-INGV-OV#SiSmi||||Md|1.1|--|Campi Flegrei|earthquake
36131841|2023-09-14 08:04:13.599000|40.833|14.125833|2.7|SURVEY-INGV-OV#SiSmi||||Md|1.5|--|Campi Flegrei|earthquake
36137951|2023-09-15 02:06:48.799000|40.833833|14.133167|2.9|SURVEY-INGV-OV#SiSmi||||Md|1.0|--|Campi Flegrei|earthquake
36208111|2023-09-20 03:04:44.410000|40.824833|14.151833|3.0|SURVEY-INGV-OV#SiSmi||||Md|1.3|--|Campi Flegrei|earthquake
36208391|2023-09-20 03:32:22.430000|40.826667|14.140167|1.8|SURVEY-INGV-OV#SiSmi||||Md|1.0|--|Campi Flegrei|earthquake
36219061|2023-09-20 17:45:05.550000|40.8148|14.1337|2.5|BULLETIN-INGV||||Md|2.0|--|Campi Flegrei|earthquake
36219721|2023-09-20 19:40:43.250000|40.825833|14.141833|1.6|SURVEY-INGV-OV#SiSmi||||Md|1.1|--|Campi Flegrei|earthquake
36219731|2023-09-20 19:46:12.509000|40.825833|14.142333|1.4|SURVEY-INGV-OV#SiSmi||||Md|1.0|--|Campi Flegrei|earthquake
36220591|2023-09-20 22:54:28.880000|40.8172|14.1607|2.0|BULLETIN-INGV||||ML|2.0|--|Campi Flegrei|earthquake
36220801|2023-09-20 23:47:39.010000|40.8093|14.149|2.4|BULLETIN-INGV||||Md|1.4|--|Campi Flegrei|earthquake
36235001|2023-09-21 19:26:23.890000|40.817667|14.154|2.7|SURVEY-INGV-OV#SiSmi||||Md|1.0|--|Campi Flegrei|earthquake
36235271|2023-09-21 20:46:37.220000|40.817333|14.158|3.0|SURVEY-INGV-OV#SiSmi||||Md|1.0|--|Campi Flegrei|earthquake
36235681|2023-09-21 21:21:38.200000|40.8253|14.135|2.2|BULLETIN-INGV||||Md|1.6|--|Campi Flegrei|earthquake
36236961|2023-09-21 22:46:15.670000|40.820667|14.136333|2.4|SURVEY-INGV-OV#SiSmi||||Md|1.4|--|Campi Flegrei|earthquake
36237221|2023-09-21 23:16:32.859000|40.827|14.077833|2.9|SURVEY-INGV-OV#SiSmi||||Md|1.2|--|Campi Flegrei|earthquake
36238691|2023-09-22 03:21:06.040000|40.8347|14.1367|1.9|BULLETIN-INGV||||Md|1.2|--|Campi Flegrei|earthquake
36243631|2023-09-22 09:01:59.720000|40.8252|14.147|1.9|BULLETIN-INGV||||ML|2.4|--|Campi Flegrei|earthquake
36252711|2023-09-22 21:46:10.000000|40.8148|14.1173|2.2|BULLETIN-INGV||||Md|1.9|--|Campi Flegrei|earthquake
36252861|2023-09-22 21:48:05.049000|40.822833|14.117|2.3|SURVEY-INGV-OV#SiSmi||||Md|1.0|--|Campi Flegrei|earthquake
36253131|2023-09-22 23:39:03.950000|40.8353|14.1347|2.4|BULLETIN-INGV||||Md|1.7|--|Campi Flegrei|earthquake
36253771|2023-09-23 01:07:47.510000|40.8317|14.1337|2.5|BULLETIN-INGV||||Md|1.8|--|Campi Flegrei|earthquake
36253841|2023-09-23 01:12:03.590000|40.8023|14.1023|2.7|BULLETIN-INGV||||Md|1.7|--|Campi Flegrei|earthquake
36253951|2023-09-23 01:22:29.650000|40.8285|14.1365|2.5|BULLETIN-INGV||||Md|1.3|--|Campi Flegrei|earthquake
36254161|2023-09-23 01:45:17.259000|40.833333|14.140833|2.4|SURVEY-INGV-OV#SiSmi||||Md|1.0|--|Campi Flegrei|earthquake
36254381|2023-09-23 03:18:56.200000|40.8163|14.1263|2.3|BULLETIN-INGV||||Md|1.9|--|Campi Flegrei|earthquake
36254511|2023-09-23 03:52:50.730000|40.8315|14.132333|2.8|SURVEY-INGV-OV#SiSmi||||Md|1.4|--|Campi Flegrei|earthquake
36255341|2023-09-23 05:58:44.200000|40.8233|14.0948|2.6|BULLETIN-INGV||||Md|1.7|--|Campi Flegrei|earthquake
36262571|2023-09-23 12:29:56.230000|40.822833|14.129|3.1|SURVEY-INGV-OV#SiSmi||||Md|1.2|--|Campi Flegrei|earthquake
36262651|2023-09-23 12:42:22.160000|40.8178|14.1303|2.3|BULLETIN-INGV||||Md|1.6|--|Campi Flegrei|earthquake
36263041|2023-09-23 13:08:32.910000|40.828|14.1287|2.0|BULLETIN-INGV||||Md|1.7|--|Campi Flegrei|earthquake
36263881|2023-09-23 13:50:33.900000|40.825667|14.0975|1.6|SURVEY-INGV-OV#SiSmi||||Md|1.0|--|Campi Flegrei|earthquake
36268961|2023-09-24 08:14:06.779000|40.811333|14.084333|2.8|SURVEY-INGV-OV#SiSmi||||Md|1.1|--|Campi Flegrei|earthquake
36270991|2023-09-24 11:53:12.380000|40.8243|14.1397|1.8|BULLETIN-INGV||||Md|2.1|--|Campi Flegrei|earthquake
36271181|2023-09-24 11:56:35.039000|40.822|14.140167|0.4|SURVEY-INGV-OV#SiSmi||||Md|1.0|--|Campi Flegrei|earthquake
36272401|2023-09-24 15:35:01.820000|40.8167|14.1617|1.9|BULLETIN-INGV||||ML|2.2|--|Campi Flegrei|earthquake
36272751|2023-09-24 16:33:23.620000|40.8227|14.0908|3.2|BULLETIN-INGV||||Md|1.9|--|Campi Flegrei|earthquake
36273321|2023-09-24 19:44:20.380000|40.825|14.1422|1.9|BULLETIN-INGV||||Md|1.6|--|Campi Flegrei|earthquake
36273391|2023-09-24 19:50:01.110000|40.8248|14.1427|1.7|BULLETIN-INGV||||Md|1.8|--|Campi Flegrei|earthquake
36274721|2023-09-25 01:51:37.089000|40.836833|14.128|2.4|SURVEY-INGV-OV#SiSmi||||Md|1.0|--|Campi Flegrei|earthquake
36279241|2023-09-25 14:34:04.130000|40.8143|14.1202|2.5|BULLETIN-INGV||||Md|2.1|--|Campi Flegrei|earthquake
36279491|2023-09-25 14:58:11.029000|40.828667|14.135667|2.8|SURVEY-INGV-OV#SiSmi||||Md|1.4|--|Campi Flegrei|earthquake
36279531|2023-09-25 14:58:18.170000|40.824167|14.143|0.9|SURVEY-INGV-OV#SiSmi||||Md|1.3|--|Campi Flegrei|earthquake
36280591|2023-09-25 17:29:37.559000|40.825|14.106167|0.6|SURVEY-INGV-OV#SiSmi||||Md|1.1|--|Campi Flegrei|earthquake
36280631|2023-09-25 17:29:53.160000|40.838833|14.122833|2.8|SURVEY-INGV-OV#SiSmi||||Md|1.0|--|Campi Flegrei|earthquake
36282861|2023-09-26 00:08:27.680000|40.829167|14.141667|1.0|SURVEY-INGV-OV#SiSmi||||Md|1.1|--|Campi Flegrei|earthquake
36283381|2023-09-26 01:34:55.640000|40.827333|14.132667|0.9|SURVEY-INGV-OV#SiSmi||||Md|1.1|--|Campi Flegrei|earthquake
36284381|2023-09-26 03:06:29.520000|40.8242|14.1317|1.9|BULLETIN-INGV||||Md|2.2|--|Campi Flegrei|earthquake
36285191|2023-09-26 03:07:32.269000|40.8315|14.142|1.2|SURVEY-INGV-OV#SiSmi||||Md|1.2|--|Campi Flegrei|earthquake
36284411|2023-09-26 03:07:41.940000|40.8273|14.1338|2.2|BULLETIN-INGV||||Md|1.7|--|Campi Flegrei|earthquake
36285231|2023-09-26 03:07:48.599000|40.8215|14.151667|1.5|SURVEY-INGV-OV#SiSmi||||Md|1.4|--|Campi Flegrei|earthquake
36284991|2023-09-26 03:54:56.210000|40.8222|14.1342|2.3|BULLETIN-INGV||||Md|1.6|--|Campi Flegrei|earthquake
36287451|2023-09-26 06:31:42.690000|40.8008|14.1068|2.6|BULLETIN-INGV||||Md|2.2|--|Campi Flegrei|earthquake
36288351|2023-09-26 06:50:20.710000|40.828833|14.131667|1.1|SURVEY-INGV-OV#SiSmi||||Md|1.3|--|Campi Flegrei|earthquake
36288401|2023-09-26 07:10:29.160000|40.8005|14.1127|1.6|BULLETIN-INGV||||ML|2.5|--|Campi Flegrei|earthquake
36289481|2023-09-26 07:14:13.509000|40.804667|14.1|4.2|SURVEY-INGV-OV#SiSmi||||Md|1.1|--|Campi Flegrei|earthquake
36291271|2023-09-26 09:25:46.760000|40.7993|14.1138|1.6|BULLETIN-INGV||||Md|1.8|--|Campi Flegrei|earthquake
36295381|2023-09-26 13:55:15.890000|40.828|14.1392|1.8|BULLETIN-INGV||||Md|2.3|--|Campi Flegrei|earthquake
36297311|2023-09-26 17:32:11.100000|40.8247|14.1328|1.6|BULLETIN-INGV||||Md|1.7|--|Campi Flegrei|earthquake
36298011|2023-09-26 20:07:30.509000|40.819833|14.147|0.5|SURVEY-INGV-OV#SiSmi||||Md|1.2|--|Campi Flegrei|earthquake
36298161|2023-09-26 20:49:14.780000|40.82|14.142|1.2|BULLETIN-INGV||||Md|2.2|--|Campi Flegrei|earthquake
36298321|2023-09-26 20:53:13.839000|40.835333|14.140833|2.3|SURVEY-INGV-OV#SiSmi||||Md|1.0|--|Campi Flegrei|earthquake
36298401|2023-09-26 21:36:37.880000|40.8108|14.1448|2.9|BULLETIN-INGV||||Md|2.1|--|Campi Flegrei|earthquake
36298781|2023-09-26 22:30:20.420000|40.8128|14.148|2.7|BULLETIN-INGV||||Md|1.6|--|Campi Flegrei|earthquake
36299001|2023-09-26 23:51:38.260000|40.8155|14.1523|2.7|BULLETIN-INGV||||Md|1.5|--|Campi Flegrei|earthquake
36299061|2023-09-27 00:04:09.000000|40.818167|14.157333|2.6|SURVEY-INGV-OV#SiSmi||||Md|1.0|--|Campi Flegrei|earthquake
36299321|2023-09-27 01:35:34.650000|40.815|14.1577|3.6|BULLETIN-INGV||||ML|3.1|--|Campi Flegrei|earthquake
36301881|2023-09-27 08:45:27.090000|40.8182|14.1392|1.2|BULLETIN-INGV||||Md|2.2|--|Campi Flegrei|earthquake
36302081|2023-09-27 09:16:17.810000|40.8183|14.1428|1.1|BULLETIN-INGV||||Md|2.5|--|Campi Flegrei|earthquake
36302761|2023-09-27 10:07:21.490000|40.825167|14.146333|0.9|SURVEY-INGV-OV#SiSmi||||Md|1.0|--|Campi Flegrei|earthquake
36302751|2023-09-27 10:08:04.410000|40.8275|14.143667|0.7|SURVEY-INGV-OV#SiSmi||||Md|1.1|--|Campi Flegrei|earthquake
36308421|2023-09-27 19:57:10.059000|40.8165|14.140167|2.0|SURVEY-INGV-OV#SiSmi||||Md|1.0|--|Campi Flegrei|earthquake
36308771|2023-09-27 19:57:58.829000|40.824333|14.1465|0.7|SURVEY-INGV-OV#SiSmi||||Md|1.0|--|Campi Flegrei|earthquake
36308741|2023-09-27 19:59:35.549000|40.825333|14.1505|1.2|SURVEY-INGV-OV#SiSmi||||Md|1.2|--|Campi Flegrei|earthquake
36308241|2023-09-27 20:25:36.400000|40.8277|14.1353|2.3|BULLETIN-INGV||||Md|1.6|--|Campi Flegrei|earthquake
36308581|2023-09-27 20:30:12.670000|40.8265|14.135167|0.9|SURVEY-INGV-OV#SiSmi||||Md|1.2|--|Campi Flegrei|earthquake
36308591|2023-09-27 20:45:36.109000|40.825167|14.149|1.2|SURVEY-INGV-OV#SiSmi||||Md|1.2|--|Campi Flegrei|earthquake
36308431|2023-09-27 21:00:25.360000|40.8278|14.1418|2.4|BULLETIN-INGV||||Md|1.9|--|Campi Flegrei|earthquake
36309111|2023-09-27 22:24:41.430000|40.823167|14.150333|1.1|SURVEY-INGV-OV#SiSmi||||Md|1.0|--|Campi Flegrei|earthquake
36309141|2023-09-27 23:14:29.710000|40.8183|14.1272|2.2|BULLETIN-INGV||||Md|1.8|--|Campi Flegrei|earthquake
36312401|2023-09-28 08:49:52.109000|40.828667|14.1365|2.8|SURVEY-INGV-OV#SiSmi||||Md|1.0|--|Campi Flegrei|earthquake
36312311|2023-09-28 08:50:46.710000|40.8255|14.153333|0.6|SURVEY-INGV-OV#SiSmi||||Md|1.1|--|Campi Flegrei|earthquake
36314941|2023-09-28 14:42:02.660000|40.8128|14.1247|2.4|BULLETIN-INGV||||Md|2.0|--|Campi Flegrei|earthquake
36315121|2023-09-28 14:51:52.339000|40.828333|14.145667|1.2|SURVEY-INGV-OV#SiSmi||||Md|1.0|--|Campi Flegrei|earthquake
36318421|2023-09-28 18:01:26.839000|40.812|14.101333|4.6|SURVEY-INGV-OV#SiSmi||||Md|1.0|--|Campi Flegrei|earthquake
36318591|2023-09-28 18:38:22.620000|40.8228|14.1348|1.2|BULLETIN-INGV||||Md|2.0|--|Campi Flegrei|earthquake
36321791|2023-09-29 00:20:39.110000|40.8257|14.1332|1.6|BULLETIN-INGV||||Md|1.9|--|Campi Flegrei|earthquake
36322001|2023-09-29 00:28:24.460000|40.838|14.1215|2.8|SURVEY-INGV-OV#SiSmi||||Md|1.0|--|Campi Flegrei|earthquake
36328931|2023-09-29 09:54:18.630000|40.8213|14.1455|1.7|BULLETIN-INGV||||Md|1.1|--|Campi Flegrei|earthquake
36328961|2023-09-29 09:56:38.120000|40.8228|14.16|2.2|BULLETIN-INGV||||Md|1.5|--|Campi Flegrei|earthquake
36334781|2023-09-29 20:04:27.630000|40.8235|14.1262|2.9|BULLETIN-INGV||||Md|2.0|--|Campi Flegrei|earthquake
36335031|2023-09-29 20:53:59.720000|40.834333|14.129167|2.2|SURVEY-INGV-OV#SiSmi||||Md|1.1|--|Campi Flegrei|earthquake
36335271|2023-09-29 21:25:06.770000|40.8123|14.117|2.1|BULLETIN-INGV||||Md|1.8|--|Campi Flegrei|earthquake
36335581|2023-09-29 21:35:27.210000|40.833667|14.116333|2.2|SURVEY-INGV-OV#SiSmi||||Md|1.1|--|Campi Flegrei|earthquake
36335741|2023-09-29 21:57:57.530000|40.8237|14.1352|2.9|BULLETIN-INGV||||Md|2.1|--|Campi Flegrei|earthquake
36336741|2023-09-30 01:46:47.560000|40.8038|14.1152|3.4|BULLETIN-INGV||||Md|2.3|--|Campi Flegrei|earthquake
36347261|2023-10-01 01:15:29.020000|40.7978|14.1202|1.5|BULLETIN-INGV||||Md|2.1|--|Campi Flegrei|earthquake
36347421|2023-10-01 01:18:54.900000|40.831333|14.151667|0.5|SURVEY-INGV-OV#SiSmi||||Md|1.4|--|Campi Flegrei|earthquake
36348261|2023-10-01 04:42:33.850000|40.799|14.1067|2.7|BULLETIN-INGV||||Md|2.3|--|Campi Flegrei|earthquake
36348911|2023-10-01 06:22:00.920000|40.803|14.100167|2.7|SURVEY-INGV-OV#SiSmi||||Md|1.3|--|Campi Flegrei|earthquake
36352551|2023-10-01 13:33:07.600000|40.8277|14.1383|4.0|BULLETIN-INGV||||ML|1.9|--|Campi Flegrei|earthquake
36353141|2023-10-01 13:55:37.630000|40.833167|14.126667|2.3|SURVEY-INGV-OV#SiSmi||||Md|1.0|--|Campi Flegrei|earthquake
36356591|2023-10-01 20:29:15.849000|40.830667|14.136667|1.7|SURVEY-INGV-OV#SiSmi||||Md|1.1|--|Campi Flegrei|earthquake
36357261|2023-10-01 23:54:40.660000|40.831333|14.145667|1.5|SURVEY-INGV-OV#SiSmi||||Md|1.1|--|Campi Flegrei|earthquake
36357521|2023-10-02 01:10:48.740000|40.816333|14.149|3.0|SURVEY-INGV-OV#SiSmi||||Md|1.1|--|Campi Flegrei|earthquake
36357531|2023-10-02 01:15:06.410000|40.829167|14.1375|2.3|SURVEY-INGV-OV#SiSmi||||Md|1.0|--|Campi Flegrei|earthquake
36360351|2023-10-02 08:15:16.109000|40.831333|14.1415|3.0|SURVEY-INGV-OV#SiSmi||||Md|1.2|--|Campi Flegrei|earthquake
36361161|2023-10-02 09:05:38.509000|40.831333|14.1425|1.0|SURVEY-INGV-OV#SiSmi||||Md|1.2|--|Campi Flegrei|earthquake
36361171|2023-10-02 09:07:29.440000|40.831333|14.147833|1.9|SURVEY-INGV-OV#SiSmi||||Md|1.1|--|Campi Flegrei|earthquake
36365311|2023-10-02 18:53:29.310000|40.8188|14.132|2.8|BULLETIN-INGV||||Md|1.9|--|Campi Flegrei|earthquake
36365741|2023-10-02 20:08:27.160000|40.8295|14.1472|2.6|BULLETIN-INGV||||ML|3.2|--|Campi Flegrei|earthquake
36366571|2023-10-03 00:27:22.990000|40.821|14.1385|0.9|SURVEY-INGV-OV#SiSmi||||Md|1.0|--|Campi Flegrei|earthquake
36366961|2023-10-03 01:53:44.920000|40.824667|14.140833|0.4|SURVEY-INGV-OV#SiSmi||||Md|1.0|--|Campi Flegrei|earthquake
36367171|2023-10-03 02:15:24.849000|40.82|14.14|0.9|SURVEY-INGV-OV#SiSmi||||Md|2.2|--|Campi Flegrei|earthquake
36381491|2023-10-04 08:18:28.950000|40.8195|14.1385|2.4|BULLETIN-INGV||||Md|2.1|--|Campi Flegrei|earthquake
36381821|2023-10-04 08:46:55.400000|40.8342|14.1333|2.6|BULLETIN-INGV||||ML|2.0|--|Campi Flegrei|earthquake
36420121|2023-10-08 02:18:45.779000|40.8345|14.114|2.3|SURVEY-INGV-OV#SiSmi||||Md|1.2|--|Campi Flegrei|earthquake
36430361|2023-10-09 03:12:59.790000|40.7983|14.1148|0.5|BULLETIN-INGV||||Md|1.6|--|Campi Flegrei|earthquake
36432341|2023-10-09 07:16:48.779000|40.8385|14.1345|0.9|SURVEY-INGV-OV#SiSmi||||Md|1.2|--|Campi Flegrei|earthquake
36432371|2023-10-09 07:26:54.859000|40.836333|14.144167|1.6|SURVEY-INGV-OV#SiSmi||||Md|1.0|--|Campi Flegrei|earthquake
36450311|2023-10-11 09:20:28.490000|40.8258|14.1428|2.0|BULLETIN-INGV||||Md|1.2|--|Campi Flegrei|earthquake
36452421|2023-10-11 13:56:54.330000|40.8238|14.0938|2.5|BULLETIN-INGV||||Md|1.4|--|Campi Flegrei|earthquake
36463621|2023-10-12 21:05:27.120000|40.8293|14.1407|2.1|BULLETIN-INGV||||Md|2.1|--|Campi Flegrei|earthquake
36484281|2023-10-14 16:49:44.850000|40.8197|14.1293|2.0|BULLETIN-INGV||||Md|1.7|--|Campi Flegrei|earthquake
36493731|2023-10-15 14:18:58.860000|40.845|14.1243|2.0|BULLETIN-INGV||||Md|1.6|--|Campi Flegrei|earthquake
36495891|2023-10-15 17:57:58.020000|40.829|14.1148|2.2|BULLETIN-INGV||||Md|1.8|--|Campi Flegrei|earthquake
36499161|2023-10-16 10:36:20.830000|40.8252|14.1482|1.9|BULLETIN-INGV||||ML|2.5|--|Campi Flegrei|earthquake
36510641|2023-10-17 21:19:18.590000|40.8343|14.1343|2.9|BULLETIN-INGV||||Md|1.5|--|Campi Flegrei|earthquake
36520181|2023-10-19 01:11:02.829000|40.8295|14.113667|1.5|SURVEY-INGV-OV#SiSmi||||Md|1.2|--|Campi Flegrei|earthquake
36520611|2023-10-19 04:00:37.760000|40.8232|14.1375|2.4|BULLETIN-INGV||||Md|1.3|--|Campi Flegrei|earthquake
36520631|2023-10-19 04:00:44.810000|40.8228|14.14|2.4|BULLETIN-INGV||||Md|1.5|--|Campi Flegrei|earthquake
36520771|2023-10-19 04:01:06.819000|40.8255|14.137167|2.1|SURVEY-INGV-OV#SiSmi||||Md|1.0|--|Campi Flegrei|earthquake
36520981|2023-10-19 04:01:12.990000|40.824667|14.1435|1.1|SURVEY-INGV-OV#SiSmi||||Md|1.0|--|Campi Flegrei|earthquake
36520991|2023-10-19 04:01:30.569000|40.8265|14.147333|2.1|SURVEY-INGV-OV#SiSmi||||Md|1.0|--|Campi Flegrei|earthquake
36521131|2023-10-19 04:01:51.089000|40.826333|14.140333|1.9|SURVEY-INGV-OV#SiSmi||||Md|1.1|--|Campi Flegrei|earthquake
36520641|2023-10-19 04:02:48.220000|40.8268|14.1432|2.6|BULLETIN-INGV||||Md|1.7|--|Campi Flegrei|earthquake
36520811|2023-10-19 04:05:36.990000|40.824667|14.138|1.8|SURVEY-INGV-OV#SiSmi||||Md|1.0|--|Campi Flegrei|earthquake
36529181|2023-10-19 16:08:48.119000|40.825333|14.153|2.2|SURVEY-INGV-OV#SiSmi||||Md|1.0|--|Campi Flegrei|earthquake
36559121|2023-10-21 15:55:06.990000|40.819|14.102667|2.9|SURVEY-INGV-OV#SiSmi||||Md|1.1|--|Campi Flegrei|earthquake
36560281|2023-10-21 22:16:36.890000|40.822333|14.153333|2.9|SURVEY-INGV-OV#SiSmi||||Md|1.1|--|Campi Flegrei|earthquake
36565471|2023-10-22 17:02:59.769000|40.816333|14.1255|1.9|SURVEY-INGV-OV#SiSmi||||Md|1.3|--|Campi Flegrei|earthquake
36603651|2023-10-25 18:44:19.850000|40.8428|14.1397|2.5|BULLETIN-INGV||||Md|1.1|--|Campi Flegrei|earthquake
36605511|2023-10-26 03:55:11.579000|40.812|14.1205|3.5|SURVEY-INGV-OV#SiSmi||||Md|1.2|--|Campi Flegrei|earthquake
36609751|2023-10-26 11:17:46.940000|40.8177|14.1538|2.9|BULLETIN-INGV||||Md|1.6|--|Campi Flegrei|earthquake
36613631|2023-10-26 20:13:48.440000|40.820333|14.1525|2.5|SURVEY-INGV-OV#SiSmi||||Md|1.0|--|Campi Flegrei|earthquake
36614051|2023-10-26 21:24:08.650000|40.8277|14.1487|2.7|BULLETIN-INGV||||Md|1.2|--|Campi Flegrei|earthquake
36624321|2023-10-27 07:47:18.410000|40.833833|14.1375|3.1|SURVEY-INGV-OV#SiSmi||||Md|1.2|--|Campi Flegrei|earthquake
36692131|2023-10-31 14:06:39.330000|40.8248|14.0953|2.0|BULLETIN-INGV||||Md|1.5|--|Campi Flegrei|earthquake
36697251|2023-11-01 08:28:40.730000|40.8402|14.1233|1.2|BULLETIN-INGV||||Md|1.2|--|Campi Flegrei|earthquake
36701841|2023-11-02 00:01:38.980000|40.832167|14.130167|1.8|SURVEY-INGV-OV#SiSmi||||Md|1.1|--|Campi Flegrei|earthquake
36701861|2023-11-02 00:01:43.920000|40.827667|14.136833|2.4|SURVEY-INGV-OV#SiSmi||||Md|1.1|--|Campi Flegrei|earthquake
36748211|2023-11-03 13:52:12.270000|40.84|14.1323|1.2|BULLETIN-INGV||||Md|1.3|--|Campi Flegrei|earthquake
36755771|2023-11-04 14:14:08.850000|40.8168|14.153|2.7|BULLETIN-INGV||||Md|1.5|--|Campi Flegrei|earthquake
36758501|2023-11-04 20:07:55.130000|40.8488|14.1172|1.2|BULLETIN-INGV||||Md|1.6|--|Campi Flegrei|earthquake
36794701|2023-11-06 02:15:00.000000|40.8495|14.1167|1.0|BULLETIN-INGV||||Md|1.7|--|Campi Flegrei|earthquake
36833081|2023-11-10 17:51:57.940000|40.8273|14.1365|1.6|BULLETIN-INGV||||Md|1.3|--|Campi Flegrei|earthquake
36846781|2023-11-11 19:15:55.730000|40.8355|14.1303|1.9|BULLETIN-INGV||||Md|1.4|--|Campi Flegrei|earthquake
36944171|2023-11-23 03:59:44.069000|40.8275|14.140333|2.8|SURVEY-INGV-OV#SiSmi||||Md|1.3|--|Campi Flegrei|earthquake
36950591|2023-11-23 15:37:10.019000|40.829167|14.133167|2.9|SURVEY-INGV-OV#SiSmi||||Md|1.0|--|Campi Flegrei|earthquake
36951801|2023-11-23 18:27:28.100000|40.8323|14.1337|2.9|BULLETIN-INGV||||Md|1.5|--|Campi Flegrei|earthquake
36951941|2023-11-23 18:41:47.500000|40.8273|14.131|2.4|BULLETIN-INGV||||ML|2.2|--|Campi Flegrei|earthquake
36955691|2023-11-24 08:59:36.549000|40.8225|14.135667|1.4|SURVEY-INGV-OV#SiSmi||||Md|1.3|--|Campi Flegrei|earthquake
36955731|2023-11-24 08:59:47.359000|40.819833|14.139|1.6|SURVEY-INGV-OV#SiSmi||||Md|1.0|--|Campi Flegrei|earthquake
36955741|2023-11-24 09:00:20.230000|40.8215|14.136667|1.6|SURVEY-INGV-OV#SiSmi||||Md|1.2|--|Campi Flegrei|earthquake
36955751|2023-11-24 09:03:36.299000|40.821667|14.1375|1.2|SURVEY-INGV-OV#SiSmi||||Md|1.0|--|Campi Flegrei|earthquake
36956101|2023-11-24 09:39:18.299000|40.823167|14.138667|2.0|SURVEY-INGV-OV#SiSmi||||Md|1.4|--|Campi Flegrei|earthquake
36961201|2023-11-24 19:19:33.000000|40.828333|14.140167|2.3|SURVEY-INGV-OV#SiSmi||||Md|1.2|--|Campi Flegrei|earthquake
36961211|2023-11-24 19:20:38.690000|40.8285|14.141|2.2|SURVEY-INGV-OV#SiSmi||||Md|1.2|--|Campi Flegrei|earthquake
36961311|2023-11-24 19:21:31.339000|40.828|14.140167|2.7|SURVEY-INGV-OV#SiSmi||||Md|1.1|--|Campi Flegrei|earthquake
36961471|2023-11-24 20:20:21.220000|40.8327|14.1307|1.9|BULLETIN-INGV||||Md|1.3|--|Campi Flegrei|earthquake
36963461|2023-11-25 02:37:48.529000|40.826167|14.1395|0.6|SURVEY-INGV-OV#SiSmi||||Md|1.0|--|Campi Flegrei|earthquake
37089441|2023-12-08 17:37:49.260000|40.8318|14.1197|2.7|BULLETIN-INGV||||Md|1.6|--|Campi Flegrei|earthquake
37130741|2023-12-15 00:26:46.020000|40.8327|14.1393|1.7|BULLETIN-INGV||||Md|1.6|--|Campi Flegrei|earthquake
37197011|2023-12-21 21:13:38.390000|40.7962|14.1153|1.8|BULLETIN-INGV||||Md|1.4|--|Campi Flegrei|earthquake
37311961|2024-01-10 21:53:44.089000|40.830333|14.146|1.4|BULLETIN-OV||||Md|1.1|--|Campi Flegrei|earthquake
37365881|2024-01-18 04:17:01.730000|40.8305|14.132833|2.9|BULLETIN-OV||||Md|1.4|--|Campi Flegrei|earthquake
37379841|2024-01-18 20:20:28.509000|40.828667|14.125167|2.3|BULLETIN-OV||||Md|1.0|--|Campi Flegrei|earthquake
37397681|2024-01-21 09:35:04.859000|40.806333|14.106667|3.0|BULLETIN-OV||||Md|2.6|--|Campi Flegrei|earthquake
37414311|2024-01-24 14:05:26.380000|40.844833|14.175|2.5|BULLETIN-OV||||Md|2.0|--|Campi Flegrei|earthquake
37422551|2024-01-25 17:44:49.450000|40.824333|14.135833|1.8|BULLETIN-OV||||Md|1.4|--|Campi Flegrei|earthquake
37425341|2024-01-26 04:17:49.309000|40.816833|14.159167|2.5|BULLETIN-OV||||Md|1.4|--|Campi Flegrei|earthquake
37425611|2024-01-26 05:54:02.579000|40.816167|14.140833|2.5|BULLETIN-OV||||Md|1.0|--|Campi Flegrei|earthquake
37428661|2024-01-26 12:55:32.759000|40.814|14.107167|2.6|BULLETIN-OV||||Md|1.9|--|Campi Flegrei|earthquake
37455941|2024-01-30 03:38:34.640000|40.793333|14.117167|2.8|BULLETIN-OV||||Md|1.5|--|Campi Flegrei|earthquake
37477541|2024-02-02 08:01:41.690000|40.804333|14.109833|3.0|BULLETIN-OV||||Md|1.3|--|Campi Flegrei|earthquake
37480651|2024-02-02 15:17:03.250000|40.819667|14.121667|0.9|BULLETIN-OV||||Md|1.1|--|Campi Flegrei|earthquake
37482711|2024-02-03 01:33:25.480000|40.836833|14.1395|2.8|BULLETIN-OV||||Md|1.1|--|Campi Flegrei|earthquake
37485211|2024-02-03 10:07:27.240000|40.834333|14.128667|2.5|BULLETIN-OV||||Md|2.1|--|Campi Flegrei|earthquake
37494951|2024-02-04 21:41:49.970000|40.828667|14.1345|2.2|BULLETIN-OV||||Md|1.2|--|Campi Flegrei|earthquake
37495431|2024-02-04 23:05:20.839000|40.8335|14.1375|2.7|BULLETIN-OV||||Md|2.0|--|Campi Flegrei|earthquake
37495691|2024-02-04 23:57:25.690000|40.834|14.140167|2.6|BULLETIN-OV||||Md|1.1|--|Campi Flegrei|earthquake
37505091|2024-02-06 02:23:49.750000|40.8085|14.117|3.1|BULLETIN-OV||||Md|2.0|--|Campi Flegrei|earthquake
37505361|2024-02-06 03:31:07.920000|40.8355|14.131|2.5|BULLETIN-OV||||Md|1.1|--|Campi Flegrei|earthquake
37505371|2024-02-06 03:31:32.559000|40.833667|14.135333|2.7|BULLETIN-OV||||Md|1.1|--|Campi Flegrei|earthquake
37571211|2024-02-11 05:26:47.750000|40.831333|14.144333|1.8|BULLETIN-OV||||Md|1.7|--|Campi Flegrei|earthquake
37571391|2024-02-11 05:31:25.970000|40.834333|14.149833|2.6|BULLETIN-OV||||Md|1.3|--|Campi Flegrei|earthquake
37610721|2024-02-16 16:59:02.029000|40.832|14.127|2.8|BULLETIN-OV||||Md|1.9|--|Campi Flegrei|earthquake
37620461|2024-02-17 18:09:50.630000|40.811333|14.0975|3.0|BULLETIN-OV||||Md|2.7|--|Campi Flegrei|earthquake
37620831|2024-02-17 19:22:09.220000|40.838333|14.110667|3.2|BULLETIN-OV||||Md|3.0|--|Campi Flegrei|earthquake
37630171|2024-02-19 00:56:34.210000|40.827|14.098|2.1|BULLETIN-OV||||Md|1.8|--|Campi Flegrei|earthquake
37630341|2024-02-19 01:02:04.500000|40.829167|14.140167|0.9|BULLETIN-OV||||Md|1.3|--|Campi Flegrei|earthquake
37655131|2024-02-21 19:37:44.859000|40.803667|14.1455|3.2|BULLETIN-OV||||Md|1.3|--|Campi Flegrei|earthquake
37711801|2024-02-25 22:00:11.210000|40.826833|14.146167|1.5|BULLETIN-OV||||Md|1.1|--|Campi Flegrei|earthquake
37712751|2024-02-26 04:25:20.319000|40.8305|14.1265|2.1|BULLETIN-OV||||Md|1.9|--|Campi Flegrei|earthquake
37727091|2024-02-28 08:27:36.920000|40.828167|14.086833|2.8|BULLETIN-OV||||Md|1.3|--|Campi Flegrei|earthquake
37737841|2024-02-29 04:45:48.109000|40.826167|14.140167|0.7|BULLETIN-OV||||Md|1.5|--|Campi Flegrei|earthquake
37756821|2024-03-02 21:58:18.869000|40.821667|14.143333|1.8|BULLETIN-OV||||Md|1.4|--|Campi Flegrei|earthquake
37756811|2024-03-02 22:03:57.660000|40.822667|14.143833|1.9|BULLETIN-OV||||Md|1.7|--|Campi Flegrei|earthquake
37758961|2024-03-03 09:01:55.619000|40.8165|14.159|2.9|SURVEY-INGV-OV||||Md|3.4|--|Campi Flegrei|earthquake
37760971|2024-03-03 14:01:22.170000|40.819167|14.157|2.6|BULLETIN-OV||||Md|1.0|--|Campi Flegrei|earthquake
37767081|2024-03-04 20:58:42.359000|40.828667|14.141833|1.2|BULLETIN-OV||||Md|1.0|--|Campi Flegrei|earthquake
37768021|2024-03-05 05:36:32.420000|40.834667|14.1215|2.8|BULLETIN-OV||||Md|1.6|--|Campi Flegrei|earthquake
37790971|2024-03-07 16:55:33.180000|40.825|14.137|1.5|BULLETIN-OV||||Md|1.0|--|Campi Flegrei|earthquake
37792471|2024-03-07 22:07:51.450000|40.82|14.144333|0.4|BULLETIN-OV||||Md|1.8|--|Campi Flegrei|earthquake
37792481|2024-03-07 22:09:44.529000|40.82|14.145333|0.4|BULLETIN-OV||||Md|1.6|--|Campi Flegrei|earthquake
37792491|2024-03-07 22:17:44.210000|40.818833|14.144667|0.5|BULLETIN-OV||||Md|1.7|--|Campi Flegrei|earthquake
37793691|2024-03-08 02:41:14.859000|40.824667|14.130833|2.5|BULLETIN-OV||||Md|1.8|--|Campi Flegrei|earthquake
37793681|2024-03-08 02:52:20.849000|40.825|14.1265|2.6|BULLETIN-OV||||Md|1.2|--|Campi Flegrei|earthquake
37793921|2024-03-08 03:30:35.640000|40.825|14.131333|2.4|BULLETIN-OV||||Md|1.5|--|Campi Flegrei|earthquake
37796111|2024-03-08 08:36:12.930000|40.819833|14.146167|0.3|BULLETIN-OV||||Md|1.4|--|Campi Flegrei|earthquake
37797921|2024-03-08 11:49:43.000000|40.8165|14.143667|0.3|BULLETIN-OV||||Md|1.0|--|Campi Flegrei|earthquake
37798011|2024-03-08 12:02:15.079000|40.819333|14.1455|0.3|BULLETIN-OV||||Md|1.0|--|Campi Flegrei|earthquake
37798401|2024-03-08 13:04:49.019000|40.819333|14.146833|0.5|BULLETIN-OV||||Md|2.3|--|Campi Flegrei|earthquake
37799711|2024-03-08 16:26:51.509000|40.8185|14.142|0.4|BULLETIN-OV||||Md|2.2|--|Campi Flegrei|earthquake
37799781|2024-03-08 16:48:46.450000|40.819|14.140667|0.2|BULLETIN-OV||||Md|2.1|--|Campi Flegrei|earthquake
37799971|2024-03-08 17:16:16.140000|40.8195|14.1405|0.2|BULLETIN-OV||||Md|1.3|--|Campi Flegrei|earthquake
37804941|2024-03-09 11:58:54.609000|40.827|14.088667|2.5|BULLETIN-OV||||Md|1.4|--|Campi Flegrei|earthquake
37808261|2024-03-09 22:02:28.009000|40.818667|14.139667|0.9|BULLETIN-OV||||Md|1.1|--|Campi Flegrei|earthquake
37819861|2024-03-10 15:14:51.859000|40.819667|14.144667|0.4|BULLETIN-OV||||Md|1.6|--|Campi Flegrei|earthquake
37821731|2024-03-10 17:13:09.309000|40.8195|14.15|0.2|BULLETIN-OV||||Md|2.2|--|Campi Flegrei|earthquake
37821691|2024-03-10 17:15:06.839000|40.8205|14.144667|0.3|BULLETIN-OV||||Md|2.4|--|Campi Flegrei|earthquake
37836501|2024-03-12 21:00:51.269000|40.825333|14.138333|1.6|BULLETIN-OV||||Md|1.4|--|Campi Flegrei|earthquake
37836771|2024-03-12 21:25:50.180000|40.834833|14.1405|2.6|BULLETIN-OV||||Md|1.7|--|Campi Flegrei|earthquake
37850671|2024-03-14 16:27:17.779000|40.805|14.113667|3.7|BULLETIN-OV||||Md|1.5|--|Campi Flegrei|earthquake
37867441|2024-03-16 18:56:18.269000|40.828|14.150333|2.7|BULLETIN-OV||||Md|1.6|--|Campi Flegrei|earthquake
37874311|2024-03-17 15:20:28.269000|40.827833|14.128667|2.5|BULLETIN-OV||||Md|1.4|--|Campi Flegrei|earthquake
37887451|2024-03-18 22:25:17.599000|40.8345|14.112667|2.9|BULLETIN-OV||||Md|1.1|--|Campi Flegrei|earthquake
37893871|2024-03-19 12:48:04.400000|40.828833|14.139333|1.3|BULLETIN-OV||||Md|1.0|--|Campi Flegrei|earthquake
37901621|2024-03-20 09:17:36.240000|40.832833|14.149833|3.2|BULLETIN-OV||||Md|1.7|--|Campi Flegrei|earthquake
37903921|2024-03-20 13:51:30.529000|40.829167|14.140167|2.0|BULLETIN-OV||||Md|1.7|--|Campi Flegrei|earthquake
37928291|2024-03-23 05:43:52.640000|40.827333|14.142333|1.7|BULLETIN-OV||||Md|1.0|--|Campi Flegrei|earthquake
37942871|2024-03-23 21:20:10.250000|40.833667|14.133333|2.6|BULLETIN-OV||||Md|1.6|--|Campi Flegrei|earthquake
37945421|2024-03-24 06:41:59.720000|40.83|14.132333|2.5|BULLETIN-OV||||Md|1.1|--|Campi Flegrei|earthquake
37984091|2024-03-27 14:12:20.759000|40.84|14.1195|2.2|BULLETIN-OV||||Md|1.1|--|Campi Flegrei|earthquake
38092231|2024-04-03 02:37:32.500000|40.826|14.139167|0.8|BULLETIN-OV||||Md|1.1|--|Campi Flegrei|earthquake
38104221|2024-04-04 05:14:36.519000|40.825833|14.114|2.4|BULLETIN-OV||||Md|2.7|--|Campi Flegrei|earthquake
38105071|2024-04-04 05:15:02.250000|40.822833|14.115333|2.4|BULLETIN-OV||||Md|1.4|--|Campi Flegrei|earthquake
38104631|2024-04-04 05:17:09.519000|40.826333|14.115|2.6|BULLETIN-OV||||Md|1.5|--|Campi Flegrei|earthquake
38104701|2024-04-04 05:18:41.849000|40.827167|14.1125|2.4|BULLETIN-OV||||Md|1.3|--|Campi Flegrei|earthquake
38104611|2024-04-04 05:26:26.880000|40.825|14.114|2.6|BULLETIN-OV||||Md|1.2|--|Campi Flegrei|earthquake
38104621|2024-04-04 05:26:42.029000|40.824667|14.1155|2.1|BULLETIN-OV||||Md|1.1|--|Campi Flegrei|earthquake
38104271|2024-04-04 05:32:56.809000|40.8255|14.115|2.5|BULLETIN-OV||||Md|2.9|--|Campi Flegrei|earthquake
38106881|2024-04-04 05:33:01.619000|40.825167|14.115833|2.3|BULLETIN-OV||||Md|3.2|--|Campi Flegrei|earthquake
38107361|2024-04-04 12:00:13.859000|40.8245|14.119333|2.2|BULLETIN-OV||||Md|1.1|--|Campi Flegrei|earthquake
38112101|2024-04-04 22:02:08.109000|40.825667|14.144833|0.9|BULLETIN-OV||||Md|1.2|--|Campi Flegrei|earthquake
38122421|2024-04-06 02:00:14.400000|40.833167|14.133833|2.5|BULLETIN-OV||||Md|1.4|--|Campi Flegrei|earthquake
38122361|2024-04-06 02:01:12.539000|40.834|14.136833|2.8|BULLETIN-OV||||Md|2.2|--|Campi Flegrei|earthquake
38122621|2024-04-06 03:21:07.200000|40.820333|14.131167|0.7|BULLETIN-OV||||Md|1.2|--|Campi Flegrei|earthquake
38123241|2024-04-06 05:33:47.970000|40.8315|14.140167|2.2|BULLETIN-OV||||Md|1.1|--|Campi Flegrei|earthquake
38126061|2024-04-06 11:59:31.900000|40.803667|14.1145|3.0|BULLETIN-OV||||Md|2.5|--|Campi Flegrei|earthquake
38126201|2024-04-06 12:00:41.730000|40.802833|14.113333|3.4|BULLETIN-OV||||Md|1.9|--|Campi Flegrei|earthquake
38126351|2024-04-06 12:05:17.420000|40.806|14.107667|3.2|BULLETIN-OV||||Md|1.3|--|Campi Flegrei|earthquake
38127191|2024-04-06 13:14:11.079000|40.803167|14.112333|3.8|BULLETIN-OV||||Md|1.9|--|Campi Flegrei|earthquake
38127171|2024-04-06 13:26:23.109000|40.805167|14.116|3.7|BULLETIN-OV||||Md|1.1|--|Campi Flegrei|earthquake
38129481|2024-04-06 18:18:50.950000|40.833667|14.123167|2.6|BULLETIN-OV||||Md|2.1|--|Campi Flegrei|earthquake
38129741|2024-04-06 19:58:39.440000|40.831667|14.127333|2.9|BULLETIN-OV||||Md|1.2|--|Campi Flegrei|earthquake
38130641|2024-04-07 00:13:15.549000|40.826167|14.144167|1.7|BULLETIN-OV||||Md|1.1|--|Campi Flegrei|earthquake
38134931|2024-04-07 13:08:41.069000|40.830667|14.144333|1.6|BULLETIN-OV||||Md|1.0|--|Campi Flegrei|earthquake
38135051|2024-04-07 13:08:59.869000|40.831333|14.1465|1.8|BULLETIN-OV||||Md|2.0|--|Campi Flegrei|earthquake
38137741|2024-04-07 17:42:52.390000|40.828|14.15|1.4|BULLETIN-OV||||Md|2.3|--|Campi Flegrei|earthquake
38145911|2024-04-08 15:03:35.769000|40.820833|14.1305|1.8|BULLETIN-OV||||Md|1.1|--|Campi Flegrei|earthquake
38148381|2024-04-08 23:23:16.130000|40.834167|14.1355|2.7|BULLETIN-OV||||Md|1.2|--|Campi Flegrei|earthquake
38149121|2024-04-09 03:39:44.309000|40.825667|14.138667|0.6|BULLETIN-OV||||Md|1.7|--|Campi Flegrei|earthquake
38154011|2024-04-09 10:33:25.619000|40.831333|14.1435|2.8|BULLETIN-OV||||Md|1.0|--|Campi Flegrei|earthquake
38159761|2024-04-09 20:32:10.109000|40.832833|14.147167|2.8|BULLETIN-OV||||Md|2.8|--|Campi Flegrei|earthquake
38159771|2024-04-09 20:53:52.170000|40.835833|14.140167|2.4|BULLETIN-OV||||Md|1.1|--|Campi Flegrei|earthquake
38160361|2024-04-10 00:52:23.130000|40.834|14.143|2.6|BULLETIN-OV||||Md|1.0|--|Campi Flegrei|earthquake
38162571|2024-04-10 06:29:17.210000|40.832833|14.121333|2.1|BULLETIN-OV||||Md|2.0|--|Campi Flegrei|earthquake
38162981|2024-04-10 07:06:38.279000|40.831667|14.138667|2.0|BULLETIN-OV||||Md|1.7|--|Campi Flegrei|earthquake
38163441|2024-04-10 08:06:50.680000|40.833167|14.137|1.9|BULLETIN-OV||||Md|1.3|--|Campi Flegrei|earthquake
38170971|2024-04-10 20:28:25.240000|40.8345|14.092|1.9|BULLETIN-OV||||Md|2.2|--|Campi Flegrei|earthquake
38171411|2024-04-10 23:49:33.470000|40.835|14.138333|2.1|BULLETIN-OV||||Md|1.1|--|Campi Flegrei|earthquake
38172611|2024-04-11 05:23:25.849000|40.833667|14.135833|2.7|BULLETIN-OV||||Md|2.1|--|Campi Flegrei|earthquake
38175771|2024-04-11 05:23:43.420000|40.832167|14.1315|1.7|BULLETIN-OV||||Md|1.2|--|Campi Flegrei|earthquake
38173751|2024-04-11 07:40:34.359000|40.8315|14.135667|1.8|BULLETIN-OV||||Md|1.0|--|Campi Flegrei|earthquake
38176551|2024-04-11 12:46:43.609000|40.816333|14.0815|3.7|BULLETIN-OV||||Md|1.3|--|Campi Flegrei|earthquake
38180031|2024-04-11 18:19:13.910000|40.822333|14.131667|0.9|BULLETIN-OV||||Md|1.1|--|Campi Flegrei|earthquake
38181371|2024-04-12 02:17:25.279000|40.833667|14.133|2.7|BULLETIN-OV||||Md|1.6|--|Campi Flegrei|earthquake
38181541|2024-04-12 02:34:06.599000|40.800833|14.113667|3.8|BULLETIN-OV||||Md|2.3|--|Campi Flegrei|earthquake
38181551|2024-04-12 02:35:15.250000|40.8075|14.115667|3.2|BULLETIN-OV||||Md|1.6|--|Campi Flegrei|earthquake
38181631|2024-04-12 03:09:08.359000|40.825833|14.148667|1.7|BULLETIN-OV||||Md|1.0|--|Campi Flegrei|earthquake
38189361|2024-04-12 14:47:17.529000|40.827167|14.1435|1.7|BULLETIN-OV||||Md|1.7|--|Campi Flegrei|earthquake
38219551|2024-04-13 05:03:30.720000|40.806333|14.120833|2.1|BULLETIN-OV||||Md|1.4|--|Campi Flegrei|earthquake
38200611|2024-04-13 15:14:49.930000|40.799333|14.115|4.2|BULLETIN-OV||||Md|2.4|--|Campi Flegrei|earthquake
42003131|2024-04-13 16:12:31.839000|40.8075|14.120333|3.4|BULLETIN-OV||||Md|1.3|--|Campi Flegrei|earthquake
38202801|2024-04-13 20:40:09.759000|40.8295|14.127333|2.4|BULLETIN-OV||||Md|1.1|--|Campi Flegrei|earthquake
38203061|2024-04-13 21:41:10.849000|40.818667|14.089833|2.9|BULLETIN-OV||||Md|1.5|--|Campi Flegrei|earthquake
38203331|2024-04-13 22:27:27.890000|40.8225|14.0935|2.0|BULLETIN-OV||||Md|1.2|--|Campi Flegrei|earthquake
38203871|2024-04-14 01:34:47.559000|40.830333|14.09|2.8|BULLETIN-OV||||Md|1.2|--|Campi Flegrei|earthquake
38204231|2024-04-14 02:25:23.940000|40.829667|14.146|2.2|BULLETIN-OV||||Md|1.2|--|Campi Flegrei|earthquake
38206461|2024-04-14 07:41:53.150000|40.826667|14.138667|2.3|BULLETIN-OV||||Md|1.5|--|Campi Flegrei|earthquake
38206821|2024-04-14 07:44:24.099000|40.828167|14.137333|2.6|BULLETIN-OV||||Md|3.7|--|Campi Flegrei|earthquake
38207231|2024-04-14 07:45:12.940000|40.828667|14.129167|2.6|BULLETIN-OV||||Md|2.0|--|Campi Flegrei|earthquake
38207291|2024-04-14 07:46:03.970000|40.831833|14.142|1.8|BULLETIN-OV||||Md|2.0|--|Campi Flegrei|earthquake
38207921|2024-04-14 07:46:54.339000|40.833167|14.144167|2.5|BULLETIN-OV||||Md|1.6|--|Campi Flegrei|earthquake
38206811|2024-04-14 07:46:58.740000|40.830833|14.1365|2.5|BULLETIN-OV||||Md|3.1|--|Campi Flegrei|earthquake
38207861|2024-04-14 07:47:20.960000|40.8315|14.135|2.9|BULLETIN-OV||||Md|1.5|--|Campi Flegrei|earthquake
38208051|2024-04-14 07:47:47.809000|40.826167|14.136|1.4|BULLETIN-OV||||Md|1.4|--|Campi Flegrei|earthquake
38210391|2024-04-14 07:52:40.009000|40.825167|14.131167|2.1|BULLETIN-OV||||Md|1.2|--|Campi Flegrei|earthquake
38210451|2024-04-14 07:53:01.720000|40.828833|14.142|2.4|BULLETIN-OV||||Md|1.1|--|Campi Flegrei|earthquake
38208091|2024-04-14 07:57:58.049000|40.824667|14.140167|0.9|BULLETIN-OV||||Md|2.5|--|Campi Flegrei|earthquake
38207461|2024-04-14 08:01:43.700000|40.829|14.138167|2.4|BULLETIN-OV||||Md|3.0|--|Campi Flegrei|earthquake
38208251|2024-04-14 08:03:44.509000|40.829167|14.139333|1.6|BULLETIN-OV||||Md|2.1|--|Campi Flegrei|earthquake
38208171|2024-04-14 08:08:31.279000|40.8285|14.137833|1.7|BULLETIN-OV||||Md|2.4|--|Campi Flegrei|earthquake
38210341|2024-04-14 08:15:28.269000|40.825167|14.129833|1.8|BULLETIN-OV||||Md|1.3|--|Campi Flegrei|earthquake
38210161|2024-04-14 11:15:33.269000|40.8275|14.138667|1.6|BULLETIN-OV||||Md|1.0|--|Campi Flegrei|earthquake
38210291|2024-04-14 11:25:57.170000|40.824333|14.132|1.8|BULLETIN-OV||||Md|1.2|--|Campi Flegrei|earthquake
38210351|2024-04-14 11:26:15.099000|40.8225|14.1365|1.9|BULLETIN-OV||||Md|1.1|--|Campi Flegrei|earthquake
38210491|2024-04-14 11:32:14.900000|40.8235|14.132333|1.8|BULLETIN-OV||||Md|1.9|--|Campi Flegrei|earthquake
38211041|2024-04-14 13:10:37.000000|40.825667|14.140167|1.0|BULLETIN-OV||||Md|1.0|--|Campi Flegrei|earthquake
38212551|2024-04-14 15:44:14.460000|40.8265|14.1395|1.4|BULLETIN-OV||||Md|1.4|--|Campi Flegrei|earthquake
38216951|2024-04-15 05:10:06.329000|40.823|14.133667|0.5|BULLETIN-OV||||Md|2.0|--|Campi Flegrei|earthquake
38226831|2024-04-15 14:54:09.539000|40.839|14.118|2.8|BULLETIN-OV||||Md|1.4|--|Campi Flegrei|earthquake
38232161|2024-04-15 21:13:26.250000|40.821667|14.14|0.6|BULLETIN-OV||||Md|1.3|--|Campi Flegrei|earthquake
38234581|2024-04-16 01:34:20.470000|40.822333|14.133167|2.5|BULLETIN-OV||||Md|1.9|--|Campi Flegrei|earthquake
38234861|2024-04-16 02:11:32.559000|40.831333|14.147333|2.9|BULLETIN-OV||||Md|2.3|--|Campi Flegrei|earthquake
38234841|2024-04-16 02:14:26.859000|40.827167|14.140167|2.4|BULLETIN-OV||||Md|1.1|--|Campi Flegrei|earthquake
38235071|2024-04-16 02:35:20.700000|40.83|14.144|3.0|BULLETIN-OV||||Md|1.5|--|Campi Flegrei|earthquake
38235761|2024-04-16 03:38:05.549000|40.828667|14.151667|2.8|BULLETIN-OV||||Md|2.5|--|Campi Flegrei|earthquake
38239021|2024-04-16 06:43:16.640000|40.821667|14.136833|1.8|BULLETIN-OV||||Md|1.3|--|Campi Flegrei|earthquake
38243141|2024-04-16 10:17:55.509000|40.824833|14.085|2.9|BULLETIN-OV||||Md|2.3|--|Campi Flegrei|earthquake
38243221|2024-04-16 10:18:17.230000|40.823167|14.096667|1.6|BULLETIN-OV||||Md|1.3|--|Campi Flegrei|earthquake
38244751|2024-04-16 11:28:14.799000|40.822|14.086333|2.8|BULLETIN-OV||||Md|1.7|--|Campi Flegrei|earthquake
38258041|2024-04-17 07:44:50.630000|40.832833|14.130833|2.6|BULLETIN-OV||||Md|1.3|--|Campi Flegrei|earthquake
38265801|2024-04-18 02:01:07.279000|40.833167|14.133|2.6|BULLETIN-OV||||Md|1.2|--|Campi Flegrei|earthquake
38269561|2024-04-18 10:09:40.519000|40.828833|14.137|2.1|BULLETIN-OV||||Md|1.9|--|Campi Flegrei|earthquake
38274001|2024-04-18 21:32:47.470000|40.8345|14.125|2.9|BULLETIN-OV||||Md|1.6|--|Campi Flegrei|earthquake
38280301|2024-04-19 10:57:35.519000|40.827833|14.134|2.2|BULLETIN-OV||||Md|1.2|--|Campi Flegrei|earthquake
38294721|2024-04-20 14:27:29.450000|40.824|14.133333|2.4|BULLETIN-OV||||Md|1.6|--|Campi Flegrei|earthquake
38294961|2024-04-20 15:04:31.069000|40.8245|14.136167|2.5|BULLETIN-OV||||Md|2.0|--|Campi Flegrei|earthquake
38297201|2024-04-20 21:30:46.869000|40.826|14.132|2.5|BULLETIN-OV||||Md|1.1|--|Campi Flegrei|earthquake
38297321|2024-04-20 21:40:32.519000|40.826|14.1325|2.7|BULLETIN-OV||||Md|1.1|--|Campi Flegrei|earthquake
38298201|2024-04-21 02:58:48.460000|40.8345|14.13|2.9|BULLETIN-OV||||Md|1.1|--|Campi Flegrei|earthquake
38299531|2024-04-21 06:46:13.140000|40.824|14.131167|2.2|BULLETIN-OV||||Md|2.1|--|Campi Flegrei|earthquake
38299941|2024-04-21 06:46:37.329000|40.825667|14.131|2.2|BULLETIN-OV||||Md|1.2|--|Campi Flegrei|earthquake
38299521|2024-04-21 06:46:43.779000|40.826667|14.129667|1.8|BULLETIN-OV||||Md|1.8|--|Campi Flegrei|earthquake
38300211|2024-04-21 06:46:52.589000|40.824833|14.131333|2.5|BULLETIN-OV||||Md|1.4|--|Campi Flegrei|earthquake
38299801|2024-04-21 07:10:32.730000|40.824667|14.1335|2.0|BULLETIN-OV||||Md|1.0|--|Campi Flegrei|earthquake
38299501|2024-04-21 07:12:29.710000|40.825167|14.131667|2.1|BULLETIN-OV||||Md|1.2|--|Campi Flegrei|earthquake
38303341|2024-04-21 13:55:48.759000|40.8315|14.1335|2.4|BULLETIN-OV||||Md|1.3|--|Campi Flegrei|earthquake
38303441|2024-04-21 13:56:22.980000|40.833833|14.1345|2.8|BULLETIN-OV||||Md|1.3|--|Campi Flegrei|earthquake
38303561|2024-04-21 13:58:07.529000|40.833333|14.133|2.4|BULLETIN-OV||||Md|1.1|--|Campi Flegrei|earthquake
38303921|2024-04-21 14:36:22.579000|40.824167|14.129333|1.2|BULLETIN-OV||||Md|1.3|--|Campi Flegrei|earthquake
38305961|2024-04-21 19:00:43.750000|40.825833|14.128167|2.4|BULLETIN-OV||||Md|1.0|--|Campi Flegrei|earthquake
38306221|2024-04-21 19:30:11.539000|40.8|14.124833|4.2|BULLETIN-OV||||Md|1.6|--|Campi Flegrei|earthquake
38306561|2024-04-21 20:35:15.019000|40.833167|14.135667|2.9|BULLETIN-OV||||Md|1.2|--|Campi Flegrei|earthquake
38306571|2024-04-21 20:35:59.069000|40.836167|14.130833|2.8|BULLETIN-OV||||Md|1.6|--|Campi Flegrei|earthquake
38314731|2024-04-22 11:37:51.029000|40.835833|14.125167|2.6|BULLETIN-OV||||Md|1.9|--|Campi Flegrei|earthquake
38319681|2024-04-23 01:36:34.369000|40.8275|14.121667|2.2|BULLETIN-OV||||Md|1.6|--|Campi Flegrei|earthquake
38319701|2024-04-23 01:36:59.599000|40.826|14.121833|1.9|BULLETIN-OV||||Md|1.3|--|Campi Flegrei|earthquake
38319691|2024-04-23 01:40:36.940000|40.828167|14.124833|1.8|BULLETIN-OV||||Md|1.2|--|Campi Flegrei|earthquake
38319881|2024-04-23 02:17:43.819000|40.8265|14.1165|2.4|BULLETIN-OV||||Md|1.5|--|Campi Flegrei|earthquake
38319871|2024-04-23 02:30:57.990000|40.829333|14.124|1.6|BULLETIN-OV||||Md|1.1|--|Campi Flegrei|earthquake
38319941|2024-04-23 02:49:14.630000|40.820333|14.1565|2.8|BULLETIN-OV||||Md|1.1|--|Campi Flegrei|earthquake
38326711|2024-04-23 14:07:40.990000|40.828167|14.113|0.6|BULLETIN-OV||||Md|1.6|--|Campi Flegrei|earthquake
38326951|2024-04-23 14:12:10.579000|40.835167|14.120167|1.7|BULLETIN-OV||||Md|1.0|--|Campi Flegrei|earthquake
38333941|2024-04-24 04:20:23.970000|40.8075|14.104167|2.6|BULLETIN-OV||||Md|2.2|--|Campi Flegrei|earthquake
38346421|2024-04-25 04:30:42.380000|40.810667|14.1555|2.5|BULLETIN-OV||||Md|1.0|--|Campi Flegrei|earthquake
38346931|2024-04-25 05:15:20.059000|40.828333|14.138167|2.3|BULLETIN-OV||||Md|1.3|--|Campi Flegrei|earthquake
38347611|2024-04-25 07:47:31.289000|40.798667|14.138833|2.9|BULLETIN-OV||||Md|1.4|--|Campi Flegrei|earthquake
38349381|2024-04-25 10:26:28.329000|40.829167|14.1415|2.4|BULLETIN-OV||||Md|1.4|--|Campi Flegrei|earthquake
38349681|2024-04-25 10:50:34.440000|40.827|14.134833|2.1|BULLETIN-OV||||Md|1.2|--|Campi Flegrei|earthquake
38350691|2024-04-25 12:44:52.410000|40.8255|14.136333|1.8|BULLETIN-OV||||Md|1.4|--|Campi Flegrei|earthquake
38350891|2024-04-25 13:17:31.500000|40.826833|14.141333|2.5|BULLETIN-OV||||Md|1.2|--|Campi Flegrei|earthquake
38351851|2024-04-25 14:29:01.210000|40.832667|14.1285|3.0|BULLETIN-OV||||Md|1.1|--|Campi Flegrei|earthquake
38352011|2024-04-25 14:29:09.490000|40.822667|14.135167|2.6|BULLETIN-OV||||Md|1.4|--|Campi Flegrei|earthquake
38354841|2024-04-26 01:38:05.940000|40.833167|14.145|2.2|BULLETIN-OV||||Md|1.0|--|Campi Flegrei|earthquake
38354751|2024-04-26 01:47:42.309000|40.832833|14.147833|2.5|BULLETIN-OV||||Md|2.6|--|Campi Flegrei|earthquake
38354781|2024-04-26 01:50:18.539000|40.832833|14.143|2.2|BULLETIN-OV||||Md|1.2|--|Campi Flegrei|earthquake
38364981|2024-04-26 18:33:22.680000|40.806333|14.145667|3.4|BULLETIN-OV||||Md|1.8|--|Campi Flegrei|earthquake
38375341|2024-04-27 01:23:10.809000|40.812167|14.101833|2.8|BULLETIN-OV||||Md|1.3|--|Campi Flegrei|earthquake
38377741|2024-04-27 02:14:54.579000|40.829333|14.148|1.3|BULLETIN-OV||||Md|1.0|--|Campi Flegrei|earthquake
38381891|2024-04-27 03:44:56.289000|40.8085|14.094|2.8|BULLETIN-OV||||Md|3.9|--|Campi Flegrei|earthquake
38386651|2024-04-27 06:18:50.980000|40.818|14.141833|2.8|BULLETIN-OV||||Md|2.0|--|Campi Flegrei|earthquake
38395441|2024-04-27 13:01:48.950000|40.806667|14.141333|1.5|BULLETIN-OV||||Md|1.2|--|Campi Flegrei|earthquake
38396861|2024-04-27 14:31:16.000000|40.824667|14.150667|1.2|BULLETIN-OV||||Md|1.1|--|Campi Flegrei|earthquake
38399461|2024-04-27 17:11:25.509000|40.816|14.138167|2.5|BULLETIN-OV||||Md|1.0|--|Campi Flegrei|earthquake
38400541|2024-04-27 18:54:46.009000|40.836167|14.130167|1.8|BULLETIN-OV||||Md|1.0|--|Campi Flegrei|earthquake
38401541|2024-04-27 21:28:44.170000|40.825333|14.143667|0.8|BULLETIN-OV||||Md|1.2|--|Campi Flegrei|earthquake
38401871|2024-04-27 21:49:11.089000|40.824|14.149667|1.2|BULLETIN-OV||||Md|1.7|--|Campi Flegrei|earthquake
38402011|2024-04-27 21:58:41.339000|40.826833|14.138333|0.8|BULLETIN-OV||||Md|1.1|--|Campi Flegrei|earthquake
38403391|2024-04-28 03:50:21.089000|40.825167|14.146833|1.1|BULLETIN-OV||||Md|1.0|--|Campi Flegrei|earthquake
38403351|2024-04-28 03:50:28.079000|40.825|14.149|1.2|BULLETIN-OV||||Md|1.1|--|Campi Flegrei|earthquake
38404111|2024-04-28 04:54:44.160000|40.837|14.121833|2.5|BULLETIN-OV||||Md|1.7|--|Campi Flegrei|earthquake
38412621|2024-04-28 16:33:57.680000|40.811833|14.109167|2.8|BULLETIN-OV||||Md|1.1|--|Campi Flegrei|earthquake
38415381|2024-04-29 01:34:54.829000|40.8205|14.089|2.8|BULLETIN-OV||||Md|1.1|--|Campi Flegrei|earthquake
38419591|2024-04-29 08:34:47.380000|40.8355|14.115|2.9|BULLETIN-OV||||Md|2.1|--|Campi Flegrei|earthquake
38419681|2024-04-29 08:35:10.930000|40.822833|14.123833|3.0|BULLETIN-OV||||Md|1.1|--|Campi Flegrei|earthquake
38428331|2024-04-29 17:44:52.880000|40.821667|14.138|0.9|BULLETIN-OV||||Md|2.2|--|Campi Flegrei|earthquake
38428551|2024-04-29 17:45:22.690000|40.821667|14.137333|0.8|BULLETIN-OV||||Md|1.6|--|Campi Flegrei|earthquake
38429771|2024-04-29 21:58:36.849000|40.830667|14.133667|2.5|BULLETIN-OV||||Md|1.1|--|Campi Flegrei|earthquake
38429871|2024-04-29 21:59:03.789000|40.832333|14.134833|2.7|BULLETIN-OV||||Md|1.9|--|Campi Flegrei|earthquake
38429821|2024-04-29 22:06:38.299000|40.833167|14.130667|2.2|BULLETIN-OV||||Md|1.1|--|Campi Flegrei|earthquake
38430161|2024-04-29 23:05:05.759000|40.836|14.120333|2.6|BULLETIN-OV||||Md|1.1|--|Campi Flegrei|earthquake
38430521|2024-04-30 00:08:37.950000|40.831|14.1305|2.9|BULLETIN-OV||||Md|1.4|--|Campi Flegrei|earthquake
38435131|2024-04-30 08:32:02.990000|40.832667|14.113|2.6|BULLETIN-OV||||Md|1.8|--|Campi Flegrei|earthquake
38435121|2024-04-30 08:35:43.660000|40.831|14.112833|2.1|BULLETIN-OV||||Md|1.1|--|Campi Flegrei|earthquake
38435921|2024-04-30 09:05:27.200000|40.832833|14.1295|2.3|BULLETIN-OV||||Md|1.1|--|Campi Flegrei|earthquake
38436901|2024-04-30 09:10:03.950000|40.832333|14.131333|2.6|BULLETIN-OV||||Md|1.5|--|Campi Flegrei|earthquake
38447821|2024-04-30 22:11:17.059000|40.823167|14.135|2.6|BULLETIN-OV||||Md|1.7|--|Campi Flegrei|earthquake
38448291|2024-04-30 23:23:01.329000|40.8035|14.1075|3.5|BULLETIN-OV||||Md|2.4|--|Campi Flegrei|earthquake
38448371|2024-05-01 00:10:08.630000|40.822167|14.1375|2.4|BULLETIN-OV||||Md|1.1|--|Campi Flegrei|earthquake
38448601|2024-05-01 00:32:56.240000|40.808833|14.113167|3.2|BULLETIN-OV||||Md|1.3|--|Campi Flegrei|earthquake
38449141|2024-05-01 01:56:41.660000|40.832833|14.135333|1.9|BULLETIN-OV||||Md|1.2|--|Campi Flegrei|earthquake
38465871|2024-05-02 09:15:00.170000|40.819167|14.155667|2.8|BULLETIN-OV||||Md|1.0|--|Campi Flegrei|earthquake
38476931|2024-05-03 00:30:55.119000|40.834833|14.134|2.9|BULLETIN-OV||||Md|1.9|--|Campi Flegrei|earthquake
38486851|2024-05-03 12:17:11.000000|40.826167|14.133833|2.1|BULLETIN-OV||||Md|1.0|--|Campi Flegrei|earthquake
38491701|2024-05-03 19:13:51.910000|40.802833|14.110333|3.0|BULLETIN-OV||||Md|1.7|--|Campi Flegrei|earthquake
38497321|2024-05-04 10:09:41.619000|40.8325|14.136833|2.3|BULLETIN-OV||||Md|1.2|--|Campi Flegrei|earthquake
38501501|2024-05-04 16:13:25.799000|40.83|14.092|2.2|BULLETIN-OV||||Md|1.3|--|Campi Flegrei|earthquake
38514861|2024-05-06 02:05:47.029000|40.819|14.144167|0.2|BULLETIN-OV||||Md|1.4|--|Campi Flegrei|earthquake
38521821|2024-05-06 14:21:31.069000|40.820333|14.143|0.3|BULLETIN-OV||||Md|1.6|--|Campi Flegrei|earthquake
38524301|2024-05-06 20:38:25.660000|40.813167|14.100333|2.6|BULLETIN-OV||||Md|1.3|--|Campi Flegrei|earthquake
38524461|2024-05-06 22:18:06.890000|40.823333|14.141833|0.9|BULLETIN-OV||||Md|1.0|--|Campi Flegrei|earthquake
38525061|2024-05-06 23:38:57.720000|40.823|14.138333|0.9|BULLETIN-OV||||Md|1.1|--|Campi Flegrei|earthquake
38525461|2024-05-07 00:54:20.299000|40.818833|14.149|0.4|BULLETIN-OV||||Md|2.3|--|Campi Flegrei|earthquake
38525481|2024-05-07 01:08:24.160000|40.824333|14.142833|1.4|BULLETIN-OV||||Md|1.5|--|Campi Flegrei|earthquake
38525651|2024-05-07 01:47:54.559000|40.826|14.145|1.8|BULLETIN-OV||||Md|3.2|--|Campi Flegrei|earthquake
38526041|2024-05-07 01:59:09.490000|40.825833|14.152333|2.4|BULLETIN-OV||||Md|1.4|--|Campi Flegrei|earthquake
38526111|2024-05-07 02:28:48.700000|40.826333|14.148333|1.4|BULLETIN-OV||||Md|1.0|--|Campi Flegrei|earthquake
38526731|2024-05-07 03:53:22.359000|40.827|14.144167|1.4|BULLETIN-OV||||Md|2.9|--|Campi Flegrei|earthquake
38526791|2024-05-07 03:57:53.869000|40.8235|14.142|0.9|BULLETIN-OV||||Md|2.1|--|Campi Flegrei|earthquake
38528041|2024-05-07 04:44:36.559000|40.826|14.15|1.8|BULLETIN-OV||||Md|1.9|--|Campi Flegrei|earthquake
38809751|2024-05-07 04:44:41.170000|40.8235|14.152333|1.3|BULLETIN-OV||||Md|2.0|--|Campi Flegrei|earthquake
38528221|2024-05-07 04:46:48.049000|40.825167|14.149|2.0|BULLETIN-OV||||Md|2.2|--|Campi Flegrei|earthquake
38527911|2024-05-07 04:53:11.119000|40.8265|14.147|1.7|BULLETIN-OV||||Md|1.7|--|Campi Flegrei|earthquake
38530931|2024-05-07 09:01:43.119000|40.822167|14.136667|0.4|BULLETIN-OV||||Md|1.0|--|Campi Flegrei|earthquake
38537891|2024-05-07 17:37:25.089000|40.827833|14.1415|2.0|BULLETIN-OV||||Md|2.8|--|Campi Flegrei|earthquake
38540491|2024-05-08 03:47:47.690000|40.833167|14.1265|3.4|BULLETIN-OV||||Md|1.7|--|Campi Flegrei|earthquake
38541331|2024-05-08 05:29:10.440000|40.8325|14.13|3.0|BULLETIN-OV||||Md|2.6|--|Campi Flegrei|earthquake
38560671|2024-05-09 12:19:29.880000|40.837833|14.096|2.1|BULLETIN-OV||||Md|1.3|--|Campi Flegrei|earthquake
38575391|2024-05-10 08:11:03.890000|40.829833|14.154667|2.8|BULLETIN-OV||||Md|1.5|--|Campi Flegrei|earthquake
38575961|2024-05-10 09:01:33.539000|40.7985|14.117667|3.9|BULLETIN-OV||||Md|1.4|--|Campi Flegrei|earthquake
38578121|2024-05-10 10:31:43.470000|40.8015|14.117167|3.6|BULLETIN-OV||||Md|1.5|--|Campi Flegrei|earthquake
38580291|2024-05-10 11:25:52.089000|40.811333|14.1035|2.4|BULLETIN-OV||||Md|3.7|--|Campi Flegrei|earthquake
38580361|2024-05-10 11:26:10.319000|40.811|14.1145|2.2|BULLETIN-OV||||Md|3.6|--|Campi Flegrei|earthquake
38580431|2024-05-10 11:29:04.440000|40.807333|14.113333|3.8|BULLETIN-OV||||Md|1.2|--|Campi Flegrei|earthquake
42003371|2024-05-10 11:34:36.579000|40.802833|14.115667|3.4|BULLETIN-OV||||Md|1.1|--|Campi Flegrei|earthquake
38586271|2024-05-10 19:31:11.779000|40.811167|14.138167|3.4|BULLETIN-OV||||Md|1.0|--|Campi Flegrei|earthquake
38586931|2024-05-10 20:49:12.859000|40.807167|14.1035|3.8|BULLETIN-OV||||Md|1.1|--|Campi Flegrei|earthquake
38602741|2024-05-11 23:47:51.210000|40.822833|14.127|1.9|BULLETIN-OV||||Md|1.2|--|Campi Flegrei|earthquake
38604931|2024-05-12 06:38:59.180000|40.8015|14.122|4.8|BULLETIN-OV||||Md|1.7|--|Campi Flegrei|earthquake
38605591|2024-05-12 07:22:48.029000|40.8255|14.137333|1.8|BULLETIN-OV||||Md|1.2|--|Campi Flegrei|earthquake
38605631|2024-05-12 07:26:34.180000|40.823167|14.134833|1.6|BULLETIN-OV||||Md|1.3|--|Campi Flegrei|earthquake
38608591|2024-05-12 10:43:39.019000|40.8275|14.127167|1.9|BULLETIN-OV||||Md|1.5|--|Campi Flegrei|earthquake
38608661|2024-05-12 11:03:34.849000|40.829|14.127833|1.8|BULLETIN-OV||||Md|1.0|--|Campi Flegrei|earthquake
38611081|2024-05-12 14:04:12.329000|40.8075|14.107833|3.0|BULLETIN-OV||||Md|1.2|--|Campi Flegrei|earthquake
38612661|2024-05-12 15:41:49.130000|40.825|14.144|0.9|BULLETIN-OV||||Md|1.6|--|Campi Flegrei|earthquake
38616031|2024-05-12 22:30:32.099000|40.824167|14.136667|1.4|BULLETIN-OV||||Md|1.4|--|Campi Flegrei|earthquake
38617181|2024-05-13 01:30:20.750000|40.832333|14.092|2.2|BULLETIN-OV||||Md|2.9|--|Campi Flegrei|earthquake
42003381|2024-05-13 01:48:07.930000|40.827667|14.097167|2.2|BULLETIN-OV||||Md|1.2|--|Campi Flegrei|earthquake
38617261|2024-05-13 01:52:11.079000|40.830167|14.084|2.9|BULLETIN-OV||||Md|1.4|--|Campi Flegrei|earthquake
38623671|2024-05-13 11:44:43.559000|40.833167|14.129333|2.7|BULLETIN-OV||||Md|1.3|--|Campi Flegrei|earthquake
38630861|2024-05-13 20:49:58.500000|40.8315|14.140167|1.6|BULLETIN-OV||||Md|2.3|--|Campi Flegrei|earthquake
38631011|2024-05-13 21:02:59.250000|40.829333|14.138667|0.8|BULLETIN-OV||||Md|1.5|--|Campi Flegrei|earthquake
38631191|2024-05-13 21:20:41.109000|40.797667|14.121833|2.9|BULLETIN-OV||||Md|1.1|--|Campi Flegrei|earthquake
38631401|2024-05-13 22:40:56.430000|40.822667|14.081|2.8|BULLETIN-OV||||Md|1.1|--|Campi Flegrei|earthquake
38670401|2024-05-16 09:08:22.809000|40.8325|14.140167|2.3|BULLETIN-OV||||Md|1.0|--|Campi Flegrei|earthquake
38670931|2024-05-16 09:32:42.450000|40.836833|14.144667|2.6|BULLETIN-OV||||Md|1.3|--|Campi Flegrei|earthquake
38671681|2024-05-16 10:09:38.579000|40.830667|14.140167|2.6|BULLETIN-OV||||Md|1.1|--|Campi Flegrei|earthquake
38671801|2024-05-16 10:21:06.339000|40.825333|14.129333|1.7|BULLETIN-OV||||Md|1.0|--|Campi Flegrei|earthquake
38678201|2024-05-16 16:24:06.890000|40.8295|14.1445|2.1|BULLETIN-OV||||Md|1.2|--|Campi Flegrei|earthquake
42003391|2024-05-18 02:31:23.559000|40.831333|14.112333|2.3|BULLETIN-OV||||Md|1.2|--|Campi Flegrei|earthquake
38702341|2024-05-18 04:06:04.579000|40.820333|14.158833|2.6|BULLETIN-OV||||Md|2.2|--|Campi Flegrei|earthquake
38702971|2024-05-18 04:30:55.200000|40.835333|14.143333|2.8|BULLETIN-OV||||Md|2.8|--|Campi Flegrei|earthquake
38703741|2024-05-18 05:13:05.279000|40.830167|14.137833|2.1|BULLETIN-OV||||Md|1.1|--|Campi Flegrei|earthquake
38715061|2024-05-18 13:54:53.150000|40.8145|14.0975|2.4|BULLETIN-OV||||Md|1.1|--|Campi Flegrei|earthquake
38743381|2024-05-20 01:56:02.680000|40.824667|14.133|2.3|BULLETIN-OV||||Md|2.4|--|Campi Flegrei|earthquake
38741021|2024-05-20 01:56:55.390000|40.823667|14.130833|1.5|BULLETIN-OV||||Md|1.3|--|Campi Flegrei|earthquake
38740911|2024-05-20 01:58:05.700000|40.8245|14.134|2.3|BULLETIN-OV||||Md|2.0|--|Campi Flegrei|earthquake
38740931|2024-05-20 02:01:37.829000|40.824167|14.132333|0.9|BULLETIN-OV||||Md|1.1|--|Campi Flegrei|earthquake
38741191|2024-05-20 02:14:29.690000|40.8245|14.133|1.6|BULLETIN-OV||||Md|2.2|--|Campi Flegrei|earthquake
38743181|2024-05-20 03:14:15.369000|40.824|14.131667|0.9|BULLETIN-OV||||Md|1.3|--|Campi Flegrei|earthquake
38745401|2024-05-20 06:50:23.630000|40.824833|14.151333|2.1|BULLETIN-OV||||Md|2.2|--|Campi Flegrei|earthquake
38758361|2024-05-20 17:29:29.829000|40.828333|14.141333|1.2|BULLETIN-OV||||Md|1.2|--|Campi Flegrei|earthquake
38759411|2024-05-20 17:51:14.940000|40.838667|14.128833|2.6|BULLETIN-OV||||Md|3.5|--|Campi Flegrei|earthquake
38760371|2024-05-20 17:56:44.529000|40.833833|14.124167|2.8|BULLETIN-OV||||Md|1.1|--|Campi Flegrei|earthquake
38760291|2024-05-20 18:09:37.869000|40.825833|14.134667|2.3|BULLETIN-OV||||Md|1.5|--|Campi Flegrei|earthquake
38759141|2024-05-20 18:10:03.549000|40.827333|14.1375|2.6|BULLETIN-OV||||Md|4.4|--|Campi Flegrei|earthquake
38760241|2024-05-20 18:12:23.839000|40.8335|14.142833|1.2|BULLETIN-OV||||Md|1.0|--|Campi Flegrei|earthquake
38760571|2024-05-20 18:16:58.829000|40.826|14.144667|1.9|BULLETIN-OV||||Md|1.4|--|Campi Flegrei|earthquake
38760721|2024-05-20 18:37:28.119000|40.827|14.147667|1.8|BULLETIN-OV||||Md|1.6|--|Campi Flegrei|earthquake
38761001|2024-05-20 19:03:48.039000|40.824667|14.1405|1.1|BULLETIN-OV||||Md|1.0|--|Campi Flegrei|earthquake
38763401|2024-05-20 19:31:03.309000|40.824833|14.130667|2.5|BULLETIN-OV||||Md|2.4|--|Campi Flegrei|earthquake
38762031|2024-05-20 19:46:14.190000|40.829667|14.136167|2.8|BULLETIN-OV||||Md|3.9|--|Campi Flegrei|earthquake
42003601|2024-05-20 19:50:05.240000|40.827667|14.144833|2.3|BULLETIN-OV||||Md|1.1|--|Campi Flegrei|earthquake
42003611|2024-05-20 19:50:41.119000|40.830167|14.1485|2.4|BULLETIN-OV||||Md|1.2|--|Campi Flegrei|earthquake
38763751|2024-05-20 19:53:13.140000|40.8245|14.127333|2.5|BULLETIN-OV||||Md|1.3|--|Campi Flegrei|earthquake
38762741|2024-05-20 19:55:37.839000|40.822833|14.125667|2.2|BULLETIN-OV||||Md|3.1|--|Campi Flegrei|earthquake
39011031|2024-05-20 19:56:54.589000|40.831333|14.145333|2.2|BULLETIN-OV||||Md|1.1|--|Campi Flegrei|earthquake
38763921|2024-05-20 20:03:55.539000|40.823667|14.131|2.5|BULLETIN-OV||||Md|2.1|--|Campi Flegrei|earthquake
38763841|2024-05-20 20:06:27.299000|40.8295|14.145333|1.9|BULLETIN-OV||||Md|1.3|--|Campi Flegrei|earthquake
38764681|2024-05-20 20:07:26.880000|40.823833|14.13|1.7|BULLETIN-OV||||Md|1.0|--|Campi Flegrei|earthquake
38764721|2024-05-20 20:09:55.019000|40.824|14.132667|0.8|BULLETIN-OV||||Md|1.1|--|Campi Flegrei|earthquake
38764431|2024-05-20 20:25:29.809000|40.821333|14.136333|0.8|BULLETIN-OV||||Md|1.8|--|Campi Flegrei|earthquake
38765121|2024-05-20 20:31:04.910000|40.821333|14.137333|1.4|BULLETIN-OV||||Md|1.3|--|Campi Flegrei|earthquake
38765061|2024-05-20 20:47:01.650000|40.822833|14.118667|2.6|BULLETIN-OV||||Md|1.1|--|Campi Flegrei|earthquake
38765201|2024-05-20 20:47:42.450000|40.823667|14.117833|2.3|BULLETIN-OV||||Md|1.0|--|Campi Flegrei|earthquake
38764921|2024-05-20 21:00:55.170000|40.822667|14.124333|2.7|BULLETIN-OV||||Md|3.6|--|Campi Flegrei|earthquake
38766681|2024-05-20 21:09:07.319000|40.819|14.121833|1.7|BULLETIN-OV||||Md|1.1|--|Campi Flegrei|earthquake
38766181|2024-05-20 21:09:38.359000|40.820167|14.122|1.8|BULLETIN-OV||||Md|1.1|--|Campi Flegrei|earthquake
38767071|2024-05-20 21:21:03.319000|40.822|14.120333|2.2|BULLETIN-OV||||Md|1.0|--|Campi Flegrei|earthquake
38767081|2024-05-20 21:22:17.819000|40.822333|14.132167|0.9|BULLETIN-OV||||Md|1.5|--|Campi Flegrei|earthquake
38766981|2024-05-20 21:22:39.759000|40.821667|14.119333|2.2|BULLETIN-OV||||Md|1.1|--|Campi Flegrei|earthquake
38766911|2024-05-20 21:23:50.420000|40.821167|14.136333|0.9|BULLETIN-OV||||Md|1.2|--|Campi Flegrei|earthquake
38767541|2024-05-20 21:53:29.069000|40.824333|14.130333|2.1|BULLETIN-OV||||Md|1.2|--|Campi Flegrei|earthquake
38767521|2024-05-20 22:19:57.980000|40.823667|14.131667|1.5|BULLETIN-OV||||Md|2.0|--|Campi Flegrei|earthquake
38767581|2024-05-20 22:22:13.650000|40.822833|14.120333|2.1|BULLETIN-OV||||Md|1.0|--|Campi Flegrei|earthquake
38768361|2024-05-20 22:55:54.160000|40.818167|14.144333|0.3|BULLETIN-OV||||Md|2.8|--|Campi Flegrei|earthquake
38768341|2024-05-20 23:11:35.819000|40.818667|14.141|0.2|BULLETIN-OV||||Md|1.2|--|Campi Flegrei|earthquake
38769851|2024-05-20 23:28:38.039000|40.82|14.142|0.2|BULLETIN-OV||||Md|1.2|--|Campi Flegrei|earthquake
38769921|2024-05-20 23:31:52.410000|40.82|14.143|0.5|BULLETIN-OV||||Md|1.7|--|Campi Flegrei|earthquake
38769791|2024-05-21 00:01:12.400000|40.818833|14.1415|0.3|BULLETIN-OV||||Md|1.1|--|Campi Flegrei|earthquake
38771001|2024-05-21 00:29:31.650000|40.8345|14.111833|3.2|BULLETIN-OV||||Md|1.3|--|Campi Flegrei|earthquake
38771511|2024-05-21 01:05:15.529000|40.819667|14.132833|1.2|BULLETIN-OV||||Md|1.0|--|Campi Flegrei|earthquake
38772081|2024-05-21 01:48:07.150000|40.822833|14.134833|1.2|BULLETIN-OV||||Md|1.0|--|Campi Flegrei|earthquake
38772231|2024-05-21 01:48:36.279000|40.836|14.110333|3.1|BULLETIN-OV||||Md|1.4|--|Campi Flegrei|earthquake
38774081|2024-05-21 02:12:30.589000|40.830167|14.135333|1.3|BULLETIN-OV||||Md|1.2|--|Campi Flegrei|earthquake
38774031|2024-05-21 03:29:09.920000|40.820333|14.132833|1.1|BULLETIN-OV||||Md|1.0|--|Campi Flegrei|earthquake
38776751|2024-05-21 06:00:33.650000|40.827167|14.154167|2.2|BULLETIN-OV||||Md|1.3|--|Campi Flegrei|earthquake
38780991|2024-05-21 08:49:03.980000|40.822833|14.128667|1.6|BULLETIN-OV||||Md|1.6|--|Campi Flegrei|earthquake
38791111|2024-05-21 16:27:59.869000|40.824667|14.138333|1.4|BULLETIN-OV||||Md|1.0|--|Campi Flegrei|earthquake
38790831|2024-05-21 16:28:27.700000|40.827333|14.1425|2.1|BULLETIN-OV||||Md|1.2|--|Campi Flegrei|earthquake
38791071|2024-05-21 16:29:40.269000|40.829333|14.138833|2.3|BULLETIN-OV||||Md|1.6|--|Campi Flegrei|earthquake
38790861|2024-05-21 16:31:52.519000|40.8275|14.1375|2.8|BULLETIN-OV||||Md|1.4|--|Campi Flegrei|earthquake
38793771|2024-05-21 20:48:22.960000|40.808167|14.097833|3.7|BULLETIN-OV||||Md|1.1|--|Campi Flegrei|earthquake
38797691|2024-05-22 06:28:00.380000|40.8085|14.107667|2.6|BULLETIN-OV||||Md|3.6|--|Campi Flegrei|earthquake
38815421|2024-05-22 23:07:27.390000|40.838333|14.151167|0.9|BULLETIN-OV||||Md|1.2|--|Campi Flegrei|earthquake
38830541|2024-05-23 23:44:27.109000|40.83|14.083667|2.8|BULLETIN-OV||||Md|1.9|--|Campi Flegrei|earthquake
38830561|2024-05-23 23:46:18.700000|40.829|14.0935|2.5|BULLETIN-OV||||Md|1.1|--|Campi Flegrei|earthquake
38849221|2024-05-25 01:00:33.890000|40.826167|14.140167|1.5|BULLETIN-OV||||Md|1.3|--|Campi Flegrei|earthquake
38849211|2024-05-25 01:03:23.859000|40.8295|14.140167|2.4|BULLETIN-OV||||Md|2.7|--|Campi Flegrei|earthquake
38849231|2024-05-25 01:09:39.359000|40.825167|14.139333|2.3|SURVEY-INGV-OV#SiSmi||||Md|1.7|--|Campi Flegrei|earthquake
38849341|2024-05-25 01:24:31.019000|40.827167|14.140167|2.5|BULLETIN-OV||||Md|1.1|--|Campi Flegrei|earthquake
38849521|2024-05-25 02:08:40.690000|40.8275|14.140167|2.5|BULLETIN-OV||||Md|1.5|--|Campi Flegrei|earthquake
38849711|2024-05-25 02:32:53.579000|40.827167|14.136167|2.4|BULLETIN-OV||||Md|1.6|--|Campi Flegrei|earthquake
38883781|2024-05-26 22:53:17.930000|40.826333|14.151333|1.2|BULLETIN-OV||||Md|1.2|--|Campi Flegrei|earthquake
38893751|2024-05-27 12:06:22.480000|40.811667|14.1555|2.9|BULLETIN-OV||||Md|1.7|--|Campi Flegrei|earthquake
38900951|2024-05-27 23:06:39.420000|40.824333|14.149|1.5|BULLETIN-OV||||Md|1.1|--|Campi Flegrei|earthquake
38920881|2024-05-29 01:58:56.569000|40.8365|14.151167|2.2|SURVEY-INGV-OV#SeismoWeb||||Md|1.7|--|Campi Flegrei|earthquake
42008401|2024-05-29 01:58:56.690000|40.834833|14.147333|1.9|BULLETIN-OV||||Md|1.7|--|Campi Flegrei|earthquake
38923381|2024-05-29 06:12:53.299000|40.8255|14.140167|1.2|BULLETIN-OV||||Md|1.0|--|Campi Flegrei|earthquake
38942491|2024-05-30 03:36:19.920000|40.805833|14.105833|3.8|BULLETIN-OV||||Md|1.7|--|Campi Flegrei|earthquake
38963301|2024-05-31 07:19:05.660000|40.831667|14.146|1.8|BULLETIN-OV||||Md|1.5|--|Campi Flegrei|earthquake
38966381|2024-05-31 09:47:27.460000|40.837667|14.140833|1.6|BULLETIN-OV||||Md|1.2|--|Campi Flegrei|earthquake
38981861|2024-06-01 06:31:01.799000|40.827667|14.141833|1.6|BULLETIN-OV||||Md|1.1|--|Campi Flegrei|earthquake
39003791|2024-06-02 09:10:03.029000|40.815|14.090833|2.5|BULLETIN-OV||||Md|1.3|--|Campi Flegrei|earthquake
39027951|2024-06-03 21:48:12.910000|40.829667|14.139333|2.7|BULLETIN-OV||||Md|1.2|--|Campi Flegrei|earthquake
39030001|2024-06-04 05:23:28.150000|40.831333|14.147833|2.5|BULLETIN-OV||||Md|1.9|--|Campi Flegrei|earthquake
39040161|2024-06-04 18:12:23.029000|40.828167|14.107833|1.5|BULLETIN-OV||||Md|1.2|--|Campi Flegrei|earthquake
39042941|2024-06-05 01:03:14.569000|40.833167|14.1505|2.2|BULLETIN-OV||||Md|1.1|--|Campi Flegrei|earthquake
39044571|2024-06-05 04:43:48.079000|40.831333|14.143667|1.4|BULLETIN-OV||||Md|1.0|--|Campi Flegrei|earthquake
39054711|2024-06-05 15:13:32.240000|40.825|14.139333|0.8|BULLETIN-OV||||Md|1.0|--|Campi Flegrei|earthquake
39072461|2024-06-06 18:59:45.210000|40.827333|14.144167|2.3|BULLETIN-OV||||Md|1.2|--|Campi Flegrei|earthquake
39088961|2024-06-08 01:52:04.829000|40.829833|14.144|2.4|BULLETIN-OV||||Md|3.5|--|Campi Flegrei|earthquake
39089291|2024-06-08 01:52:21.670000|40.8295|14.144167|2.1|BULLETIN-OV||||Md|3.0|--|Campi Flegrei|earthquake
39089101|2024-06-08 02:09:03.579000|40.830667|14.149|2.3|BULLETIN-OV||||Md|3.7|--|Campi Flegrei|earthquake
39089421|2024-06-08 02:10:16.279000|40.828667|14.146667|2.4|BULLETIN-OV||||Md|2.7|--|Campi Flegrei|earthquake
39089901|2024-06-08 02:10:58.630000|40.828833|14.151667|2.2|BULLETIN-OV||||Md|2.1|--|Campi Flegrei|earthquake
39089501|2024-06-08 02:13:56.500000|40.825333|14.143667|0.9|BULLETIN-OV||||Md|1.1|--|Campi Flegrei|earthquake
39089541|2024-06-08 02:17:44.029000|40.830333|14.146|2.7|BULLETIN-OV||||Md|2.0|--|Campi Flegrei|earthquake
39089511|2024-06-08 02:31:41.869000|40.8255|14.139|0.8|BULLETIN-OV||||Md|1.3|--|Campi Flegrei|earthquake
39089531|2024-06-08 02:33:55.720000|40.826667|14.142167|1.4|BULLETIN-OV||||Md|1.1|--|Campi Flegrei|earthquake
39100231|2024-06-08 16:42:22.190000|40.826333|14.156833|1.8|BULLETIN-OV||||Md|1.1|--|Campi Flegrei|earthquake
39107221|2024-06-09 07:51:38.720000|40.835|14.1275|3.0|BULLETIN-OV||||Md|1.1|--|Campi Flegrei|earthquake
39110301|2024-06-09 09:08:23.000000|40.830667|14.120333|2.0|BULLETIN-OV||||Md|1.2|--|Campi Flegrei|earthquake
42008421|2024-06-09 13:52:59.440000|40.799667|14.1255|3.7|BULLETIN-OV||||Md|1.3|--|Campi Flegrei|earthquake
39140981|2024-06-11 05:34:10.410000|40.820333|14.154667|1.8|BULLETIN-OV||||Md|1.2|--|Campi Flegrei|earthquake
39154081|2024-06-12 01:04:58.809000|40.828333|14.097667|1.8|BULLETIN-OV||||Md|1.0|--|Campi Flegrei|earthquake
39189881|2024-06-14 02:20:43.210000|40.836|14.123|2.6|BULLETIN-OV||||Md|1.4|--|Campi Flegrei|earthquake
39204031|2024-06-14 21:23:22.720000|40.815333|14.124|2.9|BULLETIN-OV||||Md|1.4|--|Campi Flegrei|earthquake
42008431|2024-06-14 23:25:09.710000|40.831333|14.138833|2.6|BULLETIN-OV||||Md|1.0|--|Campi Flegrei|earthquake
39223201|2024-06-15 22:58:57.029000|40.8265|14.141|1.8|BULLETIN-OV||||Md|1.1|--|Campi Flegrei|earthquake
39236931|2024-06-16 17:49:44.230000|40.842|14.135|1.7|BULLETIN-OV||||Md|1.1|--|Campi Flegrei|earthquake
39236871|2024-06-16 17:50:09.740000|40.841333|14.132333|1.0|BULLETIN-OV||||Md|1.3|--|Campi Flegrei|earthquake
39239661|2024-06-16 23:35:09.329000|40.825167|14.144833|0.8|BULLETIN-OV||||Md|1.4|--|Campi Flegrei|earthquake
39239631|2024-06-16 23:35:11.890000|40.825333|14.148333|0.8|BULLETIN-OV||||Md|1.5|--|Campi Flegrei|earthquake
39239701|2024-06-16 23:41:27.650000|40.826333|14.144|0.7|BULLETIN-OV||||Md|1.3|--|Campi Flegrei|earthquake
39239711|2024-06-16 23:41:38.529000|40.825333|14.145667|0.9|BULLETIN-OV||||Md|1.1|--|Campi Flegrei|earthquake
39243911|2024-06-17 09:07:36.049000|40.834833|14.128|2.5|BULLETIN-OV||||Md|1.1|--|Campi Flegrei|earthquake
39251041|2024-06-17 17:29:13.079000|40.807333|14.102833|3.1|BULLETIN-OV||||Md|1.3|--|Campi Flegrei|earthquake
39252281|2024-06-17 19:30:49.039000|40.816333|14.107|2.6|BULLETIN-OV||||Md|1.9|--|Campi Flegrei|earthquake
39254101|2024-06-18 01:58:24.410000|40.832|14.084333|2.7|BULLETIN-OV||||Md|3.4|--|Campi Flegrei|earthquake
39385291|2024-06-20 07:30:19.950000|40.810667|14.113|2.9|BULLETIN-OV||||Md|1.3|--|Campi Flegrei|earthquake
39399121|2024-06-21 16:54:09.470000|40.806667|14.123333|3.1|BULLETIN-OV||||Md|1.5|--|Campi Flegrei|earthquake
39399691|2024-06-21 17:57:01.390000|40.807667|14.124167|3.6|BULLETIN-OV||||Md|1.0|--|Campi Flegrei|earthquake
39402251|2024-06-22 02:15:06.680000|40.820333|14.135|1.6|BULLETIN-OV||||Md|1.0|--|Campi Flegrei|earthquake
39416351|2024-06-24 00:34:39.119000|40.801333|14.1255|3.5|BULLETIN-OV||||Md|1.3|--|Campi Flegrei|earthquake
39417761|2024-06-24 03:03:34.170000|40.8235|14.135833|2.4|BULLETIN-OV||||Md|1.3|--|Campi Flegrei|earthquake
39417081|2024-06-24 03:13:36.450000|40.8295|14.135667|2.7|BULLETIN-OV||||Md|1.6|--|Campi Flegrei|earthquake
39417171|2024-06-24 03:22:46.529000|40.827|14.139167|2.7|BULLETIN-OV||||Md|1.1|--|Campi Flegrei|earthquake
39417161|2024-06-24 03:32:38.420000|40.826167|14.1355|2.3|BULLETIN-OV||||Md|1.5|--|Campi Flegrei|earthquake
39417741|2024-06-24 04:15:35.960000|40.828167|14.136667|2.5|BULLETIN-OV||||Md|2.0|--|Campi Flegrei|earthquake
39429191|2024-06-24 22:35:33.400000|40.806167|14.122667|3.8|BULLETIN-OV||||Md|1.1|--|Campi Flegrei|earthquake
39463331|2024-06-27 20:30:36.630000|40.830667|14.143|2.2|BULLETIN-OV||||Md|1.7|--|Campi Flegrei|earthquake
39464171|2024-06-28 00:37:29.099000|40.831333|14.099|2.4|BULLETIN-OV||||Md|1.2|--|Campi Flegrei|earthquake
39480601|2024-06-29 14:20:12.569000|40.825167|14.140833|0.6|BULLETIN-OV||||Md|1.4|--|Campi Flegrei|earthquake
39504691|2024-07-01 13:15:24.640000|40.821333|14.126|1.4|BULLETIN-OV||||Md|1.0|--|Campi Flegrei|earthquake
39505201|2024-07-01 13:39:37.539000|40.820667|14.126167|1.4|BULLETIN-OV||||Md|1.0|--|Campi Flegrei|earthquake
39510101|2024-07-01 21:44:06.220000|40.804833|14.126|4.0|BULLETIN-OV||||Md|1.3|--|Campi Flegrei|earthquake
39510491|2024-07-01 23:27:50.869000|40.809|14.107833|2.9|BULLETIN-OV||||Md|1.8|--|Campi Flegrei|earthquake
39513711|2024-07-02 06:21:06.859000|40.815833|14.153|2.6|BULLETIN-OV||||Md|1.2|--|Campi Flegrei|earthquake
39520601|2024-07-02 13:10:14.789000|40.815|14.1555|2.7|BULLETIN-OV||||Md|2.9|--|Campi Flegrei|earthquake
39520571|2024-07-02 13:11:34.200000|40.813333|14.155667|2.9|BULLETIN-OV||||Md|2.7|--|Campi Flegrei|earthquake
39520741|2024-07-02 13:13:45.759000|40.8135|14.158|2.8|BULLETIN-OV||||Md|2.8|--|Campi Flegrei|earthquake
39520811|2024-07-02 13:14:02.259000|40.811667|14.154|2.9|BULLETIN-OV||||Md|2.5|--|Campi Flegrei|earthquake
39524381|2024-07-02 18:10:23.900000|40.825|14.140167|0.8|BULLETIN-OV||||Md|1.2|--|Campi Flegrei|earthquake
39525721|2024-07-02 21:01:49.700000|40.813333|14.152167|2.2|BULLETIN-OV||||Md|1.3|--|Campi Flegrei|earthquake
39527031|2024-07-03 00:17:43.779000|40.8175|14.156333|1.9|BULLETIN-OV||||Md|1.0|--|Campi Flegrei|earthquake
39526921|2024-07-03 00:18:44.369000|40.820333|14.153167|2.6|BULLETIN-OV||||Md|3.2|--|Campi Flegrei|earthquake
39527271|2024-07-03 01:53:57.569000|40.811667|14.153|1.8|BULLETIN-OV||||Md|1.2|--|Campi Flegrei|earthquake
39542861|2024-07-04 00:03:46.609000|40.814667|14.1545|2.4|BULLETIN-OV||||Md|1.0|--|Campi Flegrei|earthquake
39544121|2024-07-04 04:09:01.710000|40.825833|14.120333|2.1|BULLETIN-OV||||Md|1.1|--|Campi Flegrei|earthquake
39598401|2024-07-07 13:02:41.420000|40.839167|14.124833|2.6|BULLETIN-OV||||Md|1.2|--|Campi Flegrei|earthquake
39602021|2024-07-07 17:07:52.819000|40.821333|14.143|1.8|BULLETIN-OV||||Md|2.0|--|Campi Flegrei|earthquake
39603111|2024-07-07 19:14:03.619000|40.820333|14.144667|1.8|BULLETIN-OV||||Md|1.1|--|Campi Flegrei|earthquake
39606581|2024-07-08 05:59:34.740000|40.821|14.140333|1.5|BULLETIN-OV||||Md|1.1|--|Campi Flegrei|earthquake
39621411|2024-07-09 03:00:12.210000|40.825333|14.138333|0.7|BULLETIN-OV||||Md|1.0|--|Campi Flegrei|earthquake
39621431|2024-07-09 03:00:46.910000|40.824833|14.138167|0.8|BULLETIN-OV||||Md|1.1|--|Campi Flegrei|earthquake
39637791|2024-07-10 02:00:18.609000|40.835833|14.130167|2.1|BULLETIN-OV||||Md|1.0|--|Campi Flegrei|earthquake
39650611|2024-07-10 18:50:01.170000|40.836833|14.132833|2.3|BULLETIN-OV||||Md|1.2|--|Campi Flegrei|earthquake
39653231|2024-07-11 02:21:45.609000|40.809|14.120333|3.6|BULLETIN-OV||||Md|1.3|--|Campi Flegrei|earthquake
39660611|2024-07-11 09:59:20.049000|40.835667|14.144833|2.8|BULLETIN-OV||||Md|2.6|--|Campi Flegrei|earthquake
39671251|2024-07-12 04:23:49.990000|40.834333|14.145|2.0|BULLETIN-OV||||Md|1.0|--|Campi Flegrei|earthquake
39671321|2024-07-12 04:25:01.769000|40.836667|14.148|2.4|BULLETIN-OV||||Md|1.8|--|Campi Flegrei|earthquake
39671661|2024-07-12 04:25:18.180000|40.833333|14.142|1.9|BULLETIN-OV||||Md|1.9|--|Campi Flegrei|earthquake
39671591|2024-07-12 04:26:46.569000|40.834|14.144167|2.2|BULLETIN-OV||||Md|1.1|--|Campi Flegrei|earthquake
42008461|2024-07-15 01:46:30.059000|40.816333|14.089167|3.1|BULLETIN-OV||||Md|1.1|--|Campi Flegrei|earthquake
39722061|2024-07-15 05:10:02.480000|40.842|14.139|1.6|BULLETIN-OV||||Md|1.3|--|Campi Flegrei|earthquake
39722121|2024-07-15 05:14:17.299000|40.838667|14.134333|1.3|BULLETIN-OV||||Md|1.5|--|Campi Flegrei|earthquake
39774731|2024-07-18 06:08:37.640000|40.831|14.150667|2.5|BULLETIN-OV||||Md|3.6|--|Campi Flegrei|earthquake
39775011|2024-07-18 06:26:42.640000|40.832667|14.149667|2.5|BULLETIN-OV||||Md|1.7|--|Campi Flegrei|earthquake
39777551|2024-07-18 06:50:08.470000|40.829333|14.148333|2.3|BULLETIN-OV||||Md|1.2|--|Campi Flegrei|earthquake
39780461|2024-07-18 12:26:05.849000|40.825|14.142167|1.8|BULLETIN-OV||||Md|1.0|--|Campi Flegrei|earthquake
39783501|2024-07-18 15:13:55.180000|40.829333|14.148667|2.1|BULLETIN-OV||||Md|1.7|--|Campi Flegrei|earthquake
39799791|2024-07-19 21:04:45.220000|40.811667|14.1185|2.7|BULLETIN-OV||||Md|1.1|--|Campi Flegrei|earthquake
39827171|2024-07-22 22:07:01.750000|40.838167|14.120167|2.1|BULLETIN-OV||||Md|1.3|--|Campi Flegrei|earthquake
39831111|2024-07-23 11:00:38.930000|40.794667|14.111333|3.9|BULLETIN-OV||||Md|1.2|--|Campi Flegrei|earthquake
39835411|2024-07-23 20:38:59.759000|40.830333|14.143|2.3|BULLETIN-OV||||Md|1.2|--|Campi Flegrei|earthquake
39858951|2024-07-26 11:44:23.420000|40.805167|14.098833|3.6|BULLETIN-OV||||Md|1.0|--|Campi Flegrei|earthquake
39858701|2024-07-26 11:46:21.119000|40.805667|14.098333|4.2|BULLETIN-OV||||Md|4.0|--|Campi Flegrei|earthquake
39859011|2024-07-26 11:56:07.170000|40.7995|14.118833|4.0|BULLETIN-OV||||Md|1.7|--|Campi Flegrei|earthquake
39859121|2024-07-26 12:21:58.019000|40.798833|14.114833|4.2|BULLETIN-OV||||Md|1.0|--|Campi Flegrei|earthquake
39860011|2024-07-26 14:15:22.269000|40.8425|14.118667|2.7|BULLETIN-OV||||Md|2.1|--|Campi Flegrei|earthquake
39869051|2024-07-27 13:46:22.599000|40.818167|14.089167|3.0|BULLETIN-OV||||Md|1.0|--|Campi Flegrei|earthquake
39873811|2024-07-28 05:37:09.990000|40.8345|14.131167|2.6|BULLETIN-OV||||Md|1.0|--|Campi Flegrei|earthquake
39877641|2024-07-28 13:24:23.380000|40.830167|14.145833|1.8|BULLETIN-OV||||Md|1.4|--|Campi Flegrei|earthquake
39879541|2024-07-28 17:36:20.910000|40.825667|14.147333|2.2|BULLETIN-OV||||Md|1.1|--|Campi Flegrei|earthquake
39881701|2024-07-29 02:01:45.400000|40.805667|14.1095|3.8|BULLETIN-OV||||Md|1.2|--|Campi Flegrei|earthquake
39881861|2024-07-29 03:02:41.009000|40.806|14.098833|4.2|BULLETIN-OV||||Md|1.2|--|Campi Flegrei|earthquake
39891221|2024-07-30 03:02:51.119000|40.823833|14.087333|2.9|BULLETIN-OV||||Md|1.0|--|Campi Flegrei|earthquake
39901641|2024-07-31 02:06:01.069000|40.825667|14.1395|0.8|BULLETIN-OV||||Md|1.1|--|Campi Flegrei|earthquake
39935831|2024-08-03 03:18:01.660000|40.837333|14.123|2.7|BULLETIN-OV||||Md|1.2|--|Campi Flegrei|earthquake
39975581|2024-08-06 08:50:04.099000|40.833667|14.1355|2.8|BULLETIN-OV||||Md|1.1|--|Campi Flegrei|earthquake
40007301|2024-08-09 02:38:32.539000|40.803167|14.125833|3.7|BULLETIN-OV||||Md|1.2|--|Campi Flegrei|earthquake
40020701|2024-08-10 07:58:58.509000|40.827|14.141167|1.5|BULLETIN-OV||||Md|1.1|--|Campi Flegrei|earthquake
40026861|2024-08-10 19:13:11.339000|40.825667|14.139|0.8|BULLETIN-OV||||Md|1.2|--|Campi Flegrei|earthquake
40026831|2024-08-10 19:13:15.710000|40.824833|14.139667|0.8|BULLETIN-OV||||Md|1.5|--|Campi Flegrei|earthquake
40038991|2024-08-11 22:25:14.220000|40.832667|14.153667|2.2|BULLETIN-OV||||Md|1.1|--|Campi Flegrei|earthquake
40057031|2024-08-13 01:49:20.230000|40.811333|14.087667|1.8|BULLETIN-OV||||Md|1.4|--|Campi Flegrei|earthquake
40078851|2024-08-14 11:29:36.730000|40.8385|14.132|1.7|BULLETIN-OV||||Md|1.0|--|Campi Flegrei|earthquake
40078981|2024-08-14 11:43:10.640000|40.838833|14.137167|2.5|BULLETIN-OV||||Md|1.1|--|Campi Flegrei|earthquake
40081621|2024-08-14 15:20:00.559000|40.8385|14.1355|2.6|BULLETIN-OV||||Md|1.4|--|Campi Flegrei|earthquake
40081781|2024-08-14 15:20:14.450000|40.835|14.130833|2.1|BULLETIN-OV||||Md|1.1|--|Campi Flegrei|earthquake
40081811|2024-08-14 15:20:24.859000|40.832667|14.126333|1.5|BULLETIN-OV||||Md|1.0|--|Campi Flegrei|earthquake
40090261|2024-08-15 12:22:58.809000|40.839667|14.1205|2.1|BULLETIN-OV||||Md|1.0|--|Campi Flegrei|earthquake
40095891|2024-08-15 21:03:30.579000|40.838833|14.1295|1.9|BULLETIN-OV||||Md|1.1|--|Campi Flegrei|earthquake
40099221|2024-08-16 08:00:39.059000|40.838667|14.130667|1.8|BULLETIN-OV||||Md|1.1|--|Campi Flegrei|earthquake
40102991|2024-08-16 14:33:09.240000|40.825667|14.151667|1.4|BULLETIN-OV||||Md|1.5|--|Campi Flegrei|earthquake
40107221|2024-08-16 20:10:05.170000|40.791|14.090667|2.2|BULLETIN-OV||||Md|1.0|--|Campi Flegrei|earthquake
40110021|2024-08-17 07:37:15.329000|40.839667|14.134667|2.5|BULLETIN-OV||||Md|1.5|--|Campi Flegrei|earthquake
40113221|2024-08-17 12:52:44.430000|40.819167|14.1405|0.3|BULLETIN-OV||||Md|2.3|--|Campi Flegrei|earthquake
40113551|2024-08-17 13:02:33.640000|40.820667|14.142|0.2|BULLETIN-OV||||Md|1.3|--|Campi Flegrei|earthquake
40113921|2024-08-17 13:02:45.960000|40.818333|14.1435|0.4|BULLETIN-OV||||Md|1.1|--|Campi Flegrei|earthquake
40113681|2024-08-17 13:19:37.910000|40.8195|14.144667|0.3|BULLETIN-OV||||Md|1.0|--|Campi Flegrei|earthquake
40113521|2024-08-17 13:27:17.849000|40.820667|14.1465|0.3|BULLETIN-OV||||Md|1.6|--|Campi Flegrei|earthquake
40114211|2024-08-17 13:32:59.500000|40.8195|14.144333|0.2|BULLETIN-OV||||Md|1.0|--|Campi Flegrei|earthquake
40114311|2024-08-17 14:10:04.559000|40.819333|14.1435|0.4|BULLETIN-OV||||Md|1.0|--|Campi Flegrei|earthquake
40114461|2024-08-17 14:15:11.730000|40.8185|14.143167|0.2|BULLETIN-OV||||Md|2.0|--|Campi Flegrei|earthquake
40116021|2024-08-17 15:42:09.880000|40.806333|14.129|4.0|BULLETIN-OV||||Md|1.1|--|Campi Flegrei|earthquake
40120181|2024-08-17 21:33:32.390000|40.817833|14.144333|0.2|BULLETIN-OV||||Md|2.6|--|Campi Flegrei|earthquake
40120221|2024-08-17 21:34:47.750000|40.819667|14.1455|0.6|BULLETIN-OV||||Md|1.1|--|Campi Flegrei|earthquake
40120621|2024-08-17 22:34:33.220000|40.820333|14.140167|0.4|BULLETIN-OV||||Md|1.0|--|Campi Flegrei|earthquake
40121101|2024-08-17 23:35:53.750000|40.819833|14.144833|0.3|BULLETIN-OV||||Md|1.5|--|Campi Flegrei|earthquake
40121271|2024-08-17 23:40:15.369000|40.816|14.140333|0.1|BULLETIN-OV||||Md|1.2|--|Campi Flegrei|earthquake
40121391|2024-08-17 23:54:01.759000|40.818833|14.1425|0.3|BULLETIN-OV||||Md|1.1|--|Campi Flegrei|earthquake
40121611|2024-08-17 23:59:28.109000|40.8265|14.148|1.2|BULLETIN-OV||||Md|1.4|--|Campi Flegrei|earthquake
40123141|2024-08-17 23:59:58.049000|40.820333|14.148667|0.5|BULLETIN-OV||||Md|1.1|--|Campi Flegrei|earthquake
40121841|2024-08-18 00:08:22.410000|40.8195|14.140333|0.2|BULLETIN-OV||||Md|1.0|--|Campi Flegrei|earthquake
40121921|2024-08-18 00:15:33.309000|40.838167|14.132833|2.6|BULLETIN-OV||||Md|1.1|--|Campi Flegrei|earthquake
40121941|2024-08-18 00:16:43.849000|40.8185|14.138667|0.3|BULLETIN-OV||||Md|2.1|--|Campi Flegrei|earthquake
40121951|2024-08-18 00:23:50.490000|40.818333|14.1445|0.7|BULLETIN-OV||||Md|1.2|--|Campi Flegrei|earthquake
40121971|2024-08-18 00:29:21.829000|40.8185|14.140833|0.4|BULLETIN-OV||||Md|2.8|--|Campi Flegrei|earthquake
40122381|2024-08-18 01:31:58.299000|40.819833|14.138167|0.3|BULLETIN-OV||||Md|1.4|--|Campi Flegrei|earthquake
40122491|2024-08-18 01:36:03.180000|40.823167|14.135667|0.2|BULLETIN-OV||||Md|1.1|--|Campi Flegrei|earthquake
40122901|2024-08-18 02:00:18.430000|40.822833|14.135833|0.4|BULLETIN-OV||||Md|1.8|--|Campi Flegrei|earthquake
40123031|2024-08-18 02:01:22.109000|40.823667|14.151333|0.8|BULLETIN-OV||||Md|1.0|--|Campi Flegrei|earthquake
40123291|2024-08-18 02:50:37.089000|40.822|14.136167|0.5|BULLETIN-OV||||Md|1.2|--|Campi Flegrei|earthquake
40123521|2024-08-18 03:30:29.769000|40.8215|14.149333|0.8|BULLETIN-OV||||Md|1.1|--|Campi Flegrei|earthquake
40124131|2024-08-18 05:12:19.210000|40.822833|14.141667|0.9|BULLETIN-OV||||Md|1.1|--|Campi Flegrei|earthquake
40129741|2024-08-18 12:06:07.140000|40.824333|14.149|1.2|BULLETIN-OV||||Md|1.2|--|Campi Flegrei|earthquake
40135521|2024-08-18 22:00:38.849000|40.827167|14.137667|0.9|BULLETIN-OV||||Md|1.1|--|Campi Flegrei|earthquake
40140131|2024-08-19 09:30:05.250000|40.825833|14.135333|1.5|BULLETIN-OV||||Md|2.0|--|Campi Flegrei|earthquake
40150281|2024-08-20 08:59:20.539000|40.8275|14.144|1.9|BULLETIN-OV||||Md|1.0|--|Campi Flegrei|earthquake
40150351|2024-08-20 09:01:44.140000|40.8255|14.133667|1.7|BULLETIN-OV||||Md|1.0|--|Campi Flegrei|earthquake
40194441|2024-08-24 09:31:16.549000|40.8345|14.094833|2.2|BULLETIN-OV||||Md|1.1|--|Campi Flegrei|earthquake
40195571|2024-08-24 11:07:40.019000|40.832167|14.0845|2.6|BULLETIN-OV||||Md|1.8|--|Campi Flegrei|earthquake
40197741|2024-08-24 14:10:18.519000|40.8405|14.120333|2.3|BULLETIN-OV||||Md|1.2|--|Campi Flegrei|earthquake
40204701|2024-08-25 09:11:48.890000|40.838333|14.129167|2.6|BULLETIN-OV||||Md|1.7|--|Campi Flegrei|earthquake
40271461|2024-08-30 19:16:56.609000|40.826833|14.145167|1.9|BULLETIN-OV||||Md|1.3|--|Campi Flegrei|earthquake
40271581|2024-08-30 19:23:15.839000|40.828167|14.1445|2.7|BULLETIN-OV||||Md|3.7|--|Campi Flegrei|earthquake
40271671|2024-08-30 19:23:57.490000|40.830667|14.151667|2.3|BULLETIN-OV||||Md|2.0|--|Campi Flegrei|earthquake
40297171|2024-09-03 03:15:30.289000|40.836333|14.113|2.0|BULLETIN-OV||||Md|1.0|--|Campi Flegrei|earthquake
40323721|2024-09-05 13:47:20.849000|40.805333|14.124|3.7|BULLETIN-OV||||Md|1.1|--|Campi Flegrei|earthquake
40336871|2024-09-06 23:37:26.160000|40.839167|14.111667|2.8|BULLETIN-OV||||Md|1.9|--|Campi Flegrei|earthquake
40344381|2024-09-07 19:19:20.400000|40.8285|14.143167|1.1|BULLETIN-OV||||Md|1.5|--|Campi Flegrei|earthquake
40378351|2024-09-12 09:33:21.210000|40.837667|14.124|2.5|BULLETIN-OV||||Md|1.2|--|Campi Flegrei|earthquake
40386801|2024-09-12 17:14:45.750000|40.796167|14.118833|3.9|BULLETIN-OV||||Md|1.8|--|Campi Flegrei|earthquake
40425531|2024-09-15 12:35:44.210000|40.802667|14.122|4.4|BULLETIN-OV||||Md|1.0|--|Campi Flegrei|earthquake
40474961|2024-09-20 17:02:45.490000|40.8295|14.125333|2.2|BULLETIN-OV||||Md|1.3|--|Campi Flegrei|earthquake
40476071|2024-09-21 01:21:56.440000|40.834167|14.129333|2.8|BULLETIN-OV||||Md|1.3|--|Campi Flegrei|earthquake
40504171|2024-09-25 01:02:35.670000|40.8245|14.130167|1.5|BULLETIN-OV||||Md|1.1|--|Campi Flegrei|earthquake
40504211|2024-09-25 01:06:26.400000|40.825|14.1295|1.5|BULLETIN-OV||||Md|1.6|--|Campi Flegrei|earthquake
40555021|2024-10-02 04:35:45.170000|40.815|14.149|1.8|BULLETIN-OV||||Md|1.1|--|Campi Flegrei|earthquake
40576411|2024-10-05 04:00:01.069000|40.836833|14.127667|2.7|BULLETIN-OV||||Md|2.4|--|Campi Flegrei|earthquake
40576451|2024-10-05 04:00:23.730000|40.839333|14.131667|2.2|BULLETIN-OV||||Md|1.5|--|Campi Flegrei|earthquake
40576461|2024-10-05 04:01:21.890000|40.835333|14.129667|2.3|BULLETIN-OV||||Md|1.1|--|Campi Flegrei|earthquake
40576511|2024-10-05 04:02:07.900000|40.8375|14.129|2.3|BULLETIN-OV||||Md|1.0|--|Campi Flegrei|earthquake
40576541|2024-10-05 04:02:17.329000|40.837|14.1295|1.8|BULLETIN-OV||||Md|1.2|--|Campi Flegrei|earthquake
40576821|2024-10-05 05:53:55.190000|40.829667|14.141|0.8|BULLETIN-OV||||Md|1.6|--|Campi Flegrei|earthquake
40586791|2024-10-06 18:02:15.430000|40.836|14.122667|2.7|BULLETIN-OV||||Md|2.0|--|Campi Flegrei|earthquake
40623921|2024-10-11 18:53:51.069000|40.840333|14.116|2.7|BULLETIN-OV||||Md|2.3|--|Campi Flegrei|earthquake
40625901|2024-10-12 04:54:23.920000|40.808167|14.152167|3.0|BULLETIN-OV||||Md|2.5|--|Campi Flegrei|earthquake
40633881|2024-10-13 06:06:04.150000|40.8355|14.145833|2.4|BULLETIN-OV||||Md|1.0|--|Campi Flegrei|earthquake
40633931|2024-10-13 06:07:53.500000|40.836167|14.147333|2.4|BULLETIN-OV||||Md|2.6|--|Campi Flegrei|earthquake
40672351|2024-10-20 03:27:23.900000|40.834167|14.129167|1.4|BULLETIN-OV||||Md|1.0|--|Campi Flegrei|earthquake
40675431|2024-10-20 16:22:27.480000|40.816167|14.111833|2.8|BULLETIN-OV||||Md|1.4|--|Campi Flegrei|earthquake
40708811|2024-10-26 14:32:36.079000|40.826667|14.138|2.5|BULLETIN-OV||||Md|1.9|--|Campi Flegrei|earthquake
40709501|2024-10-26 16:43:49.940000|40.821333|14.157833|2.8|BULLETIN-OV||||Md|1.7|--|Campi Flegrei|earthquake
40715641|2024-10-27 18:07:20.569000|40.833667|14.1295|2.6|BULLETIN-OV||||Md|1.1|--|Campi Flegrei|earthquake
40715671|2024-10-27 18:18:22.980000|40.833833|14.128833|2.6|BULLETIN-OV||||Md|1.0|--|Campi Flegrei|earthquake
40717761|2024-10-27 21:16:09.640000|40.814667|14.155667|2.3|BULLETIN-OV||||Md|1.0|--|Campi Flegrei|earthquake
40717921|2024-10-27 21:27:22.569000|40.816667|14.158667|2.6|BULLETIN-OV||||Md|1.1|--|Campi Flegrei|earthquake
40718001|2024-10-27 21:35:46.920000|40.815833|14.159333|2.4|BULLETIN-OV||||Md|1.3|--|Campi Flegrei|earthquake
40718621|2024-10-28 00:40:29.140000|40.815|14.151833|2.3|BULLETIN-OV||||Md|1.3|--|Campi Flegrei|earthquake
40726171|2024-10-28 19:52:31.279000|40.8315|14.1415|1.7|BULLETIN-OV||||Md|1.1|--|Campi Flegrei|earthquake
40779891|2024-11-06 01:37:39.650000|40.8345|14.129|2.7|BULLETIN-OV||||Md|1.3|--|Campi Flegrei|earthquake
40785871|2024-11-06 23:08:54.849000|40.840333|14.1285|2.6|BULLETIN-OV||||Md|1.4|--|Campi Flegrei|earthquake
40787921|2024-11-07 09:34:43.500000|40.831833|14.138333|3.0|BULLETIN-OV||||Md|1.0|--|Campi Flegrei|earthquake
40795961|2024-11-08 20:02:07.539000|40.834167|14.136|2.2|BULLETIN-OV||||Md|1.6|--|Campi Flegrei|earthquake
40796571|2024-11-09 00:27:35.549000|40.846167|14.119333|1.7|BULLETIN-OV||||Md|1.0|--|Campi Flegrei|earthquake
40798961|2024-11-09 08:40:34.769000|40.8235|14.151167|2.2|BULLETIN-OV||||Md|1.0|--|Campi Flegrei|earthquake
40798931|2024-11-09 08:40:46.849000|40.824|14.150333|2.3|BULLETIN-OV||||Md|1.9|--|Campi Flegrei|earthquake
40814141|2024-11-11 16:48:43.589000|40.823833|14.150667|2.4|BULLETIN-OV||||Md|1.7|--|Campi Flegrei|earthquake
40822451|2024-11-13 01:11:40.920000|40.831833|14.090667|1.7|BULLETIN-OV||||Md|1.8|--|Campi Flegrei|earthquake
40822831|2024-11-13 02:56:55.269000|40.822667|14.134833|1.2|BULLETIN-OV||||Md|1.0|--|Campi Flegrei|earthquake
40822851|2024-11-13 02:58:30.450000|40.822667|14.134833|0.9|BULLETIN-OV||||Md|1.0|--|Campi Flegrei|earthquake
40838081|2024-11-16 01:30:55.200000|40.848|14.18|2.6|BULLETIN-OV||||Md|1.1|--|Campi Flegrei|earthquake
40842801|2024-11-16 23:31:13.519000|40.826167|14.146|1.4|BULLETIN-OV||||Md|1.0|--|Campi Flegrei|earthquake
40896081|2024-11-22 00:25:29.329000|40.814|14.143167|2.8|BULLETIN-OV||||Md|1.1|--|Campi Flegrei|earthquake
40921651|2024-11-23 21:19:33.230000|40.825833|14.141333|1.5|BULLETIN-OV||||Md|1.4|--|Campi Flegrei|earthquake
40927821|2024-11-25 10:30:36.349000|40.808167|14.114|3.5|BULLETIN-OV||||Md|1.5|--|Campi Flegrei|earthquake
42010091|2024-11-25 16:58:17.460000|40.8375|14.126|2.0|BULLETIN-OV||||Md|1.0|--|Campi Flegrei|earthquake
42010101|2024-11-25 17:32:40.180000|40.838167|14.1235|2.7|BULLETIN-OV||||Md|2.2|--|Campi Flegrei|earthquake
40929861|2024-11-25 18:33:46.750000|40.837833|14.120333|2.1|BULLETIN-OV||||Md|1.5|--|Campi Flegrei|earthquake
40936691|2024-11-26 21:46:11.710000|40.8235|14.141167|2.4|BULLETIN-OV||||Md|1.0|--|Campi Flegrei|earthquake
40936721|2024-11-26 21:46:17.970000|40.821833|14.142|2.1|BULLETIN-OV||||Md|1.3|--|Campi Flegrei|earthquake
40979261|2024-12-05 02:47:22.180000|40.819167|14.143833|0.2|BULLETIN-OV||||Md|1.8|--|Campi Flegrei|earthquake
40979511|2024-12-05 03:44:02.200000|40.819833|14.145167|0.4|BULLETIN-OV||||Md|1.1|--|Campi Flegrei|earthquake
40979521|2024-12-05 03:46:27.099000|40.8185|14.144667|0.2|BULLETIN-OV||||Md|1.7|--|Campi Flegrei|earthquake
40981531|2024-12-05 09:10:41.690000|40.821667|14.141|0.6|BULLETIN-OV||||Md|1.0|--|Campi Flegrei|earthquake
40987131|2024-12-06 00:59:25.930000|40.8255|14.135833|1.9|BULLETIN-OV||||Md|1.7|--|Campi Flegrei|earthquake
40987641|2024-12-06 04:33:59.779000|40.822667|14.133833|0.5|BULLETIN-OV||||Md|3.4|--|Campi Flegrei|earthquake
40987541|2024-12-06 04:37:51.200000|40.823167|14.135667|0.3|BULLETIN-OV||||Md|1.5|--|Campi Flegrei|earthquake
40987731|2024-12-06 05:19:42.230000|40.823|14.134333|0.4|BULLETIN-OV||||Md|1.5|--|Campi Flegrei|earthquake
40988631|2024-12-06 08:21:32.650000|40.820833|14.142167|0.3|BULLETIN-OV||||Md|2.2|--|Campi Flegrei|earthquake
40988621|2024-12-06 08:22:24.680000|40.8205|14.1395|0.2|BULLETIN-OV||||Md|1.6|--|Campi Flegrei|earthquake
40989011|2024-12-06 08:58:13.299000|40.817667|14.142333|0.2|BULLETIN-OV||||Md|2.3|--|Campi Flegrei|earthquake
40988981|2024-12-06 08:59:10.559000|40.818333|14.1445|0.2|BULLETIN-OV||||Md|2.6|--|Campi Flegrei|earthquake
40989001|2024-12-06 09:00:13.299000|40.8195|14.1415|0.2|BULLETIN-OV||||Md|1.0|--|Campi Flegrei|earthquake
40989021|2024-12-06 09:05:02.839000|40.820333|14.1425|0.2|BULLETIN-OV||||Md|1.7|--|Campi Flegrei|earthquake
40989111|2024-12-06 09:06:13.480000|40.818|14.147667|0.2|BULLETIN-OV||||Md|2.1|--|Campi Flegrei|earthquake
40989391|2024-12-06 09:45:32.009000|40.824833|14.134|0.7|BULLETIN-OV||||Md|1.0|--|Campi Flegrei|earthquake
40990571|2024-12-06 13:22:15.609000|40.8235|14.149167|1.6|BULLETIN-OV||||Md|1.1|--|Campi Flegrei|earthquake
41014411|2024-12-12 04:34:24.819000|40.837667|14.122|2.7|BULLETIN-OV||||Md|1.0|--|Campi Flegrei|earthquake
41050221|2024-12-18 23:40:15.099000|40.827167|14.133333|2.2|BULLETIN-OV||||Md|1.2|--|Campi Flegrei|earthquake
41056361|2024-12-19 18:44:57.930000|40.8295|14.1155|2.4|BULLETIN-OV||||Md|1.3|--|Campi Flegrei|earthquake
41072281|2024-12-22 01:31:40.809000|40.8405|14.111333|2.2|BULLETIN-OV||||Md|1.2|--|Campi Flegrei|earthquake
41080161|2024-12-22 20:56:35.880000|40.828333|14.142667|1.3|BULLETIN-OV||||Md|1.7|--|Campi Flegrei|earthquake
41080181|2024-12-22 20:56:56.890000|40.828833|14.142333|1.3|BULLETIN-OV||||Md|1.0|--|Campi Flegrei|earthquake
41085301|2024-12-23 10:24:01.440000|40.834667|14.127667|2.9|BULLETIN-OV||||Md|1.6|--|Campi Flegrei|earthquake
41085331|2024-12-23 10:24:52.970000|40.834|14.124833|2.0|BULLETIN-OV||||Md|1.1|--|Campi Flegrei|earthquake
41114941|2024-12-25 17:08:15.730000|40.8345|14.080667|2.9|BULLETIN-OV||||Md|1.2|--|Campi Flegrei|earthquake
41160451|2025-01-02 16:04:27.539000|40.826333|14.092|2.4|BULLETIN-OV||||Md|1.8|--|Campi Flegrei|earthquake
41198081|2025-01-03 04:31:37.029000|40.836|14.13|2.2|BULLETIN-OV||||Md|1.2|--|Campi Flegrei|earthquake
41179801|2025-01-04 16:21:59.740000|40.813|14.143|3.0|BULLETIN-OV||||Md|2.0|--|Campi Flegrei|earthquake
41191011|2025-01-07 02:36:20.829000|40.833167|14.136833|2.6|BULLETIN-OV||||Md|1.5|--|Campi Flegrei|earthquake
41230481|2025-01-12 23:18:04.049000|40.8075|14.138|3.5|BULLETIN-OV||||Md|1.0|--|Campi Flegrei|earthquake
41230961|2025-01-13 00:36:25.410000|40.8325|14.142667|2.8|BULLETIN-OV||||Md|1.5|--|Campi Flegrei|earthquake
41230971|2025-01-13 00:36:28.400000|40.832|14.136|1.8|BULLETIN-OV||||Md|1.3|--|Campi Flegrei|earthquake
41232871|2025-01-13 06:58:37.000000|40.827|14.135167|1.9|BULLETIN-OV||||Md|1.1|--|Campi Flegrei|earthquake
41242391|2025-01-14 11:59:25.579000|40.821667|14.137167|1.3|BULLETIN-OV||||Md|1.7|--|Campi Flegrei|earthquake
41245061|2025-01-15 04:53:19.960000|40.836333|14.086833|2.7|BULLETIN-OV||||Md|1.3|--|Campi Flegrei|earthquake
41516572|2025-01-17 16:53:21.759000|40.83|14.134333|1.8|BULLETIN-OV||||Md|1.6|--|Campi Flegrei|earthquake
41516772|2025-01-17 16:53:50.140000|40.829|14.132833|1.9|SURVEY-INGV-OV#SiSmi||||Md|3.0|--|Campi Flegrei|earthquake
41516812|2025-01-17 16:54:14.250000|40.826|14.136833|1.2|BULLETIN-OV||||Md|1.7|--|Campi Flegrei|earthquake
41520842|2025-01-18 16:58:43.170000|40.818667|14.145167|0.2|BULLETIN-OV||||Md|2.8|--|Campi Flegrei|earthquake
41521112|2025-01-18 17:24:03.210000|40.819167|14.146667|0.5|BULLETIN-OV||||Md|1.2|--|Campi Flegrei|earthquake
41521102|2025-01-18 17:25:31.190000|40.819667|14.147167|0.4|BULLETIN-OV||||Md|1.5|--|Campi Flegrei|earthquake
41526202|2025-01-20 05:51:38.829000|40.833833|14.137833|2.5|BULLETIN-OV||||Md|1.3|--|Campi Flegrei|earthquake
41526262|2025-01-20 05:51:46.559000|40.834833|14.135667|1.9|BULLETIN-OV||||Md|1.0|--|Campi Flegrei|earthquake
41529602|2025-01-20 23:25:10.519000|40.800833|14.142667|3.8|BULLETIN-OV||||Md|1.6|--|Campi Flegrei|earthquake
41529722|2025-01-21 00:38:01.950000|40.818333|14.155667|2.8|BULLETIN-OV||||Md|1.1|--|Campi Flegrei|earthquake
41529832|2025-01-21 00:43:52.910000|40.803833|14.150833|3.1|BULLETIN-OV||||Md|1.4|--|Campi Flegrei|earthquake
41532242|2025-01-21 13:36:26.930000|40.832833|14.1295|2.7|BULLETIN-OV||||Md|2.1|--|Campi Flegrei|earthquake
41532402|2025-01-21 13:36:41.569000|40.833833|14.129|2.4|BULLETIN-OV||||Md|1.1|--|Campi Flegrei|earthquake
41534732|2025-01-22 02:19:13.180000|40.824667|14.1425|1.6|BULLETIN-OV||||Md|1.5|--|Campi Flegrei|earthquake
41277531|2025-01-22 10:59:32.779000|40.836833|14.123|2.7|BULLETIN-OV||||Md|1.4|--|Campi Flegrei|earthquake
41286511|2025-01-24 05:29:55.200000|40.833667|14.120333|2.4|BULLETIN-OV||||Md|2.0|--|Campi Flegrei|earthquake
41549752|2025-01-24 21:46:23.940000|40.8355|14.1125|2.7|BULLETIN-OV||||Md|2.2|--|Campi Flegrei|earthquake
41549842|2025-01-24 22:00:08.369000|40.835|14.112667|2.3|BULLETIN-OV||||Md|1.1|--|Campi Flegrei|earthquake
41550182|2025-01-24 22:47:01.750000|40.834833|14.114167|2.0|BULLETIN-OV||||Md|1.1|--|Campi Flegrei|earthquake
41601432|2025-01-30 17:32:00.880000|40.829667|14.137|2.7|BULLETIN-OV||||Md|1.0|--|Campi Flegrei|earthquake
41607862|2025-01-31 21:11:57.859000|40.8315|14.1275|2.6|BULLETIN-OV||||Md|1.1|--|Campi Flegrei|earthquake
41608012|2025-01-31 21:20:54.799000|40.821333|14.135667|1.8|BULLETIN-OV||||Md|1.7|--|Campi Flegrei|earthquake
41610012|2025-02-01 06:14:18.859000|40.831333|14.146833|1.9|BULLETIN-OV||||Md|2.0|--|Campi Flegrei|earthquake
41627332|2025-02-01 06:14:26.250000|40.8315|14.142167|1.6|BULLETIN-OV||||Md|1.4|--|Campi Flegrei|earthquake
41609442|2025-02-01 06:16:40.779000|40.832833|14.146|2.4|BULLETIN-OV||||Md|1.2|--|Campi Flegrei|earthquake
41609512|2025-02-01 06:18:13.640000|40.834333|14.146833|2.5|BULLETIN-OV||||Md|2.2|--|Campi Flegrei|earthquake
41609572|2025-02-01 06:20:09.349000|40.832167|14.146667|2.1|BULLETIN-OV||||Md|1.0|--|Campi Flegrei|earthquake
41609832|2025-02-01 06:53:28.349000|40.832333|14.140167|1.9|BULLETIN-OV||||Md|1.1|--|Campi Flegrei|earthquake
41623982|2025-02-03 19:06:35.220000|40.8155|14.107|3.0|BULLETIN-OV||||Md|1.3|--|Campi Flegrei|earthquake
42063251|2025-02-04 03:25:26.049000|40.8345|14.093|1.8|BULLETIN-OV||||Md|1.2|--|Campi Flegrei|earthquake
41631972|2025-02-05 07:11:48.809000|40.8275|14.144|2.1|BULLETIN-OV||||Md|1.1|--|Campi Flegrei|earthquake
41632152|2025-02-05 07:17:20.200000|40.828333|14.145833|2.1|BULLETIN-OV||||Md|1.0|--|Campi Flegrei|earthquake
41632262|2025-02-05 07:21:44.819000|40.827667|14.145833|2.2|BULLETIN-OV||||Md|1.6|--|Campi Flegrei|earthquake
41632332|2025-02-05 07:23:06.369000|40.827667|14.145167|2.2|BULLETIN-OV||||Md|1.3|--|Campi Flegrei|earthquake
41632412|2025-02-05 07:25:56.839000|40.827833|14.1485|2.3|BULLETIN-OV||||Md|1.3|--|Campi Flegrei|earthquake
41632442|2025-02-05 07:26:23.140000|40.827833|14.146|2.2|BULLETIN-OV||||Md|1.0|--|Campi Flegrei|earthquake
41632592|2025-02-05 07:30:57.390000|40.829167|14.149|2.5|BULLETIN-OV||||Md|2.3|--|Campi Flegrei|earthquake
41632612|2025-02-05 07:32:17.769000|40.830333|14.148667|2.5|BULLETIN-OV||||Md|2.6|--|Campi Flegrei|earthquake
41632742|2025-02-05 07:35:24.339000|40.827333|14.143333|2.3|BULLETIN-OV||||Md|1.7|--|Campi Flegrei|earthquake
41633432|2025-02-05 07:35:53.960000|40.827333|14.147167|2.1|BULLETIN-OV||||Md|1.3|--|Campi Flegrei|earthquake
41632852|2025-02-05 07:37:24.390000|40.829|14.147333|2.1|BULLETIN-OV||||Md|1.7|--|Campi Flegrei|earthquake
41632902|2025-02-05 07:37:55.529000|40.828167|14.146833|2.2|BULLETIN-OV||||Md|1.8|--|Campi Flegrei|earthquake
41633452|2025-02-05 07:38:39.299000|40.828167|14.147|2.2|BULLETIN-OV||||Md|1.1|--|Campi Flegrei|earthquake
41633132|2025-02-05 07:41:08.450000|40.83|14.145667|2.5|BULLETIN-OV||||Md|1.8|--|Campi Flegrei|earthquake
41633142|2025-02-05 07:41:43.660000|40.83|14.140833|2.2|BULLETIN-OV||||Md|1.7|--|Campi Flegrei|earthquake
41633422|2025-02-05 07:52:02.930000|40.831333|14.148|2.7|BULLETIN-OV||||Md|3.2|--|Campi Flegrei|earthquake
41633552|2025-02-05 07:57:03.839000|40.830167|14.1455|2.3|BULLETIN-OV||||Md|1.1|--|Campi Flegrei|earthquake
41633692|2025-02-05 08:10:40.890000|40.832167|14.151667|2.6|BULLETIN-OV||||Md|1.9|--|Campi Flegrei|earthquake
41633882|2025-02-05 08:24:29.539000|40.828833|14.145|2.2|BULLETIN-OV||||Md|1.0|--|Campi Flegrei|earthquake
41633982|2025-02-05 08:33:19.880000|40.8275|14.148667|1.6|BULLETIN-OV||||Md|1.0|--|Campi Flegrei|earthquake
41634612|2025-02-05 09:43:50.910000|40.826333|14.150167|1.0|BULLETIN-OV||||Md|1.1|--|Campi Flegrei|earthquake
41634642|2025-02-05 10:00:32.579000|40.831333|14.147|2.6|BULLETIN-OV||||Md|2.7|--|Campi Flegrei|earthquake
41652342|2025-02-07 20:26:57.710000|40.836|14.122|2.6|BULLETIN-OV||||Md|1.3|--|Campi Flegrei|earthquake
41661122|2025-02-09 11:04:10.440000|40.8375|14.115333|2.4|BULLETIN-OV||||Md|1.5|--|Campi Flegrei|earthquake
41668742|2025-02-10 14:50:24.990000|40.837167|14.116333|2.3|BULLETIN-OV||||Md|2.3|--|Campi Flegrei|earthquake
41669662|2025-02-10 17:52:50.220000|40.824833|14.131833|0.7|BULLETIN-OV||||Md|1.6|--|Campi Flegrei|earthquake
41671662|2025-02-11 01:50:01.670000|40.829833|14.140167|1.9|BULLETIN-OV||||Md|1.7|--|Campi Flegrei|earthquake
41673582|2025-02-11 09:34:12.259000|40.827|14.140167|1.3|BULLETIN-OV||||Md|1.7|--|Campi Flegrei|earthquake
41676872|2025-02-11 15:50:52.059000|40.835333|14.1285|1.9|BULLETIN-OV||||Md|1.2|--|Campi Flegrei|earthquake
41677282|2025-02-11 15:53:55.519000|40.8315|14.127667|1.8|BULLETIN-OV||||Md|1.8|--|Campi Flegrei|earthquake
41677422|2025-02-11 15:54:21.299000|40.838167|14.132333|2.3|BULLETIN-OV||||Md|1.0|--|Campi Flegrei|earthquake
41677022|2025-02-11 15:55:02.289000|40.834167|14.1305|2.5|BULLETIN-OV||||Md|1.2|--|Campi Flegrei|earthquake
41677432|2025-02-11 15:55:11.529000|40.833167|14.129|2.3|BULLETIN-OV||||Md|1.6|--|Campi Flegrei|earthquake
41678752|2025-02-11 21:09:27.279000|40.836|14.129333|2.7|BULLETIN-OV||||Md|1.7|--|Campi Flegrei|earthquake
41683152|2025-02-12 12:51:03.519000|40.831333|14.110333|2.1|BULLETIN-OV||||Md|1.1|--|Campi Flegrei|earthquake
41684752|2025-02-12 16:41:39.789000|40.837167|14.137333|2.6|BULLETIN-OV||||Md|1.7|--|Campi Flegrei|earthquake
41685892|2025-02-12 21:42:57.670000|40.836333|14.132|2.6|BULLETIN-OV||||Md|2.1|--|Campi Flegrei|earthquake
41686072|2025-02-12 22:27:13.930000|40.830167|14.144833|2.4|BULLETIN-OV||||Md|2.6|--|Campi Flegrei|earthquake
41686272|2025-02-12 22:43:51.569000|40.828333|14.138833|1.0|BULLETIN-OV||||Md|1.0|--|Campi Flegrei|earthquake
41686632|2025-02-13 00:01:26.390000|40.8315|14.140167|2.4|BULLETIN-OV||||Md|1.2|--|Campi Flegrei|earthquake
41686712|2025-02-13 00:57:13.250000|40.833667|14.143833|2.7|BULLETIN-OV||||Md|1.6|--|Campi Flegrei|earthquake
41686812|2025-02-13 01:17:15.089000|40.832|14.138|1.9|BULLETIN-OV||||Md|1.0|--|Campi Flegrei|earthquake
41686892|2025-02-13 01:29:54.250000|40.833|14.141667|2.7|BULLETIN-OV||||Md|1.4|--|Campi Flegrei|earthquake
41687012|2025-02-13 01:44:20.869000|40.8315|14.134667|2.1|BULLETIN-OV||||Md|1.0|--|Campi Flegrei|earthquake
41687062|2025-02-13 01:56:04.910000|40.822833|14.151|1.6|BULLETIN-OV||||Md|1.3|--|Campi Flegrei|earthquake
41687142|2025-02-13 02:03:54.500000|40.831|14.135333|2.1|BULLETIN-OV||||Md|1.2|--|Campi Flegrei|earthquake
41687872|2025-02-13 06:44:47.859000|40.832333|14.140167|2.8|BULLETIN-OV||||Md|1.8|--|Campi Flegrei|earthquake
41690452|2025-02-13 12:14:26.039000|40.835167|14.1195|1.8|BULLETIN-OV||||Md|1.6|--|Campi Flegrei|earthquake
42063291|2025-02-13 15:34:23.029000|40.832|14.147167|1.9|BULLETIN-OV||||Md|2.5|--|Campi Flegrei|earthquake
41692112|2025-02-13 15:37:08.329000|40.836|14.123167|2.4|BULLETIN-OV||||Md|1.1|--|Campi Flegrei|earthquake
41693972|2025-02-13 21:55:38.769000|40.828167|14.142833|1.6|BULLETIN-OV||||Md|1.5|--|Campi Flegrei|earthquake
41694042|2025-02-13 22:03:00.380000|40.829667|14.146667|2.4|BULLETIN-OV||||Md|2.0|--|Campi Flegrei|earthquake
41694102|2025-02-13 22:18:28.170000|40.830167|14.144|2.1|BULLETIN-OV||||Md|2.8|--|Campi Flegrei|earthquake
41694242|2025-02-13 22:41:06.900000|40.831333|14.147333|2.2|BULLETIN-OV||||Md|1.7|--|Campi Flegrei|earthquake
41701642|2025-02-14 19:10:11.859000|40.820333|14.142833|0.9|BULLETIN-OV||||Md|1.1|--|Campi Flegrei|earthquake
41701692|2025-02-14 19:25:48.170000|40.833167|14.133|2.2|BULLETIN-OV||||Md|1.3|--|Campi Flegrei|earthquake
41702022|2025-02-14 21:27:56.599000|40.814667|14.1525|3.0|BULLETIN-OV||||Md|1.1|--|Campi Flegrei|earthquake
41702052|2025-02-14 21:29:44.799000|40.8145|14.160667|2.4|BULLETIN-OV||||Md|1.2|--|Campi Flegrei|earthquake
41702252|2025-02-14 22:23:26.869000|40.8145|14.157167|3.0|BULLETIN-OV||||Md|1.1|--|Campi Flegrei|earthquake
41702292|2025-02-14 22:29:21.150000|40.812667|14.153667|3.0|BULLETIN-OV||||Md|2.4|--|Campi Flegrei|earthquake
41702482|2025-02-14 23:01:36.970000|40.816333|14.157667|2.7|BULLETIN-OV||||Md|2.0|--|Campi Flegrei|earthquake
41703122|2025-02-15 02:19:10.119000|40.812833|14.159667|2.4|BULLETIN-OV||||Md|1.2|--|Campi Flegrei|earthquake
41705592|2025-02-15 15:53:49.940000|40.829667|14.1385|2.5|BULLETIN-OV||||Md|2.4|--|Campi Flegrei|earthquake
41705632|2025-02-15 15:55:57.690000|40.826|14.141667|1.3|BULLETIN-OV||||Md|1.0|--|Campi Flegrei|earthquake
41705852|2025-02-15 16:15:59.230000|40.829167|14.140167|2.2|BULLETIN-OV||||Md|1.0|--|Campi Flegrei|earthquake
41706292|2025-02-15 18:22:14.829000|40.829667|14.140167|2.5|BULLETIN-OV||||Md|1.2|--|Campi Flegrei|earthquake
41706392|2025-02-15 18:25:39.539000|40.8285|14.138333|1.9|BULLETIN-OV||||Md|1.0|--|Campi Flegrei|earthquake
41706492|2025-02-15 18:25:47.150000|40.829333|14.140167|2.5|BULLETIN-OV||||Md|1.2|--|Campi Flegrei|earthquake
41706612|2025-02-15 19:41:38.619000|40.8315|14.144667|2.6|BULLETIN-OV||||Md|1.9|--|Campi Flegrei|earthquake
41708012|2025-02-16 00:21:10.440000|40.830833|14.151667|1.9|BULLETIN-OV||||Md|1.1|--|Campi Flegrei|earthquake
41708342|2025-02-16 01:58:23.450000|40.823167|14.133167|1.9|BULLETIN-OV||||Md|1.6|--|Campi Flegrei|earthquake
41708622|2025-02-16 02:41:38.769000|40.825167|14.116|2.6|BULLETIN-OV||||Md|1.3|--|Campi Flegrei|earthquake
41708802|2025-02-16 02:53:09.309000|40.827833|14.1635|2.0|BULLETIN-OV||||Md|2.0|--|Campi Flegrei|earthquake
41708852|2025-02-16 02:56:48.839000|40.824167|14.118|2.7|BULLETIN-OV||||Md|1.3|--|Campi Flegrei|earthquake
41708932|2025-02-16 02:57:51.059000|40.825|14.137833|2.1|BULLETIN-OV||||Md|1.4|--|Campi Flegrei|earthquake
41709142|2025-02-16 03:12:17.059000|40.823833|14.1145|2.6|BULLETIN-OV||||Md|1.1|--|Campi Flegrei|earthquake
41709202|2025-02-16 03:19:54.470000|40.824167|14.133333|1.8|BULLETIN-OV||||Md|1.4|--|Campi Flegrei|earthquake
41709262|2025-02-16 03:30:10.819000|40.826|14.134833|2.0|BULLETIN-OV||||Md|2.2|--|Campi Flegrei|earthquake
41709622|2025-02-16 04:28:49.890000|40.824667|14.120333|2.4|BULLETIN-OV||||Md|1.3|--|Campi Flegrei|earthquake
41711002|2025-02-16 09:29:08.190000|40.8245|14.141|0.8|BULLETIN-OV||||Md|1.0|--|Campi Flegrei|earthquake
41712062|2025-02-16 11:14:31.990000|40.813833|14.096833|2.6|BULLETIN-OV||||Md|1.2|--|Campi Flegrei|earthquake
41711872|2025-02-16 11:18:46.430000|40.819|14.086667|3.2|BULLETIN-OV||||Md|1.7|--|Campi Flegrei|earthquake
41712972|2025-02-16 14:30:02.640000|40.809333|14.103|3.0|BULLETIN-OV||||Md|3.9|--|Campi Flegrei|earthquake
41713582|2025-02-16 15:28:14.019000|40.828667|14.142833|1.5|BULLETIN-OV||||Md|1.2|--|Campi Flegrei|earthquake
41713632|2025-02-16 15:29:32.579000|40.831333|14.145|2.2|BULLETIN-OV||||Md|1.6|--|Campi Flegrei|earthquake
41714052|2025-02-16 16:13:04.559000|40.830167|14.133333|2.6|BULLETIN-OV||||Md|1.4|--|Campi Flegrei|earthquake
41714262|2025-02-16 16:18:55.519000|40.830167|14.132|2.8|BULLETIN-OV||||Md|2.5|--|Campi Flegrei|earthquake
41714362|2025-02-16 16:24:14.210000|40.8315|14.137333|2.6|BULLETIN-OV||||Md|1.2|--|Campi Flegrei|earthquake
42063361|2025-02-16 16:25:29.880000|40.828167|14.133833|2.2|BULLETIN-OV||||Md|1.2|--|Campi Flegrei|earthquake
42063371|2025-02-16 16:26:53.289000|40.831|14.128167|2.5|BULLETIN-OV||||Md|1.1|--|Campi Flegrei|earthquake
41714572|2025-02-16 16:30:41.910000|40.8315|14.130667|2.9|BULLETIN-OV||||Md|2.7|--|Campi Flegrei|earthquake
41714722|2025-02-16 16:39:55.269000|40.828333|14.130667|1.9|BULLETIN-OV||||Md|1.3|--|Campi Flegrei|earthquake
42063381|2025-02-16 17:25:17.940000|40.7985|14.1175|4.2|BULLETIN-OV||||Md|1.0|--|Campi Flegrei|earthquake
41716162|2025-02-16 22:16:51.190000|40.827167|14.155833|0.7|BULLETIN-OV||||Md|1.3|--|Campi Flegrei|earthquake
42063391|2025-02-16 22:26:28.630000|40.824833|14.1495|0.9|BULLETIN-OV||||Md|1.2|--|Campi Flegrei|earthquake
41716362|2025-02-16 22:45:12.130000|40.831333|14.145|2.4|BULLETIN-OV||||Md|3.0|--|Campi Flegrei|earthquake
41716432|2025-02-16 22:46:47.490000|40.827667|14.141|2.1|BULLETIN-OV||||Md|3.0|--|Campi Flegrei|earthquake
42063401|2025-02-16 23:02:18.200000|40.831667|14.145833|2.2|BULLETIN-OV||||Md|1.7|--|Campi Flegrei|earthquake
42063411|2025-02-16 23:11:23.940000|40.8355|14.117333|2.2|BULLETIN-OV||||Md|1.2|--|Campi Flegrei|earthquake
42063421|2025-02-16 23:18:53.890000|40.8295|14.143333|1.5|BULLETIN-OV||||Md|1.2|--|Campi Flegrei|earthquake
41717192|2025-02-16 23:19:52.450000|40.829167|14.1475|2.5|BULLETIN-OV||||Md|3.9|--|Campi Flegrei|earthquake
41717992|2025-02-16 23:20:48.440000|40.828333|14.1495|2.1|BULLETIN-OV||||Md|2.3|--|Campi Flegrei|earthquake
41718732|2025-02-16 23:21:43.059000|40.827|14.149667|1.4|BULLETIN-OV||||Md|2.0|--|Campi Flegrei|earthquake
41718842|2025-02-16 23:21:57.980000|40.824167|14.150833|1.3|BULLETIN-OV||||Md|1.2|--|Campi Flegrei|earthquake
41718322|2025-02-16 23:36:21.640000|40.829667|14.148|1.0|BULLETIN-OV||||Md|1.1|--|Campi Flegrei|earthquake
41717722|2025-02-16 23:38:10.769000|40.824|14.148|1.9|BULLETIN-OV||||Md|2.0|--|Campi Flegrei|earthquake
41806222|2025-02-16 23:40:47.089000|40.825333|14.138667|0.8|BULLETIN-OV||||Md|1.1|--|Campi Flegrei|earthquake
41718072|2025-02-17 00:03:51.390000|40.824167|14.149|1.1|BULLETIN-OV||||Md|1.0|--|Campi Flegrei|earthquake
41718452|2025-02-17 00:39:03.279000|40.829667|14.142833|2.2|BULLETIN-OV||||Md|2.3|--|Campi Flegrei|earthquake
41718872|2025-02-17 00:59:46.670000|40.8285|14.147833|1.5|BULLETIN-OV||||Md|1.2|--|Campi Flegrei|earthquake
41718922|2025-02-17 01:04:26.390000|40.828167|14.136|2.7|BULLETIN-OV||||Md|1.6|--|Campi Flegrei|earthquake
41719142|2025-02-17 01:23:43.690000|40.820333|14.143333|1.0|BULLETIN-OV||||Md|1.3|--|Campi Flegrei|earthquake
41719352|2025-02-17 01:48:25.599000|40.82|14.145667|0.2|BULLETIN-OV||||Md|1.0|--|Campi Flegrei|earthquake
41719372|2025-02-17 01:48:32.549000|40.819|14.147167|0.3|BULLETIN-OV||||Md|1.1|--|Campi Flegrei|earthquake
41719572|2025-02-17 02:14:37.049000|40.826|14.147833|1.7|BULLETIN-OV||||Md|2.0|--|Campi Flegrei|earthquake
41720042|2025-02-17 02:53:50.930000|40.808333|14.120333|3.9|BULLETIN-OV||||Md|1.3|--|Campi Flegrei|earthquake
42063431|2025-02-17 03:20:59.160000|40.824333|14.127833|2.6|BULLETIN-OV||||Md|1.6|--|Campi Flegrei|earthquake
41720302|2025-02-17 03:25:30.940000|40.826333|14.1215|2.3|BULLETIN-OV||||Md|1.0|--|Campi Flegrei|earthquake
41720882|2025-02-17 04:04:21.400000|40.820333|14.144833|0.3|BULLETIN-OV||||Md|2.4|--|Campi Flegrei|earthquake
41721042|2025-02-17 04:18:41.150000|40.821667|14.138|1.1|BULLETIN-OV||||Md|1.7|--|Campi Flegrei|earthquake
41721112|2025-02-17 04:19:34.190000|40.821667|14.137|0.9|BULLETIN-OV||||Md|1.2|--|Campi Flegrei|earthquake
41721402|2025-02-17 05:02:28.019000|40.8075|14.102167|3.9|BULLETIN-OV||||Md|1.3|--|Campi Flegrei|earthquake
41722262|2025-02-17 06:45:26.359000|40.829833|14.137|2.3|BULLETIN-OV||||Md|1.3|--|Campi Flegrei|earthquake
41722362|2025-02-17 06:47:06.339000|40.829167|14.143667|1.8|BULLETIN-OV||||Md|1.0|--|Campi Flegrei|earthquake
41722632|2025-02-17 07:12:10.529000|40.8315|14.137667|2.5|BULLETIN-OV||||Md|3.2|--|Campi Flegrei|earthquake
41722942|2025-02-17 07:12:29.650000|40.827333|14.140167|1.7|BULLETIN-OV||||Md|1.2|--|Campi Flegrei|earthquake
41722712|2025-02-17 07:14:11.559000|40.828|14.139167|2.2|BULLETIN-OV||||Md|2.8|--|Campi Flegrei|earthquake
41723002|2025-02-17 07:14:20.079000|40.827167|14.140833|0.9|BULLETIN-OV||||Md|1.5|--|Campi Flegrei|earthquake
42063451|2025-02-17 07:23:47.589000|40.830333|14.140167|2.3|BULLETIN-OV||||Md|1.3|--|Campi Flegrei|earthquake
41723012|2025-02-17 07:42:02.819000|40.8375|14.111167|2.9|BULLETIN-OV||||Md|1.5|--|Campi Flegrei|earthquake
41723132|2025-02-17 07:45:15.420000|40.8315|14.134|2.7|BULLETIN-OV||||Md|1.4|--|Campi Flegrei|earthquake
41723942|2025-02-17 08:39:38.140000|40.822167|14.136|0.7|BULLETIN-OV||||Md|2.2|--|Campi Flegrei|earthquake
41724172|2025-02-17 09:01:55.559000|40.820333|14.147|1.2|BULLETIN-OV||||Md|1.6|--|Campi Flegrei|earthquake
41724352|2025-02-17 09:21:28.490000|40.822833|14.137|0.7|BULLETIN-OV||||Md|1.1|--|Campi Flegrei|earthquake
41724702|2025-02-17 10:11:24.480000|40.835833|14.111833|2.2|BULLETIN-OV||||Md|1.3|--|Campi Flegrei|earthquake
41725762|2025-02-17 11:26:22.680000|40.832|14.126333|2.8|BULLETIN-OV||||Md|2.2|--|Campi Flegrei|earthquake
41726302|2025-02-17 11:26:32.029000|40.8315|14.126|2.7|BULLETIN-OV||||Md|2.8|--|Campi Flegrei|earthquake
41725922|2025-02-17 11:30:45.819000|40.836333|14.129667|2.6|BULLETIN-OV||||Md|1.3|--|Campi Flegrei|earthquake
41726032|2025-02-17 11:33:06.619000|40.837333|14.109|3.0|BULLETIN-OV||||Md|2.2|--|Campi Flegrei|earthquake
41726162|2025-02-17 11:40:50.019000|40.8315|14.1295|2.7|BULLETIN-OV||||Md|1.0|--|Campi Flegrei|earthquake
41726352|2025-02-17 11:47:04.450000|40.8305|14.1335|2.5|BULLETIN-OV||||Md|1.7|--|Campi Flegrei|earthquake
41726452|2025-02-17 11:50:23.599000|40.83|14.1085|2.8|BULLETIN-OV||||Md|1.2|--|Campi Flegrei|earthquake
41726542|2025-02-17 11:52:31.029000|40.836|14.13|2.3|BULLETIN-OV||||Md|1.0|--|Campi Flegrei|earthquake
41726642|2025-02-17 11:54:09.750000|40.830167|14.128667|1.7|BULLETIN-OV||||Md|1.2|--|Campi Flegrei|earthquake
41726662|2025-02-17 11:55:17.339000|40.8345|14.128|2.8|BULLETIN-OV||||Md|1.5|--|Campi Flegrei|earthquake
41727002|2025-02-17 12:03:36.990000|40.827667|14.128833|2.6|BULLETIN-OV||||Md|1.0|--|Campi Flegrei|earthquake
41727212|2025-02-17 12:18:22.170000|40.829167|14.135667|2.7|BULLETIN-OV||||Md|1.3|--|Campi Flegrei|earthquake
41727492|2025-02-17 12:43:11.009000|40.828833|14.106|2.5|BULLETIN-OV||||Md|1.7|--|Campi Flegrei|earthquake
41727572|2025-02-17 12:51:30.069000|40.828667|14.128167|2.8|BULLETIN-OV||||Md|1.2|--|Campi Flegrei|earthquake
41727682|2025-02-17 12:56:48.599000|40.8295|14.128333|3.2|BULLETIN-OV||||Md|1.1|--|Campi Flegrei|earthquake
41728862|2025-02-17 15:42:18.029000|40.831167|14.126|3.1|BULLETIN-OV||||Md|1.6|--|Campi Flegrei|earthquake
41728952|2025-02-17 15:48:51.180000|40.830333|14.130167|2.1|BULLETIN-OV||||Md|1.0|--|Campi Flegrei|earthquake
41729412|2025-02-17 16:53:05.119000|40.826|14.142|2.2|BULLETIN-OV||||Md|1.2|--|Campi Flegrei|earthquake
41729442|2025-02-17 16:53:24.990000|40.828167|14.143167|1.8|BULLETIN-OV||||Md|2.8|--|Campi Flegrei|earthquake
41729482|2025-02-17 16:56:10.460000|40.826|14.137833|1.7|BULLETIN-OV||||Md|1.1|--|Campi Flegrei|earthquake
41729852|2025-02-17 17:14:31.319000|40.83|14.146167|2.3|BULLETIN-OV||||Md|1.1|--|Campi Flegrei|earthquake
41729702|2025-02-17 17:15:54.200000|40.829167|14.148|2.5|BULLETIN-OV||||Md|2.6|--|Campi Flegrei|earthquake
41729982|2025-02-17 17:22:59.349000|40.828833|14.145167|1.5|BULLETIN-OV||||Md|1.1|--|Campi Flegrei|earthquake
41730162|2025-02-17 17:41:40.299000|40.826|14.142167|2.2|BULLETIN-OV||||Md|1.7|--|Campi Flegrei|earthquake
41730462|2025-02-17 17:53:21.190000|40.8305|14.146167|1.7|BULLETIN-OV||||Md|1.0|--|Campi Flegrei|earthquake
41730562|2025-02-17 17:55:34.960000|40.827167|14.143833|1.9|BULLETIN-OV||||Md|2.6|--|Campi Flegrei|earthquake
41730952|2025-02-17 17:56:12.869000|40.826833|14.143167|1.7|BULLETIN-OV||||Md|1.0|--|Campi Flegrei|earthquake
41730802|2025-02-17 17:59:49.940000|40.829167|14.145333|2.3|BULLETIN-OV||||Md|1.2|--|Campi Flegrei|earthquake
41731102|2025-02-17 18:03:55.299000|40.826833|14.1465|1.6|BULLETIN-OV||||Md|1.7|--|Campi Flegrei|earthquake
41934482|2025-02-17 18:32:58.609000|40.826333|14.1445|1.6|BULLETIN-OV||||Md|1.2|--|Campi Flegrei|earthquake
41975862|2025-02-17 18:46:43.890000|40.827167|14.146167|1.5|BULLETIN-OV||||Md|1.2|--|Campi Flegrei|earthquake
41731762|2025-02-17 18:47:10.200000|40.826333|14.1435|1.3|BULLETIN-OV||||Md|1.2|--|Campi Flegrei|earthquake
41733552|2025-02-17 20:24:32.420000|40.829333|14.145833|1.8|BULLETIN-OV||||Md|1.7|--|Campi Flegrei|earthquake
41733262|2025-02-17 20:28:47.450000|40.831333|14.147833|1.6|BULLETIN-OV||||Md|1.1|--|Campi Flegrei|earthquake
41733902|2025-02-17 21:15:36.349000|40.831333|14.1455|1.7|BULLETIN-OV||||Md|1.4|--|Campi Flegrei|earthquake
41733942|2025-02-17 21:20:20.819000|40.831333|14.147833|1.8|BULLETIN-OV||||Md|1.4|--|Campi Flegrei|earthquake
41734152|2025-02-17 21:32:09.960000|40.831333|14.146167|1.7|BULLETIN-OV||||Md|1.3|--|Campi Flegrei|earthquake
41734292|2025-02-17 21:42:45.519000|40.829833|14.151667|2.2|BULLETIN-OV||||Md|1.0|--|Campi Flegrei|earthquake
41734672|2025-02-17 22:23:40.309000|40.83|14.143333|1.9|BULLETIN-OV||||Md|1.8|--|Campi Flegrei|earthquake
41734712|2025-02-17 22:24:20.690000|40.828833|14.143667|1.5|BULLETIN-OV||||Md|1.3|--|Campi Flegrei|earthquake
41735032|2025-02-17 22:56:42.329000|40.827167|14.143833|1.6|BULLETIN-OV||||Md|1.8|--|Campi Flegrei|earthquake
41735182|2025-02-17 23:09:13.960000|40.8285|14.142333|1.5|BULLETIN-OV||||Md|1.1|--|Campi Flegrei|earthquake
41735232|2025-02-17 23:19:04.779000|40.8295|14.1445|1.6|BULLETIN-OV||||Md|1.7|--|Campi Flegrei|earthquake
41735382|2025-02-17 23:29:36.950000|40.827833|14.142|1.5|BULLETIN-OV||||Md|1.1|--|Campi Flegrei|earthquake
41735542|2025-02-17 23:48:32.299000|40.828667|14.143|1.5|BULLETIN-OV||||Md|1.0|--|Campi Flegrei|earthquake
41735612|2025-02-17 23:51:22.950000|40.827833|14.142167|1.6|BULLETIN-OV||||Md|1.6|--|Campi Flegrei|earthquake
41735722|2025-02-17 23:52:42.890000|40.829167|14.145167|1.9|BULLETIN-OV||||Md|1.7|--|Campi Flegrei|earthquake
41735822|2025-02-18 00:06:36.960000|40.829|14.146|2.2|BULLETIN-OV||||Md|2.4|--|Campi Flegrei|earthquake
41735882|2025-02-18 00:08:08.700000|40.829|14.144333|1.4|BULLETIN-OV||||Md|1.0|--|Campi Flegrei|earthquake
41736042|2025-02-18 00:28:48.079000|40.827833|14.142167|2.3|BULLETIN-OV||||Md|2.0|--|Campi Flegrei|earthquake
41685371|2025-02-18 01:03:49.640000|40.808833|14.110167|3.8|BULLETIN-OV||||Md|1.2|--|Campi Flegrei|earthquake
41736562|2025-02-18 01:13:28.230000|40.829333|14.142667|2.0|BULLETIN-OV||||Md|1.2|--|Campi Flegrei|earthquake
41736612|2025-02-18 01:19:30.599000|40.829333|14.1435|1.6|BULLETIN-OV||||Md|1.5|--|Campi Flegrei|earthquake
41736672|2025-02-18 01:20:53.130000|40.823167|14.131833|2.2|BULLETIN-OV||||Md|1.0|--|Campi Flegrei|earthquake
41736892|2025-02-18 01:40:46.609000|40.827333|14.144167|2.0|BULLETIN-OV||||Md|1.7|--|Campi Flegrei|earthquake
41687561|2025-02-18 01:44:03.980000|40.8285|14.1445|1.9|BULLETIN-OV||||Md|1.6|--|Campi Flegrei|earthquake
41737202|2025-02-18 02:04:08.730000|40.8275|14.140167|1.3|BULLETIN-OV||||Md|1.1|--|Campi Flegrei|earthquake
41737312|2025-02-18 02:22:11.059000|40.827667|14.145167|1.3|BULLETIN-OV||||Md|1.5|--|Campi Flegrei|earthquake
41737592|2025-02-18 02:22:19.809000|40.831333|14.142333|2.2|BULLETIN-OV||||Md|3.1|--|Campi Flegrei|earthquake
41737822|2025-02-18 02:22:37.079000|40.827333|14.142|1.5|BULLETIN-OV||||Md|2.3|--|Campi Flegrei|earthquake
41737402|2025-02-18 02:26:02.279000|40.829667|14.143333|1.9|BULLETIN-OV||||Md|1.0|--|Campi Flegrei|earthquake
42063511|2025-02-18 03:21:35.890000|40.831333|14.147833|1.9|BULLETIN-OV||||Md|1.6|--|Campi Flegrei|earthquake
41739082|2025-02-18 05:02:13.180000|40.831333|14.148333|1.9|BULLETIN-OV||||Md|1.3|--|Campi Flegrei|earthquake
41739462|2025-02-18 05:26:41.180000|40.83|14.151667|1.8|BULLETIN-OV||||Md|1.0|--|Campi Flegrei|earthquake
41739772|2025-02-18 06:25:46.359000|40.8275|14.140833|1.3|BULLETIN-OV||||Md|1.3|--|Campi Flegrei|earthquake
41739952|2025-02-18 06:31:40.640000|40.8275|14.141667|1.6|BULLETIN-OV||||Md|1.6|--|Campi Flegrei|earthquake
41740122|2025-02-18 06:36:06.430000|40.826667|14.144833|1.7|BULLETIN-OV||||Md|1.0|--|Campi Flegrei|earthquake
41740282|2025-02-18 07:02:59.380000|40.828667|14.141333|1.4|BULLETIN-OV||||Md|1.2|--|Campi Flegrei|earthquake
41740722|2025-02-18 07:47:56.829000|40.828333|14.142833|1.3|BULLETIN-OV||||Md|1.0|--|Campi Flegrei|earthquake
41740872|2025-02-18 08:01:26.259000|40.827667|14.144|1.4|BULLETIN-OV||||Md|1.2|--|Campi Flegrei|earthquake
41741102|2025-02-18 08:06:59.690000|40.824667|14.141167|1.0|BULLETIN-OV||||Md|1.0|--|Campi Flegrei|earthquake
41741702|2025-02-18 09:28:57.339000|40.8275|14.144833|2.4|BULLETIN-OV||||Md|2.3|--|Campi Flegrei|earthquake
41741942|2025-02-18 09:44:17.869000|40.8265|14.143333|1.2|BULLETIN-OV||||Md|1.0|--|Campi Flegrei|earthquake
41742122|2025-02-18 10:08:07.710000|40.824|14.138667|1.8|BULLETIN-OV||||Md|1.2|--|Campi Flegrei|earthquake
41742272|2025-02-18 10:08:35.609000|40.825833|14.144667|1.1|BULLETIN-OV||||Md|1.0|--|Campi Flegrei|earthquake
41461991|2025-02-18 11:35:39.170000|40.826|14.144|1.3|BULLETIN-OV||||Md|1.1|--|Campi Flegrei|earthquake
41743842|2025-02-18 13:06:56.450000|40.831333|14.1455|1.4|BULLETIN-OV||||Md|1.0|--|Campi Flegrei|earthquake
41744632|2025-02-18 13:27:30.690000|40.8305|14.146167|2.1|BULLETIN-OV||||Md|1.1|--|Campi Flegrei|earthquake
41745142|2025-02-18 13:47:57.740000|40.831333|14.147333|1.8|BULLETIN-OV||||Md|1.0|--|Campi Flegrei|earthquake
41746272|2025-02-18 14:46:37.619000|40.825|14.139833|0.7|BULLETIN-OV||||Md|1.0|--|Campi Flegrei|earthquake
41748762|2025-02-18 19:13:25.619000|40.828|14.1425|1.3|BULLETIN-OV||||Md|1.2|--|Campi Flegrei|earthquake
41749222|2025-02-18 21:31:27.480000|40.828333|14.142333|1.2|BULLETIN-OV||||Md|1.1|--|Campi Flegrei|earthquake
41749832|2025-02-19 00:31:12.549000|40.8345|14.148|2.1|BULLETIN-OV||||Md|3.1|--|Campi Flegrei|earthquake
41750192|2025-02-19 01:30:00.210000|40.831333|14.1465|1.7|BULLETIN-OV||||Md|1.0|--|Campi Flegrei|earthquake
41750212|2025-02-19 01:46:07.930000|40.832333|14.147667|2.2|BULLETIN-OV||||Md|1.6|--|Campi Flegrei|earthquake
41750262|2025-02-19 01:47:47.269000|40.831333|14.1445|1.5|BULLETIN-OV||||Md|1.0|--|Campi Flegrei|earthquake
41750822|2025-02-19 03:04:15.519000|40.83|14.146167|2.2|BULLETIN-OV||||Md|3.0|--|Campi Flegrei|earthquake
41751222|2025-02-19 04:12:49.420000|40.833|14.151667|2.5|BULLETIN-OV||||Md|1.6|--|Campi Flegrei|earthquake
41751452|2025-02-19 04:28:22.309000|40.828667|14.147333|2.1|BULLETIN-OV||||Md|1.0|--|Campi Flegrei|earthquake
41752022|2025-02-19 05:53:07.640000|40.829833|14.147167|2.1|BULLETIN-OV||||Md|1.0|--|Campi Flegrei|earthquake
41753372|2025-02-19 08:51:31.599000|40.818333|14.142167|2.7|BULLETIN-OV||||Md|1.2|--|Campi Flegrei|earthquake
41755672|2025-02-19 14:55:11.180000|40.828167|14.145|2.5|BULLETIN-OV||||Md|3.2|--|Campi Flegrei|earthquake
41756082|2025-02-19 14:55:35.940000|40.824833|14.139667|1.7|BULLETIN-OV||||Md|3.1|--|Campi Flegrei|earthquake
41757542|2025-02-20 01:34:41.900000|40.8295|14.1455|2.8|BULLETIN-OV||||Md|2.3|--|Campi Flegrei|earthquake
41758822|2025-02-20 07:58:59.450000|40.829|14.145|2.9|BULLETIN-OV||||Md|1.1|--|Campi Flegrei|earthquake
41760372|2025-02-20 10:43:45.039000|40.828167|14.141|1.4|BULLETIN-OV||||Md|1.0|--|Campi Flegrei|earthquake
41761402|2025-02-20 12:55:44.740000|40.828167|14.143333|1.6|BULLETIN-OV||||Md|1.0|--|Campi Flegrei|earthquake
41762032|2025-02-20 14:15:46.329000|40.827|14.141667|1.7|BULLETIN-OV||||Md|1.5|--|Campi Flegrei|earthquake
41762532|2025-02-20 15:00:18.829000|40.829333|14.142833|2.3|BULLETIN-OV||||Md|1.2|--|Campi Flegrei|earthquake
42063521|2025-02-20 19:14:31.410000|40.827667|14.144667|1.8|BULLETIN-OV||||Md|1.1|--|Campi Flegrei|earthquake
41481881|2025-02-21 07:01:27.619000|40.826333|14.140667|1.9|BULLETIN-OV||||Md|1.0|--|Campi Flegrei|earthquake
41482391|2025-02-21 07:53:39.480000|40.828333|14.142833|2.2|BULLETIN-OV||||Md|2.1|--|Campi Flegrei|earthquake
41769582|2025-02-21 17:13:31.039000|40.828667|14.144|2.3|BULLETIN-OV||||Md|2.1|--|Campi Flegrei|earthquake
41769592|2025-02-21 17:13:56.960000|40.829|14.142667|2.0|BULLETIN-OV||||Md|1.9|--|Campi Flegrei|earthquake
41769612|2025-02-21 17:14:33.920000|40.828|14.1485|2.2|BULLETIN-OV||||Md|1.1|--|Campi Flegrei|earthquake
41769982|2025-02-21 17:15:05.140000|40.830833|14.144667|1.9|BULLETIN-OV||||Md|1.1|--|Campi Flegrei|earthquake
41769622|2025-02-21 17:15:34.890000|40.830667|14.145833|1.9|BULLETIN-OV||||Md|2.1|--|Campi Flegrei|earthquake
41769802|2025-02-21 17:32:38.619000|40.830333|14.146167|2.3|BULLETIN-OV||||Md|1.7|--|Campi Flegrei|earthquake
41770022|2025-02-21 18:26:34.549000|40.828333|14.142|1.8|BULLETIN-OV||||Md|1.3|--|Campi Flegrei|earthquake
41770782|2025-02-21 23:23:27.059000|40.826333|14.1415|1.5|BULLETIN-OV||||Md|1.0|--|Campi Flegrei|earthquake
41777022|2025-02-22 22:05:07.589000|40.835833|14.084333|2.7|BULLETIN-OV||||Md|1.0|--|Campi Flegrei|earthquake
41789312|2025-02-24 23:58:54.730000|40.837167|14.092|2.1|BULLETIN-OV||||Md|1.2|--|Campi Flegrei|earthquake
41816522|2025-03-01 00:53:08.579000|40.836333|14.124667|2.6|BULLETIN-OV||||Md|2.2|--|Campi Flegrei|earthquake
41816542|2025-03-01 00:53:31.700000|40.836333|14.129667|2.4|BULLETIN-OV||||Md|1.2|--|Campi Flegrei|earthquake
41828602|2025-03-02 20:27:18.079000|40.825167|14.1405|0.2|BULLETIN-OV||||Md|1.0|--|Campi Flegrei|earthquake
41828682|2025-03-02 20:57:42.369000|40.811333|14.107333|3.5|BULLETIN-OV||||Md|1.3|--|Campi Flegrei|earthquake
41830092|2025-03-03 06:54:21.420000|40.809833|14.139333|2.7|BULLETIN-OV||||Md|1.3|--|Campi Flegrei|earthquake
41831232|2025-03-03 09:06:24.690000|40.82|14.135833|0.3|BULLETIN-OV||||Md|1.0|--|Campi Flegrei|earthquake
41853172|2025-03-06 07:26:08.380000|40.8345|14.0845|2.7|BULLETIN-OV||||Md|1.8|--|Campi Flegrei|earthquake
41856812|2025-03-06 14:21:55.039000|40.838167|14.117167|2.5|BULLETIN-OV||||Md|1.1|--|Campi Flegrei|earthquake
41858852|2025-03-06 20:46:08.569000|40.817667|14.142333|2.9|BULLETIN-OV||||Md|1.1|--|Campi Flegrei|earthquake
41858882|2025-03-06 20:46:36.740000|40.817167|14.141833|2.8|BULLETIN-OV||||Md|2.0|--|Campi Flegrei|earthquake
41859192|2025-03-06 23:38:43.099000|40.825167|14.131833|0.5|BULLETIN-OV||||Md|3.4|--|Campi Flegrei|earthquake
41859522|2025-03-07 00:44:46.220000|40.824|14.133667|0.4|BULLETIN-OV||||Md|2.0|--|Campi Flegrei|earthquake
41859942|2025-03-07 03:46:50.220000|40.825|14.1385|0.7|BULLETIN-OV||||Md|1.0|--|Campi Flegrei|earthquake
41861392|2025-03-07 07:55:39.960000|40.8345|14.0985|2.3|BULLETIN-OV||||Md|1.0|--|Campi Flegrei|earthquake
41866562|2025-03-07 20:00:23.359000|40.827333|14.140167|2.2|BULLETIN-OV||||Md|1.3|--|Campi Flegrei|earthquake
41866702|2025-03-07 20:44:58.490000|40.837833|14.123|2.6|BULLETIN-OV||||Md|1.9|--|Campi Flegrei|earthquake
41867772|2025-03-08 03:58:32.589000|40.8255|14.158333|2.8|BULLETIN-OV||||Md|1.1|--|Campi Flegrei|earthquake
41873252|2025-03-08 18:54:50.490000|40.807667|14.137333|3.2|BULLETIN-OV||||Md|1.0|--|Campi Flegrei|earthquake
41873502|2025-03-08 19:39:06.170000|40.7975|14.122667|2.8|BULLETIN-OV||||Md|1.1|--|Campi Flegrei|earthquake
41873532|2025-03-08 19:52:31.930000|40.809833|14.120167|3.4|BULLETIN-OV||||Md|1.5|--|Campi Flegrei|earthquake
41873882|2025-03-08 21:29:10.940000|40.810833|14.0935|3.2|BULLETIN-OV||||Md|2.3|--|Campi Flegrei|earthquake
41874102|2025-03-08 22:09:38.230000|40.816667|14.1005|3.0|BULLETIN-OV||||Md|1.1|--|Campi Flegrei|earthquake
41881112|2025-03-09 13:25:14.950000|40.869|14.077|2.2|BULLETIN-OV||||Md|1.4|--|Campi Flegrei|earthquake
41882402|2025-03-09 17:09:51.089000|40.841|14.1265|2.6|BULLETIN-OV||||Md|1.3|--|Campi Flegrei|earthquake
41882882|2025-03-09 19:08:08.190000|40.822833|14.128167|2.3|BULLETIN-OV||||Md|1.0|--|Campi Flegrei|earthquake
41883622|2025-03-09 22:46:36.859000|40.831167|14.092|2.3|BULLETIN-OV||||Md|1.2|--|Campi Flegrei|earthquake
41883812|2025-03-09 23:59:14.799000|40.8345|14.087|1.7|BULLETIN-OV||||Md|2.8|--|Campi Flegrei|earthquake
41883962|2025-03-10 00:41:01.880000|40.827167|14.086833|3.0|BULLETIN-OV||||Md|1.2|--|Campi Flegrei|earthquake
41891962|2025-03-10 20:55:13.859000|40.830667|14.092|1.7|BULLETIN-OV||||Md|1.7|--|Campi Flegrei|earthquake
41892682|2025-03-11 02:04:09.559000|40.8285|14.138|2.5|BULLETIN-OV||||Md|3.2|--|Campi Flegrei|earthquake
41892862|2025-03-11 02:11:06.559000|40.8285|14.140167|1.5|BULLETIN-OV||||Md|1.3|--|Campi Flegrei|earthquake
41730861|2025-03-11 02:43:50.759000|40.825667|14.133833|2.6|BULLETIN-OV||||Md|2.6|--|Campi Flegrei|earthquake
41893082|2025-03-11 02:49:45.539000|40.824667|14.1385|1.7|BULLETIN-OV||||Md|1.1|--|Campi Flegrei|earthquake
41893212|2025-03-11 02:51:52.710000|40.8285|14.133833|2.0|BULLETIN-OV||||Md|1.1|--|Campi Flegrei|earthquake
41893152|2025-03-11 03:02:19.440000|40.826833|14.133833|2.4|BULLETIN-OV||||Md|1.4|--|Campi Flegrei|earthquake
41897322|2025-03-11 12:54:48.230000|40.821|14.122167|3.0|BULLETIN-OV||||Md|1.0|--|Campi Flegrei|earthquake
41901152|2025-03-12 05:25:19.539000|40.840667|14.136|1.8|BULLETIN-OV||||Md|1.7|--|Campi Flegrei|earthquake
41901192|2025-03-12 05:27:55.789000|40.842|14.138667|1.2|BULLETIN-OV||||Md|1.0|--|Campi Flegrei|earthquake
41903092|2025-03-12 09:13:31.710000|40.842|14.139167|1.3|BULLETIN-OV||||Md|1.2|--|Campi Flegrei|earthquake
41906902|2025-03-12 19:51:44.660000|40.822|14.128167|1.0|BULLETIN-OV||||Md|1.0|--|Campi Flegrei|earthquake
41908352|2025-03-13 00:25:02.349000|40.818833|14.1575|2.4|BULLETIN-OV||||Md|4.6|--|Campi Flegrei|earthquake
41908722|2025-03-13 00:26:23.789000|40.827167|14.142333|0.3|BULLETIN-OV||||Md|1.1|--|Campi Flegrei|earthquake
41908702|2025-03-13 00:26:39.410000|40.825333|14.154333|2.2|BULLETIN-OV||||Md|1.0|--|Campi Flegrei|earthquake
41908522|2025-03-13 00:40:11.859000|40.814667|14.150833|2.3|BULLETIN-OV||||Md|1.5|--|Campi Flegrei|earthquake
41908682|2025-03-13 00:47:47.339000|40.808667|14.152667|2.4|BULLETIN-OV||||Md|1.1|--|Campi Flegrei|earthquake
41908852|2025-03-13 01:27:16.940000|40.820333|14.157333|3.0|BULLETIN-OV||||Md|1.2|--|Campi Flegrei|earthquake
41909292|2025-03-13 02:26:38.390000|40.821333|14.155333|3.0|BULLETIN-OV||||Md|1.1|--|Campi Flegrei|earthquake
41911472|2025-03-13 07:24:13.480000|40.817333|14.149667|1.3|BULLETIN-OV||||Md|1.7|--|Campi Flegrei|earthquake
41914102|2025-03-13 10:09:16.009000|40.836333|14.124167|2.6|BULLETIN-OV||||Md|1.3|--|Campi Flegrei|earthquake
41922742|2025-03-14 02:52:06.539000|40.818|14.158167|3.0|BULLETIN-OV||||Md|1.0|--|Campi Flegrei|earthquake
41936002|2025-03-14 18:44:10.519000|40.819667|14.1575|2.8|BULLETIN-OV||||Md|3.5|--|Campi Flegrei|earthquake
41938122|2025-03-14 21:42:41.680000|40.825833|14.092|1.9|BULLETIN-OV||||Md|2.5|--|Campi Flegrei|earthquake
41942132|2025-03-15 08:28:57.950000|40.813333|14.153|2.3|BULLETIN-OV||||Md|1.1|--|Campi Flegrei|earthquake
41944592|2025-03-15 12:32:27.089000|40.829667|14.132333|2.9|BULLETIN-OV||||Mw|3.3|--|Campi Flegrei|earthquake
41956952|2025-03-16 13:18:43.920000|40.814333|14.155167|2.7|BULLETIN-OV||||Md|1.0|--|Campi Flegrei|earthquake
41959692|2025-03-16 17:37:19.740000|40.811167|14.155333|2.8|BULLETIN-OV||||Md|1.2|--|Campi Flegrei|earthquake
41967352|2025-03-17 16:07:55.819000|40.829|14.107667|2.4|BULLETIN-OV||||Md|1.0|--|Campi Flegrei|earthquake
41970462|2025-03-18 04:01:36.750000|40.7975|14.107833|4.6|BULLETIN-OV||||Md|1.4|--|Campi Flegrei|earthquake
41970832|2025-03-18 05:40:12.950000|40.801833|14.11|4.5|BULLETIN-OV||||Md|1.2|--|Campi Flegrei|earthquake
41982832|2025-03-19 02:48:18.670000|40.806|14.1135|2.3|BULLETIN-OV||||Md|1.1|--|Campi Flegrei|earthquake
41982862|2025-03-19 02:52:46.210000|40.8155|14.158167|2.6|BULLETIN-OV||||Md|1.3|--|Campi Flegrei|earthquake
41986132|2025-03-19 11:54:59.910000|40.832167|14.086667|3.0|BULLETIN-OV||||Md|1.0|--|Campi Flegrei|earthquake
41993022|2025-03-20 06:32:17.359000|40.8075|14.106333|2.5|BULLETIN-OV||||Md|2.0|--|Campi Flegrei|earthquake
41733941|2025-03-25 19:51:21.779000|40.828|14.140333|1.3|BULLETIN-OV||||Md|1.2|--|Campi Flegrei|earthquake
42154792|2025-03-26 19:11:37.599000|40.826833|14.138833|1.0|BULLETIN-OV||||Md|1.2|--|Campi Flegrei|earthquake
42155622|2025-03-27 03:43:07.839000|40.7985|14.109333|4.8|BULLETIN-OV||||Md|1.0|--|Campi Flegrei|earthquake
42161152|2025-03-27 19:04:48.170000|40.834833|14.151667|2.4|BULLETIN-OV||||Md|1.3|--|Campi Flegrei|earthquake
42167142|2025-03-28 23:30:53.940000|40.830667|14.091|2.6|BULLETIN-OV||||Md|1.0|--|Campi Flegrei|earthquake
42173932|2025-03-30 11:05:55.720000|40.825833|14.1145|1.8|BULLETIN-OV||||Md|1.1|--|Campi Flegrei|earthquake
42177162|2025-03-30 22:29:40.940000|40.838167|14.148667|2.6|BULLETIN-OV||||Md|1.3|--|Campi Flegrei|earthquake
42184732|2025-03-31 16:00:20.750000|40.827167|14.084|2.8|BULLETIN-OV||||Md|1.0|--|Campi Flegrei|earthquake
42195902|2025-04-02 00:37:12.690000|40.808833|14.086667|3.8|BULLETIN-OV||||Md|1.0|--|Campi Flegrei|earthquake
42197422|2025-04-02 08:27:33.630000|40.814|14.100333|3.0|SURVEY-INGV-OV#WESSEL||||Md|2.0|--|Campi Flegrei|earthquake
42206712|2025-04-03 14:07:13.940000|40.826833|14.101667|1.4|SURVEY-INGV-OV#WESSEL||||Md|1.0|--|Campi Flegrei|earthquake
42355742|2025-04-05 19:20:49.859000|40.827333|14.14|1.9|BULLETIN-OV||||Md|1.4|--|Campi Flegrei|earthquake
42363642|2025-04-07 00:55:32.710000|40.825167|14.137667|0.9|BULLETIN-OV||||Md|1.5|--|Campi Flegrei|earthquake
42363672|2025-04-07 00:56:56.539000|40.826667|14.14|0.8|BULLETIN-OV||||Md|1.2|--|Campi Flegrei|earthquake
42364102|2025-04-07 04:11:41.299000|40.8405|14.131|2.2|BULLETIN-OV||||Md|1.7|--|Campi Flegrei|earthquake
42365652|2025-04-07 07:43:32.380000|40.835833|14.135333|2.2|BULLETIN-OV||||Md|2.4|--|Campi Flegrei|earthquake
42449471|2025-04-07 11:39:49.609000|40.8345|14.09|2.5|BULLETIN-OV||||Md|1.0|--|Campi Flegrei|earthquake
42373612|2025-04-08 01:21:45.859000|40.807333|14.1155|2.9|BULLETIN-OV||||Md|1.2|--|Campi Flegrei|earthquake
42380202|2025-04-08 16:19:48.529000|40.831167|14.122667|2.1|BULLETIN-OV||||Md|1.1|--|Campi Flegrei|earthquake
42380262|2025-04-08 16:27:07.079000|40.836|14.122833|2.7|BULLETIN-OV||||Md|1.2|--|Campi Flegrei|earthquake
42389732|2025-04-10 03:19:49.819000|40.800833|14.117833|3.6|BULLETIN-OV||||Md|2.2|--|Campi Flegrei|earthquake
42399162|2025-04-10 21:38:01.089000|40.822833|14.132167|2.4|BULLETIN-OV||||Md|1.2|--|Campi Flegrei|earthquake
42399272|2025-04-10 22:30:28.099000|40.822833|14.130667|1.6|BULLETIN-OV||||Md|1.0|--|Campi Flegrei|earthquake
42406692|2025-04-11 16:07:09.250000|40.825|14.131|2.4|BULLETIN-OV||||Md|1.6|--|Campi Flegrei|earthquake
42408642|2025-04-11 20:55:54.720000|40.824667|14.132333|2.2|BULLETIN-OV||||Md|2.2|--|Campi Flegrei|earthquake
42408902|2025-04-11 20:56:03.670000|40.830833|14.142167|2.9|BULLETIN-OV||||Md|1.5|--|Campi Flegrei|earthquake
42408692|2025-04-11 20:59:20.200000|40.824333|14.128833|1.7|BULLETIN-OV||||Md|1.6|--|Campi Flegrei|earthquake
42408752|2025-04-11 21:02:26.529000|40.824833|14.129667|1.8|BULLETIN-OV||||Md|1.2|--|Campi Flegrei|earthquake
42449481|2025-04-12 12:59:54.279000|40.826667|14.126167|1.9|BULLETIN-OV||||Md|1.3|--|Campi Flegrei|earthquake
42417512|2025-04-12 21:29:15.420000|40.826333|14.135667|2.2|BULLETIN-OV||||Md|2.9|--|Campi Flegrei|earthquake
42417632|2025-04-12 21:39:08.329000|40.827833|14.137167|2.2|BULLETIN-OV||||Md|1.2|--|Campi Flegrei|earthquake
42417702|2025-04-12 21:46:37.259000|40.823333|14.134333|1.2|BULLETIN-OV||||Md|1.0|--|Campi Flegrei|earthquake
42418452|2025-04-13 01:10:48.079000|40.838667|14.120667|2.6|BULLETIN-OV||||Md|1.5|--|Campi Flegrei|earthquake
42422282|2025-04-13 12:28:58.759000|40.8355|14.125833|2.2|BULLETIN-OV||||Md|1.3|--|Campi Flegrei|earthquake
42424972|2025-04-14 04:00:39.819000|40.835167|14.134667|2.4|BULLETIN-OV||||Md|1.0|--|Campi Flegrei|earthquake
42449581|2025-04-14 16:03:25.980000|40.815667|14.097833|2.6|BULLETIN-OV||||Md|1.0|--|Campi Flegrei|earthquake
42446252|2025-04-15 20:53:10.089000|40.829667|14.140167|2.5|BULLETIN-OV||||Md|1.3|--|Campi Flegrei|earthquake
42442732|2025-04-16 00:25:00.710000|40.8205|14.124167|2.6|BULLETIN-OV||||Md|1.2|--|Campi Flegrei|earthquake
42455552|2025-04-16 23:19:00.859000|40.823833|14.151667|1.4|BULLETIN-OV||||Md|1.1|--|Campi Flegrei|earthquake
42484402|2025-04-20 01:48:00.170000|40.8245|14.137|0.7|BULLETIN-OV||||Md|1.6|--|Campi Flegrei|earthquake
42484452|2025-04-20 01:53:46.910000|40.8255|14.139667|0.8|BULLETIN-OV||||Md|2.2|--|Campi Flegrei|earthquake
42484752|2025-04-20 01:56:01.690000|40.824833|14.140667|0.9|BULLETIN-OV||||Md|1.1|--|Campi Flegrei|earthquake
42488342|2025-04-20 12:15:06.579000|40.827333|14.140833|1.9|BULLETIN-OV||||Md|1.2|--|Campi Flegrei|earthquake
42501162|2025-04-21 17:47:10.809000|40.835|14.151667|1.9|BULLETIN-OV||||Md|1.1|--|Campi Flegrei|earthquake
42501962|2025-04-21 20:08:37.109000|40.839|14.118667|2.6|BULLETIN-OV||||Md|1.1|--|Campi Flegrei|earthquake
42502562|2025-04-22 00:22:12.829000|40.836|14.118167|1.8|BULLETIN-OV||||Md|1.6|--|Campi Flegrei|earthquake
42527552|2025-04-24 00:11:24.430000|40.822167|14.157333|2.5|BULLETIN-OV||||Md|1.8|--|Campi Flegrei|earthquake
42527702|2025-04-24 01:00:45.099000|40.836833|14.130167|2.2|BULLETIN-OV||||Md|1.6|--|Campi Flegrei|earthquake
42527822|2025-04-24 01:56:20.599000|40.822|14.155667|2.9|BULLETIN-OV||||Md|1.7|--|Campi Flegrei|earthquake
42528232|2025-04-24 04:21:49.640000|40.821333|14.157333|2.6|BULLETIN-OV||||Md|2.1|--|Campi Flegrei|earthquake
42535822|2025-04-24 20:26:06.980000|40.836833|14.117333|2.7|BULLETIN-OV||||Md|2.5|--|Campi Flegrei|earthquake
42536532|2025-04-25 00:12:30.059000|40.837833|14.123|2.7|BULLETIN-OV||||Md|1.6|--|Campi Flegrei|earthquake
42537582|2025-04-25 06:28:55.890000|40.835667|14.115167|2.5|BULLETIN-OV||||Md|2.7|--|Campi Flegrei|earthquake
42537622|2025-04-25 06:32:11.009000|40.834833|14.114667|2.1|BULLETIN-OV||||Md|1.0|--|Campi Flegrei|earthquake
42537642|2025-04-25 06:36:27.509000|40.838|14.114667|2.2|BULLETIN-OV||||Md|1.4|--|Campi Flegrei|earthquake
42559542|2025-04-27 18:51:13.670000|40.832667|14.130167|2.3|BULLETIN-OV||||Md|1.3|--|Campi Flegrei|earthquake
42559622|2025-04-27 18:51:50.890000|40.8315|14.133833|2.4|BULLETIN-OV||||Md|1.2|--|Campi Flegrei|earthquake
42559662|2025-04-27 18:54:25.509000|40.8325|14.130667|2.6|BULLETIN-OV||||Md|1.6|--|Campi Flegrei|earthquake
42559692|2025-04-27 18:58:40.049000|40.832833|14.131333|2.4|BULLETIN-OV||||Md|1.2|--|Campi Flegrei|earthquake
42579062|2025-04-29 18:57:16.720000|40.823333|14.083|2.2|BULLETIN-OV||||Md|1.4|--|Campi Flegrei|earthquake
42583072|2025-04-30 09:24:01.779000|40.823833|14.145667|1.9|BULLETIN-OV||||Md|1.0|--|Campi Flegrei|earthquake
42590872|2025-05-01 08:27:02.369000|40.835333|14.140167|2.3|BULLETIN-OV||||Md|1.4|--|Campi Flegrei|earthquake
42449591|2025-05-01 14:11:57.099000|40.812333|14.124167|3.8|BULLETIN-OV||||Md|1.1|--|Campi Flegrei|earthquake
42449661|2025-05-01 15:33:46.220000|40.809333|14.123333|4.0|BULLETIN-OV||||Md|1.3|--|Campi Flegrei|earthquake
42604472|2025-05-03 01:32:41.079000|40.813333|14.1525|2.9|BULLETIN-OV||||Md|1.4|--|Campi Flegrei|earthquake
42635152|2025-05-06 03:04:11.859000|40.805|14.123333|3.5|BULLETIN-OV||||Md|2.3|--|Campi Flegrei|earthquake
42449691|2025-05-07 00:06:54.119000|40.819333|14.0985|2.1|BULLETIN-OV||||Md|1.0|--|Campi Flegrei|earthquake
42656272|2025-05-08 13:55:45.470000|40.829|14.133|2.4|BULLETIN-OV||||Md|1.1|--|Campi Flegrei|earthquake
42681772|2025-05-12 02:35:29.549000|40.8345|14.092|2.3|BULLETIN-OV||||Md|1.9|--|Campi Flegrei|earthquake
42687972|2025-05-12 12:38:35.650000|40.843833|14.147833|1.8|BULLETIN-OV||||Md|2.0|--|Campi Flegrei|earthquake
42693082|2025-05-13 01:58:39.289000|40.835|14.128167|2.8|BULLETIN-OV||||Md|1.2|--|Campi Flegrei|earthquake
42693202|2025-05-13 01:58:57.289000|40.834|14.131|2.3|BULLETIN-OV||||Md|1.2|--|Campi Flegrei|earthquake
42693282|2025-05-13 02:03:06.420000|40.836|14.1285|2.7|BULLETIN-OV||||Md|1.1|--|Campi Flegrei|earthquake
42697472|2025-05-13 10:06:43.990000|40.826333|14.111333|2.5|BULLETIN-OV||||Md|2.1|--|Campi Flegrei|earthquake
42698352|2025-05-13 10:07:44.910000|40.828167|14.110333|2.6|BULLETIN-OV||||Md|4.4|--|Campi Flegrei|earthquake
42449951|2025-05-13 10:13:59.859000|40.824667|14.122|2.8|BULLETIN-OV||||Md|1.3|--|Campi Flegrei|earthquake
42698472|2025-05-13 10:22:43.289000|40.825333|14.123833|2.8|BULLETIN-OV||||Md|3.5|--|Campi Flegrei|earthquake
42699092|2025-05-13 10:27:11.119000|40.823667|14.123333|2.6|BULLETIN-OV||||Md|1.9|--|Campi Flegrei|earthquake
42699422|2025-05-13 10:27:30.119000|40.822833|14.123667|2.5|BULLETIN-OV||||Md|1.6|--|Campi Flegrei|earthquake
42699252|2025-05-13 10:34:25.150000|40.8265|14.1295|2.1|BULLETIN-OV||||Md|1.0|--|Campi Flegrei|earthquake
42699612|2025-05-13 10:59:40.619000|40.827167|14.120333|2.4|BULLETIN-OV||||Md|1.1|--|Campi Flegrei|earthquake
42701812|2025-05-13 12:58:42.440000|40.825|14.123833|2.2|BULLETIN-OV||||Md|3.2|--|Campi Flegrei|earthquake
42450651|2025-05-13 13:01:07.220000|40.824|14.124333|2.8|BULLETIN-OV||||Md|2.7|--|Campi Flegrei|earthquake
42702402|2025-05-13 13:24:20.779000|40.8275|14.129667|1.3|BULLETIN-OV||||Md|1.2|--|Campi Flegrei|earthquake
42702462|2025-05-13 13:29:57.259000|40.8285|14.122333|1.8|BULLETIN-OV||||Md|1.0|--|Campi Flegrei|earthquake
42702962|2025-05-13 13:55:46.079000|40.825|14.138|1.6|BULLETIN-OV||||Md|1.0|--|Campi Flegrei|earthquake
42703552|2025-05-13 14:47:08.359000|40.830833|14.139167|2.2|BULLETIN-OV||||Md|1.0|--|Campi Flegrei|earthquake
42704212|2025-05-13 15:52:11.099000|40.825|14.135|2.4|BULLETIN-OV||||Md|1.3|--|Campi Flegrei|earthquake
42704222|2025-05-13 15:53:41.119000|40.826|14.134167|2.5|BULLETIN-OV||||Md|1.4|--|Campi Flegrei|earthquake
42704352|2025-05-13 15:54:58.750000|40.823333|14.1355|2.3|BULLETIN-OV||||Md|1.4|--|Campi Flegrei|earthquake
42707732|2025-05-14 02:52:37.420000|40.826667|14.1265|1.9|BULLETIN-OV||||Md|1.0|--|Campi Flegrei|earthquake
42707842|2025-05-14 03:39:45.670000|40.822167|14.1295|1.2|BULLETIN-OV||||Md|1.0|--|Campi Flegrei|earthquake
42711862|2025-05-14 12:23:00.240000|40.835|14.143833|2.6|BULLETIN-OV||||Md|3.5|--|Campi Flegrei|earthquake
42712342|2025-05-14 12:23:05.019000|40.8335|14.130833|1.8|BULLETIN-OV||||Md|2.5|--|Campi Flegrei|earthquake
42712092|2025-05-14 12:24:19.920000|40.833667|14.131833|1.8|BULLETIN-OV||||Md|1.3|--|Campi Flegrei|earthquake
42711982|2025-05-14 12:35:54.579000|40.83|14.152667|1.9|BULLETIN-OV||||Md|1.2|--|Campi Flegrei|earthquake
42738942|2025-05-17 10:02:25.740000|40.837167|14.136167|2.5|BULLETIN-OV||||Md|1.1|--|Campi Flegrei|earthquake
42743252|2025-05-17 17:42:37.519000|40.824|14.127833|1.7|BULLETIN-OV||||Md|1.2|--|Campi Flegrei|earthquake
42746302|2025-05-18 05:27:05.970000|40.805167|14.148833|3.0|BULLETIN-OV||||Md|1.7|--|Campi Flegrei|earthquake
42747102|2025-05-18 07:13:29.259000|40.828|14.1485|2.3|BULLETIN-OV||||Md|1.8|--|Campi Flegrei|earthquake
42754752|2025-05-18 22:25:06.200000|40.8335|14.1435|2.7|BULLETIN-OV||||Md|1.1|--|Campi Flegrei|earthquake
42768902|2025-05-20 11:01:43.349000|40.829333|14.143333|1.7|BULLETIN-OV||||Md|1.0|--|Campi Flegrei|earthquake
42450661|2025-05-22 16:59:15.640000|40.834667|14.131333|1.6|BULLETIN-OV||||Md|1.0|--|Campi Flegrei|earthquake
42799812|2025-05-23 10:44:16.220000|40.830667|14.094167|2.1|BULLETIN-OV||||Md|2.6|--|Campi Flegrei|earthquake
42821512|2025-05-25 17:27:54.970000|40.8275|14.143333|1.5|BULLETIN-OV||||Md|2.3|--|Campi Flegrei|earthquake
42242671|2025-05-26 22:43:01.289000|40.828667|14.142|1.7|BULLETIN-OV||||Md|1.0|--|Campi Flegrei|earthquake
42243181|2025-05-27 02:10:47.259000|40.821833|14.1365|1.3|SURVEY-INGV-OV#WESSEL||||Md|1.0|--|Campi Flegrei|earthquake
42450701|2025-05-27 22:39:46.960000|40.817667|14.1535|2.5|BULLETIN-OV||||Md|1.0|--|Campi Flegrei|earthquake
42260791|2025-05-28 20:03:36.099000|40.825|14.142|1.6|BULLETIN-OV||||Md|1.9|--|Campi Flegrei|earthquake
42450731|2025-05-31 18:46:07.500000|40.8365|14.123167|2.6|BULLETIN-OV||||Md|1.0|--|Campi Flegrei|earthquake
42777781|2025-06-02 10:01:53.569000|40.8315|14.137833|2.1|BULLETIN-OV||||Md|1.0|--|Campi Flegrei|earthquake
42908952|2025-06-03 03:59:54.440000|40.838167|14.132167|2.4|BULLETIN-OV||||Md|1.1|--|Campi Flegrei|earthquake
42917972|2025-06-04 03:44:20.450000|40.8055|14.110667|3.8|BULLETIN-OV||||Md|1.0|--|Campi Flegrei|earthquake
42927122|2025-06-05 04:39:01.829000|40.826833|14.148|2.5|BULLETIN-OV||||Md|2.3|--|Campi Flegrei|earthquake
42927912|2025-06-05 04:43:58.160000|40.827333|14.150667|2.0|BULLETIN-OV||||Md|1.3|--|Campi Flegrei|earthquake
42927262|2025-06-05 04:44:48.309000|40.827833|14.1495|2.2|BULLETIN-OV||||Md|2.2|--|Campi Flegrei|earthquake
42927332|2025-06-05 04:48:25.390000|40.827167|14.148667|2.5|BULLETIN-OV||||Md|3.2|--|Campi Flegrei|earthquake
42927432|2025-06-05 04:50:59.230000|40.8275|14.152333|2.5|BULLETIN-OV||||Md|2.1|--|Campi Flegrei|earthquake
42928802|2025-06-05 07:25:15.009000|40.8265|14.146|2.2|BULLETIN-OV||||Md|1.1|--|Campi Flegrei|earthquake
42929662|2025-06-05 08:51:50.500000|40.7985|14.128167|2.7|BULLETIN-OV||||Md|1.5|--|Campi Flegrei|earthquake
42932632|2025-06-05 13:33:15.690000|40.828667|14.1455|2.3|BULLETIN-OV||||Md|1.3|--|Campi Flegrei|earthquake
42932792|2025-06-05 13:51:03.750000|40.832|14.1505|2.3|BULLETIN-OV||||Md|2.0|--|Campi Flegrei|earthquake
42934552|2025-06-05 16:59:40.170000|40.8315|14.1455|2.5|BULLETIN-OV||||Md|2.8|--|Campi Flegrei|earthquake
42935222|2025-06-05 18:30:54.619000|40.829833|14.143833|2.5|BULLETIN-OV||||Md|1.0|--|Campi Flegrei|earthquake
42936042|2025-06-06 00:26:22.170000|40.823333|14.1365|0.5|BULLETIN-OV||||Md|1.2|--|Campi Flegrei|earthquake
42936092|2025-06-06 00:28:10.980000|40.821667|14.1365|0.5|BULLETIN-OV||||Md|1.1|--|Campi Flegrei|earthquake
42944912|2025-06-06 17:31:06.230000|40.8215|14.129167|1.7|BULLETIN-OV||||Md|3.2|--|Campi Flegrei|earthquake
42946462|2025-06-07 02:10:16.769000|40.8235|14.146833|1.9|BULLETIN-OV||||Md|1.2|--|Campi Flegrei|earthquake
42948712|2025-06-07 08:21:28.130000|40.803167|14.111167|2.7|BULLETIN-OV||||Md|1.3|--|Campi Flegrei|earthquake
42949022|2025-06-07 09:01:41.710000|40.796|14.1105|4.5|BULLETIN-OV||||Md|1.3|--|Campi Flegrei|earthquake
42955652|2025-06-07 18:48:49.319000|40.837|14.122333|2.1|BULLETIN-OV||||Md|1.0|--|Campi Flegrei|earthquake
42955982|2025-06-07 19:45:34.789000|40.820333|14.138333|0.2|BULLETIN-OV||||Md|2.6|--|Campi Flegrei|earthquake
42956392|2025-06-07 20:32:34.220000|40.816833|14.137667|0.4|BULLETIN-OV||||Md|1.0|--|Campi Flegrei|earthquake
42956402|2025-06-07 20:55:58.309000|40.820833|14.139667|0.2|BULLETIN-OV||||Md|2.3|--|Campi Flegrei|earthquake
42956532|2025-06-07 20:57:37.000000|40.816167|14.138|0.5|BULLETIN-OV||||Md|1.9|--|Campi Flegrei|earthquake
42956472|2025-06-07 21:00:45.119000|40.819333|14.139833|0.5|BULLETIN-OV||||Md|1.0|--|Campi Flegrei|earthquake
42956482|2025-06-07 21:03:27.089000|40.818333|14.142333|0.2|BULLETIN-OV||||Md|1.2|--|Campi Flegrei|earthquake
42956732|2025-06-07 21:45:29.190000|40.819|14.145833|0.3|BULLETIN-OV||||Md|1.9|--|Campi Flegrei|earthquake
42956912|2025-06-07 22:21:41.460000|40.819667|14.142667|0.5|BULLETIN-OV||||Md|1.0|--|Campi Flegrei|earthquake
42957122|2025-06-07 22:54:52.400000|40.818833|14.142167|0.4|BULLETIN-OV||||Md|1.3|--|Campi Flegrei|earthquake
42957862|2025-06-08 05:14:12.170000|40.823333|14.140833|0.9|BULLETIN-OV||||Md|2.1|--|Campi Flegrei|earthquake
42958002|2025-06-08 05:33:57.960000|40.8225|14.143333|0.7|BULLETIN-OV||||Md|1.0|--|Campi Flegrei|earthquake
42777801|2025-06-08 06:04:21.559000|40.819833|14.145167|0.2|BULLETIN-OV||||Md|1.1|--|Campi Flegrei|earthquake
42967232|2025-06-08 23:19:17.650000|40.829667|14.116167|2.7|BULLETIN-OV||||Md|1.3|--|Campi Flegrei|earthquake
42777821|2025-06-10 01:06:56.230000|40.807167|14.1175|3.8|BULLETIN-OV||||Md|1.2|--|Campi Flegrei|earthquake
42988832|2025-06-10 23:12:08.430000|40.811833|14.109833|2.7|BULLETIN-OV||||Md|1.3|--|Campi Flegrei|earthquake
42777831|2025-06-12 03:33:24.250000|40.838333|14.117333|2.8|BULLETIN-OV||||Md|1.7|--|Campi Flegrei|earthquake
43027442|2025-06-12 03:48:57.559000|40.8385|14.1205|2.8|BULLETIN-OV||||Md|1.3|--|Campi Flegrei|earthquake
42777931|2025-06-12 18:22:43.059000|40.838|14.087667|2.9|BULLETIN-OV||||Md|1.0|--|Campi Flegrei|earthquake
43069722|2025-06-14 01:11:02.319000|40.833167|14.1335|2.4|BULLETIN-OV||||Md|1.2|--|Campi Flegrei|earthquake
43081282|2025-06-15 05:56:37.529000|40.824833|14.139|0.8|BULLETIN-OV||||Md|1.7|--|Campi Flegrei|earthquake
43087752|2025-06-15 16:43:05.660000|40.8325|14.1255|2.6|BULLETIN-OV||||Md|1.5|--|Campi Flegrei|earthquake
43135152|2025-06-19 08:29:20.490000|40.815833|14.154167|2.8|BULLETIN-OV||||Md|1.1|--|Campi Flegrei|earthquake
43135342|2025-06-19 08:42:22.400000|40.816167|14.1555|2.9|BULLETIN-OV||||Md|1.9|--|Campi Flegrei|earthquake
43135742|2025-06-19 08:42:26.910000|40.812667|14.1545|2.4|BULLETIN-OV||||Md|1.6|--|Campi Flegrei|earthquake
43144182|2025-06-19 21:37:30.869000|40.837167|14.095333|2.2|BULLETIN-OV||||Md|1.9|--|Campi Flegrei|earthquake
43144232|2025-06-19 21:47:02.180000|40.824667|14.140167|1.2|BULLETIN-OV||||Md|1.5|--|Campi Flegrei|earthquake
43157242|2025-06-20 23:01:01.809000|40.830167|14.139333|0.9|BULLETIN-OV||||Md|1.5|--|Campi Flegrei|earthquake
43157282|2025-06-20 23:01:46.119000|40.83|14.14|0.8|BULLETIN-OV||||Md|1.1|--|Campi Flegrei|earthquake
43158092|2025-06-21 02:55:48.940000|40.839333|14.126833|2.5|BULLETIN-OV||||Md|2.3|--|Campi Flegrei|earthquake
43158122|2025-06-21 03:00:12.640000|40.837667|14.122667|2.6|BULLETIN-OV||||Md|3.2|--|Campi Flegrei|earthquake
43158342|2025-06-21 03:00:39.710000|40.839333|14.124333|2.4|BULLETIN-OV||||Md|2.0|--|Campi Flegrei|earthquake
43158222|2025-06-21 03:16:45.009000|40.835667|14.1195|2.3|BULLETIN-OV||||Md|1.6|--|Campi Flegrei|earthquake
42778011|2025-06-21 11:43:51.549000|40.834667|14.127833|1.6|BULLETIN-OV||||Md|1.0|--|Campi Flegrei|earthquake
43167202|2025-06-22 00:02:27.220000|40.809667|14.112167|2.8|BULLETIN-OV||||Md|1.3|--|Campi Flegrei|earthquake
43172052|2025-06-22 15:06:28.900000|40.8065|14.147833|3.0|BULLETIN-OV||||Md|1.8|--|Campi Flegrei|earthquake
43173932|2025-06-22 19:59:09.339000|40.797667|14.126333|2.9|BULLETIN-OV||||Md|1.6|--|Campi Flegrei|earthquake
43185582|2025-06-24 01:57:16.619000|40.817833|14.086|3.4|BULLETIN-OV||||Md|1.8|--|Campi Flegrei|earthquake
43185672|2025-06-24 02:04:44.369000|40.819333|14.1005|1.6|BULLETIN-OV||||Md|1.5|--|Campi Flegrei|earthquake
43193202|2025-06-24 15:03:01.019000|40.839|14.136333|2.6|BULLETIN-OV||||Md|1.5|--|Campi Flegrei|earthquake
43246782|2025-06-27 14:25:32.369000|40.824167|14.081667|3.1|BULLETIN-OV||||Md|1.9|--|Campi Flegrei|earthquake
43258242|2025-06-28 20:07:38.980000|40.810833|14.124167|3.6|BULLETIN-OV||||Md|1.3|--|Campi Flegrei|earthquake
43259232|2025-06-29 02:16:53.740000|40.822167|14.132333|2.2|BULLETIN-OV||||Md|1.5|--|Campi Flegrei|earthquake
43270472|2025-06-30 10:47:11.759000|40.808|14.095833|3.9|BULLETIN-OV||||Md|4.6|--|Campi Flegrei|earthquake
43270512|2025-06-30 10:51:17.319000|40.805833|14.117|3.6|BULLETIN-OV||||Md|2.2|--|Campi Flegrei|earthquake
43270672|2025-06-30 10:59:16.200000|40.8|14.117833|3.9|BULLETIN-OV||||Md|1.6|--|Campi Flegrei|earthquake
43270972|2025-06-30 11:25:50.470000|40.808167|14.108833|3.8|BULLETIN-OV||||Md|1.1|--|Campi Flegrei|earthquake
43272382|2025-06-30 14:38:53.950000|40.811333|14.106|4.0|BULLETIN-OV||||Md|1.1|--|Campi Flegrei|earthquake
43273772|2025-06-30 17:43:19.319000|40.802167|14.1065|3.0|BULLETIN-OV||||Md|1.1|--|Campi Flegrei|earthquake
43298652|2025-07-03 07:00:08.099000|40.835167|14.150167|2.3|SURVEY-INGV-OV#WESSEL||||Md|2.6|--|Campi Flegrei|earthquake
43321482|2025-07-05 08:46:45.359000|40.814333|14.160667|2.7|SURVEY-INGV-OV#WESSEL||||Md|1.0|--|Campi Flegrei|earthquake
43328142|2025-07-05 19:26:35.539000|40.817833|14.163167|2.7|SURVEY-INGV-OV#WESSEL||||Md|1.2|--|Campi Flegrei|earthquake
43330112|2025-07-06 04:10:23.660000|40.838833|14.128167|3.0|SURVEY-INGV-OV#WESSEL||||Md|1.0|--|Campi Flegrei|earthquake
43333592|2025-07-06 10:22:38.369000|40.830167|14.151667|2.3|SURVEY-INGV-OV#SiSmi||||Md|1.2|--|Campi Flegrei|earthquake
43339292|2025-07-06 19:27:01.519000|40.801167|14.123|4.2|SURVEY-INGV-OV#WESSEL||||Md|1.2|--|Campi Flegrei|earthquake
43370922|2025-07-09 03:35:59.950000|40.824167|14.140667|0.9|SURVEY-INGV-OV#WESSEL||||Md|1.0|--|Campi Flegrei|earthquake
43372942|2025-07-09 09:05:43.500000|40.8255|14.132667|2.0|SURVEY-INGV-OV#WESSEL||||Md|1.1|--|Campi Flegrei|earthquake
43373052|2025-07-09 09:14:32.230000|40.830833|14.1285|2.7|SURVEY-INGV-OV#WESSEL||||Md|1.6|--|Campi Flegrei|earthquake
43373832|2025-07-09 10:08:01.690000|40.828333|14.132|2.7|SURVEY-INGV-OV#WESSEL||||Md|1.5|--|Campi Flegrei|earthquake
43380032|2025-07-10 06:38:49.130000|40.826|14.151667|1.5|SURVEY-INGV-OV#WESSEL||||Md|1.2|--|Campi Flegrei|earthquake
43421722|2025-07-14 19:25:36.829000|40.820833|14.1615|3.0|SURVEY-INGV-OV#WESSEL||||Md|1.0|--|Campi Flegrei|earthquake
43422422|2025-07-14 23:39:35.170000|40.8355|14.110333|2.8|SURVEY-INGV-OV#WESSEL||||Md|1.3|--|Campi Flegrei|earthquake
43427062|2025-07-15 13:12:29.759000|40.832|14.085833|2.7|SURVEY-INGV-OV#WESSEL||||Md|2.1|--|Campi Flegrei|earthquake
43449592|2025-07-17 23:44:53.839000|40.8335|14.128833|2.7|SURVEY-INGV-OV#WESSEL||||Md|1.0|--|Campi Flegrei|earthquake
43451602|2025-07-18 07:14:22.079000|40.817|14.155667|2.5|SURVEY-INGV-OV#WESSEL||||Md|4.0|--|Campi Flegrei|earthquake
43452012|2025-07-18 07:36:05.269000|40.8255|14.143667|0.8|SURVEY-INGV-OV#WESSEL||||Md|1.5|--|Campi Flegrei|earthquake
43452072|2025-07-18 07:37:51.329000|40.824167|14.139|0.9|SURVEY-INGV-OV#WESSEL||||Md|1.5|--|Campi Flegrei|earthquake
43454742|2025-07-18 12:10:47.440000|40.822333|14.157667|2.6|SURVEY-INGV-OV#WESSEL||||Md|1.5|--|Campi Flegrei|earthquake
43457262|2025-07-18 18:04:24.190000|40.822333|14.104|4.1|SURVEY-INGV-OV#WESSEL||||Md|1.3|--|Campi Flegrei|earthquake
43458442|2025-07-18 22:08:57.400000|40.831|14.114333|1.9|SURVEY-INGV-OV#WESSEL||||Md|1.7|--|Campi Flegrei|earthquake
43458582|2025-07-18 22:29:28.259000|40.838333|14.106667|2.2|SURVEY-INGV-OV#WESSEL||||Md|1.6|--|Campi Flegrei|earthquake
43458532|2025-07-18 22:30:07.029000|40.837167|14.110667|2.4|SURVEY-INGV-OV#WESSEL||||Md|1.6|--|Campi Flegrei|earthquake
43458612|2025-07-18 23:03:23.089000|40.837167|14.1125|2.7|SURVEY-INGV-OV#WESSEL||||Md|1.1|--|Campi Flegrei|earthquake
43461082|2025-07-19 08:58:35.750000|40.839667|14.106833|2.9|SURVEY-INGV-OV#WESSEL||||Md|1.5|--|Campi Flegrei|earthquake
43461832|2025-07-19 10:22:55.200000|40.836|14.1135|2.5|SURVEY-INGV-OV#WESSEL||||Md|1.9|--|Campi Flegrei|earthquake
43473042|2025-07-20 16:56:26.990000|40.8015|14.100833|3.8|SURVEY-INGV-OV#WESSEL||||Md|1.2|--|Campi Flegrei|earthquake
43486992|2025-07-22 00:07:13.910000|40.824833|14.133167|1.8|SURVEY-INGV-OV#WESSEL||||Md|1.1|--|Campi Flegrei|earthquake
43492612|2025-07-22 12:43:45.890000|40.84|14.130333|2.5|SURVEY-INGV-OV#WESSEL||||Md|1.2|--|Campi Flegrei|earthquake
43507942|2025-07-23 21:14:21.660000|40.829667|14.085667|2.6|SURVEY-INGV-OV#WESSEL||||Md|1.0|--|Campi Flegrei|earthquake
43517852|2025-07-25 04:36:10.319000|40.822667|14.141|0.5|SURVEY-INGV-OV#WESSEL||||Md|1.2|--|Campi Flegrei|earthquake
43518352|2025-07-25 05:12:31.009000|40.823167|14.135333|1.5|SURVEY-INGV-OV#WESSEL||||Md|1.4|--|Campi Flegrei|earthquake
43527212|2025-07-26 00:47:05.519000|40.818333|14.132167|0.8|SURVEY-INGV-OV#WESSEL||||Md|1.0|--|Campi Flegrei|earthquake
43528072|2025-07-26 05:16:28.930000|40.8075|14.117333|3.5|SURVEY-INGV-OV#WESSEL||||Md|1.1|--|Campi Flegrei|earthquake
43545142|2025-07-27 15:56:36.000000|40.828|14.146833|2.4|SURVEY-INGV-OV#WESSEL||||Md|1.3|--|Campi Flegrei|earthquake
43558732|2025-07-29 03:37:34.109000|40.8265|14.142333|1.7|SURVEY-INGV-OV#WESSEL||||Md|1.8|--|Campi Flegrei|earthquake
43562742|2025-07-29 12:41:02.240000|40.835167|14.132|2.2|SURVEY-INGV-OV#WESSEL||||Md|1.0|--|Campi Flegrei|earthquake
43567672|2025-07-30 00:37:23.250000|40.821667|14.145333|1.2|SURVEY-INGV-OV#WESSEL||||Md|1.0|--|Campi Flegrei|earthquake
43578322|2025-07-30 21:05:58.890000|40.820333|14.136333|1.2|SURVEY-INGV-OV#WESSEL||||Md|1.0|--|Campi Flegrei|earthquake
43578672|2025-07-30 22:47:26.900000|40.821667|14.1365|1.2|SURVEY-INGV-OV#SiSmi||||Md|1.8|--|Campi Flegrei|earthquake
43578722|2025-07-30 22:48:28.769000|40.822167|14.137667|1.2|SURVEY-INGV-OV#WESSEL||||Md|1.0|--|Campi Flegrei|earthquake
43579272|2025-07-31 01:45:37.920000|40.820833|14.134833|0.9|SURVEY-INGV-OV#WESSEL||||Md|1.2|--|Campi Flegrei|earthquake
43588852|2025-08-01 02:24:24.160000|40.815667|14.096833|2.6|SURVEY-INGV-OV#WESSEL||||Md|1.1|--|Campi Flegrei|earthquake
43610042|2025-08-02 22:45:41.220000|40.8315|14.133833|2.6|SURVEY-INGV-OV#WESSEL||||Md|2.4|--|Campi Flegrei|earthquake
43610432|2025-08-02 23:54:24.859000|40.8315|14.138|2.4|SURVEY-INGV-OV#WESSEL||||Md|1.0|--|Campi Flegrei|earthquake
43610762|2025-08-03 00:53:53.089000|40.83|14.128833|2.8|SURVEY-INGV-OV#WESSEL||||Md|1.3|--|Campi Flegrei|earthquake
43611332|2025-08-03 05:12:35.650000|40.832167|14.1315|2.1|SURVEY-INGV-OV#WESSEL||||Md|1.4|--|Campi Flegrei|earthquake
43618792|2025-08-03 14:24:46.769000|40.838833|14.1315|2.9|SURVEY-INGV-OV#WESSEL||||Md|1.6|--|Campi Flegrei|earthquake
43639632|2025-08-05 23:35:52.359000|40.8315|14.140167|2.6|SURVEY-INGV-OV#WESSEL||||Md|2.0|--|Campi Flegrei|earthquake
43660812|2025-08-08 06:36:40.059000|40.832667|14.144667|2.5|SURVEY-INGV-OV#WESSEL||||Md|1.5|--|Campi Flegrei|earthquake
43678492|2025-08-09 19:11:23.769000|40.804667|14.103833|2.8|SURVEY-INGV-OV#WESSEL||||Md|1.3|--|Campi Flegrei|earthquake
43678752|2025-08-09 20:30:23.059000|40.821167|14.137167|1.0|SURVEY-INGV-OV#WESSEL||||Md|1.0|--|Campi Flegrei|earthquake
43678922|2025-08-09 21:02:32.640000|40.821333|14.134167|0.5|SURVEY-INGV-OV#WESSEL||||Md|1.0|--|Campi Flegrei|earthquake
43678962|2025-08-09 21:03:22.049000|40.820833|14.136167|0.9|SURVEY-INGV-OV#WESSEL||||Md|1.6|--|Campi Flegrei|earthquake
43679842|2025-08-10 00:03:21.970000|40.800833|14.1085|2.4|SURVEY-INGV-OV#WESSEL||||Md|1.0|--|Campi Flegrei|earthquake
43680582|2025-08-10 04:43:16.569000|40.821333|14.135667|1.4|SURVEY-INGV-OV#WESSEL||||Md|1.2|--|Campi Flegrei|earthquake
43684962|2025-08-10 13:51:05.529000|40.840333|14.118667|3.1|SURVEY-INGV-OV#WESSEL||||Md|1.0|--|Campi Flegrei|earthquake
43685152|2025-08-10 13:51:11.799000|40.8405|14.1105|1.2|SURVEY-INGV-OV#WESSEL||||Md|1.1|--|Campi Flegrei|earthquake
43691622|2025-08-11 08:35:37.369000|40.825167|14.1425|2.2|SURVEY-INGV-OV#WESSEL||||Md|1.3|--|Campi Flegrei|earthquake
43696582|2025-08-11 17:15:09.900000|40.817167|14.089333|3.0|SURVEY-INGV-OV#WESSEL||||Md|1.2|--|Campi Flegrei|earthquake
43697532|2025-08-11 18:41:08.579000|40.823167|14.157|2.8|SURVEY-INGV-OV#WESSEL||||Md|2.3|--|Campi Flegrei|earthquake
43698662|2025-08-12 01:45:16.380000|40.836667|14.1105|2.9|SURVEY-INGV-OV#WESSEL||||Md|1.6|--|Campi Flegrei|earthquake
43706962|2025-08-12 15:54:24.329000|40.836667|14.1315|1.6|SURVEY-INGV-OV#WESSEL||||Md|1.1|--|Campi Flegrei|earthquake
43729122|2025-08-14 09:36:12.369000|40.8315|14.131833|2.9|SURVEY-INGV-OV#WESSEL||||Md|1.5|--|Campi Flegrei|earthquake
43729182|2025-08-14 09:36:35.839000|40.834333|14.132667|2.8|SURVEY-INGV-OV#WESSEL||||Md|1.3|--|Campi Flegrei|earthquake
43729432|2025-08-14 09:36:56.210000|40.832167|14.128|2.9|SURVEY-INGV-OV#WESSEL||||Md|1.3|--|Campi Flegrei|earthquake
43752402|2025-08-15 14:54:41.170000|40.811833|14.149|3.2|SURVEY-INGV-OV#WESSEL||||Md|1.0|--|Campi Flegrei|earthquake
43759872|2025-08-15 22:49:55.940000|40.820333|14.143333|1.3|SURVEY-INGV-OV#WESSEL||||Md|1.2|--|Campi Flegrei|earthquake
43760342|2025-08-16 00:50:49.009000|40.822833|14.13|2.8|SURVEY-INGV-OV#WESSEL||||Md|1.1|--|Campi Flegrei|earthquake
43760712|2025-08-16 03:25:56.039000|40.823167|14.147833|2.1|SURVEY-INGV-OV#SiSmi||||Md|1.4|--|Campi Flegrei|earthquake
43774192|2025-08-17 03:05:22.200000|40.839667|14.116667|2.9|SURVEY-INGV-OV#WESSEL||||Md|2.2|--|Campi Flegrei|earthquake
43774262|2025-08-17 03:20:41.750000|40.835833|14.129|2.7|SURVEY-INGV-OV#WESSEL||||Md|1.0|--|Campi Flegrei|earthquake
43774682|2025-08-17 05:56:59.410000|40.823167|14.14|1.8|SURVEY-INGV-OV#WESSEL||||Md|1.0|--|Campi Flegrei|earthquake
43775422|2025-08-17 08:18:23.390000|40.835333|14.1275|2.5|SURVEY-INGV-OV#WESSEL||||Md|1.4|--|Campi Flegrei|earthquake
43777052|2025-08-17 11:03:53.299000|40.8355|14.112333|2.1|SURVEY-INGV-OV#WESSEL||||Md|1.1|--|Campi Flegrei|earthquake
43777032|2025-08-17 11:03:56.230000|40.837833|14.1315|2.4|SURVEY-INGV-OV#WESSEL||||Md|1.6|--|Campi Flegrei|earthquake
43778412|2025-08-17 13:37:04.250000|40.819833|14.0925|2.8|SURVEY-INGV-OV#WESSEL||||Md|1.3|--|Campi Flegrei|earthquake
43795812|2025-08-18 18:54:29.720000|40.823167|14.132167|1.2|SURVEY-INGV-OV#SiSmi||||Md|1.1|--|Campi Flegrei|earthquake
43797742|2025-08-19 02:22:20.529000|40.820667|14.1345|2.5|SURVEY-INGV-OV#WESSEL||||Md|1.2|--|Campi Flegrei|earthquake
43798182|2025-08-19 03:50:43.890000|40.824667|14.128667|3.2|SURVEY-INGV-OV#SiSmi||||Md|1.1|--|Campi Flegrei|earthquake
43798232|2025-08-19 03:50:47.329000|40.835167|14.140167|3.5|SURVEY-INGV-OV#WESSEL||||Md|1.3|--|Campi Flegrei|earthquake
43808732|2025-08-20 01:57:56.170000|40.827667|14.149333|1.9|SURVEY-INGV-OV#SiSmi||||Md|1.5|--|Campi Flegrei|earthquake
43817672|2025-08-20 20:47:31.579000|40.836667|14.117|2.9|SURVEY-INGV-OV#WESSEL||||Md|1.2|--|Campi Flegrei|earthquake
43841502|2025-08-22 16:30:35.859000|40.8095|14.127833|3.0|SURVEY-INGV-OV#WESSEL||||Md|1.1|--|Campi Flegrei|earthquake
43843602|2025-08-23 02:50:15.380000|40.836333|14.1295|2.4|SURVEY-INGV-OV#WESSEL||||Md|1.2|--|Campi Flegrei|earthquake
43853562|2025-08-23 20:55:04.960000|40.818833|14.140667|1.7|SURVEY-INGV-OV#WESSEL||||Md|1.6|--|Campi Flegrei|earthquake
43853612|2025-08-23 20:57:18.509000|40.822667|14.1415|2.1|SURVEY-INGV-OV#WESSEL||||Md|2.4|--|Campi Flegrei|earthquake
43853652|2025-08-23 21:00:21.519000|40.818|14.140167|1.5|SURVEY-INGV-OV#WESSEL||||Md|1.6|--|Campi Flegrei|earthquake
43854542|2025-08-24 03:45:08.759000|40.821333|14.141167|2.2|SURVEY-INGV-OV#WESSEL||||Md|1.4|--|Campi Flegrei|earthquake
43854602|2025-08-24 04:02:18.940000|40.820333|14.144333|2.1|SURVEY-INGV-OV#WESSEL||||Md|1.1|--|Campi Flegrei|earthquake
43857742|2025-08-24 13:54:53.230000|40.826833|14.077333|2.8|SURVEY-INGV-OV#WESSEL||||Md|2.0|--|Campi Flegrei|earthquake
43860782|2025-08-25 04:33:17.880000|40.825833|14.142|0.8|SURVEY-INGV-OV#WESSEL||||Md|1.6|--|Campi Flegrei|earthquake
43863502|2025-08-25 10:09:58.240000|40.8395|14.118|3.0|SURVEY-INGV-OV#WESSEL||||Md|1.0|--|Campi Flegrei|earthquake
43864932|2025-08-25 13:36:17.400000|40.832333|14.133167|2.6|SURVEY-INGV-OV#WESSEL||||Md|1.5|--|Campi Flegrei|earthquake
43869472|2025-08-26 05:36:33.089000|40.823833|14.15|1.5|SURVEY-INGV-OV#WESSEL||||Md|1.6|--|Campi Flegrei|earthquake
43869962|2025-08-26 05:44:42.250000|40.8245|14.151667|1.6|SURVEY-INGV-OV#WESSEL||||Md|1.2|--|Campi Flegrei|earthquake
43888592|2025-08-27 17:09:29.000000|40.824|14.140333|0.3|SURVEY-INGV-OV#WESSEL||||Md|1.1|--|Campi Flegrei|earthquake
43889442|2025-08-27 22:45:49.049000|40.833167|14.078167|2.9|SURVEY-INGV-OV#WESSEL||||Md|1.0|--|Campi Flegrei|earthquake
43894252|2025-08-28 13:02:51.220000|40.821167|14.141833|2.0|SURVEY-INGV-OV#WESSEL||||Md|1.3|--|Campi Flegrei|earthquake
43897202|2025-08-28 19:53:23.569000|40.831|14.093|2.0|SURVEY-INGV-OV#SiSmi||||Md|3.0|--|Campi Flegrei|earthquake
43898982|2025-08-29 00:37:46.380000|40.826667|14.144833|2.6|SURVEY-INGV-OV#WESSEL||||Md|1.8|--|Campi Flegrei|earthquake
43902632|2025-08-29 10:03:29.210000|40.821667|14.1395|0.3|SURVEY-INGV-OV#WESSEL||||Md|2.3|--|Campi Flegrei|earthquake
43919072|2025-08-30 20:11:46.440000|40.824667|14.139167|0.8|SURVEY-INGV-OV#WESSEL||||Md|1.2|--|Campi Flegrei|earthquake
43919162|2025-08-30 20:11:58.009000|40.825667|14.139833|0.6|SURVEY-INGV-OV#WESSEL||||Md|1.1|--|Campi Flegrei|earthquake
43921572|2025-08-31 09:27:27.619000|40.839667|14.124333|2.7|SURVEY-INGV-OV#WESSEL||||Md|1.8|--|Campi Flegrei|earthquake
43924152|2025-08-31 14:09:21.269000|40.826|14.141833|0.2|SURVEY-INGV-OV#WESSEL||||Md|1.2|--|Campi Flegrei|earthquake
43923702|2025-08-31 14:10:13.079000|40.818167|14.1415|0.7|SURVEY-INGV-OV#WESSEL||||Md|3.3|--|Campi Flegrei|earthquake
43924682|2025-08-31 14:14:26.900000|40.819833|14.142333|0.3|SURVEY-INGV-OV#WESSEL||||Md|1.0|--|Campi Flegrei|earthquake
43932152|2025-08-31 14:15:21.440000|40.817833|14.156167|0.4|SURVEY-INGV-OV#WESSEL||||Md|1.0|--|Campi Flegrei|earthquake
43924732|2025-08-31 14:18:12.980000|40.819333|14.141833|0.4|SURVEY-INGV-OV#WESSEL||||Md|1.4|--|Campi Flegrei|earthquake
43924742|2025-08-31 14:18:36.500000|40.820333|14.1405|1.3|SURVEY-INGV-OV#WESSEL||||Md|1.3|--|Campi Flegrei|earthquake
43924832|2025-08-31 14:19:15.309000|40.812167|14.151167|2.7|SURVEY-INGV-OV#WESSEL||||Md|1.6|--|Campi Flegrei|earthquake
43924672|2025-08-31 14:34:00.630000|40.818333|14.144667|0.4|SURVEY-INGV-OV#WESSEL||||Md|1.4|--|Campi Flegrei|earthquake
43924192|2025-08-31 14:36:41.589000|40.818667|14.149|1.8|SURVEY-INGV-OV#WESSEL||||Md|3.3|--|Campi Flegrei|earthquake
43924212|2025-08-31 14:38:47.400000|40.816333|14.146333|0.9|SURVEY-INGV-OV#WESSEL||||Md|2.7|--|Campi Flegrei|earthquake
43925382|2025-08-31 15:59:52.839000|40.820667|14.148167|0.5|SURVEY-INGV-OV#WESSEL||||Md|1.1|--|Campi Flegrei|earthquake
43926332|2025-08-31 18:31:35.180000|40.820333|14.139167|0.7|SURVEY-INGV-OV#WESSEL||||Md|1.3|--|Campi Flegrei|earthquake
43927062|2025-08-31 21:36:39.059000|40.8245|14.149|1.6|SURVEY-INGV-OV#WESSEL||||Md|1.1|--|Campi Flegrei|earthquake
43927092|2025-08-31 21:38:12.829000|40.824|14.141|1.4|SURVEY-INGV-OV#WESSEL||||Md|1.6|--|Campi Flegrei|earthquake
43927152|2025-08-31 21:46:31.849000|40.826667|14.143333|1.1|SURVEY-INGV-OV#WESSEL||||Md|1.8|--|Campi Flegrei|earthquake
43927172|2025-08-31 21:47:41.470000|40.824|14.147667|1.0|SURVEY-INGV-OV#WESSEL||||Md|1.1|--|Campi Flegrei|earthquake
43927452|2025-08-31 22:33:31.019000|40.820333|14.138333|0.8|SURVEY-INGV-OV#WESSEL||||Md|2.8|--|Campi Flegrei|earthquake
43927872|2025-08-31 22:38:39.950000|40.820333|14.1425|0.3|SURVEY-INGV-OV#WESSEL||||Md|1.3|--|Campi Flegrei|earthquake
43927562|2025-08-31 22:40:38.349000|40.820333|14.139167|0.3|SURVEY-INGV-OV#WESSEL||||Md|2.5|--|Campi Flegrei|earthquake
43927662|2025-08-31 22:45:44.119000|40.820333|14.149|1.0|SURVEY-INGV-OV#WESSEL||||Md|1.3|--|Campi Flegrei|earthquake
43927782|2025-08-31 22:54:27.940000|40.817667|14.1425|0.3|SURVEY-INGV-OV#WESSEL||||Md|1.1|--|Campi Flegrei|earthquake
43173381|2025-08-31 23:01:09.190000|40.822833|14.1415|0.8|BULLETIN-OV||||Md|2.1|--|Campi Flegrei|earthquake
43927852|2025-08-31 23:05:26.950000|40.823667|14.142|1.3|SURVEY-INGV-OV#WESSEL||||Md|1.3|--|Campi Flegrei|earthquake
43927942|2025-08-31 23:29:36.930000|40.818667|14.141333|0.4|SURVEY-INGV-OV#WESSEL||||Md|2.8|--|Campi Flegrei|earthquake
43928002|2025-08-31 23:32:33.779000|40.8175|14.137333|0.3|SURVEY-INGV-OV#WESSEL||||Md|2.0|--|Campi Flegrei|earthquake
43928032|2025-08-31 23:51:56.869000|40.820333|14.144667|0.2|SURVEY-INGV-OV#WESSEL||||Md|1.2|--|Campi Flegrei|earthquake
43928042|2025-08-31 23:54:31.380000|40.8185|14.140167|0.4|SURVEY-INGV-OV#WESSEL||||Md|2.3|--|Campi Flegrei|earthquake
43928092|2025-09-01 00:02:11.380000|40.818833|14.139833|0.6|SURVEY-INGV-OV#WESSEL||||Md|2.3|--|Campi Flegrei|earthquake
43928272|2025-09-01 00:03:11.369000|40.820333|14.142167|0.4|SURVEY-INGV-OV#WESSEL||||Md|1.8|--|Campi Flegrei|earthquake
43928132|2025-09-01 00:05:16.819000|40.819333|14.142333|0.4|SURVEY-INGV-OV#WESSEL||||Md|1.2|--|Campi Flegrei|earthquake
43928372|2025-09-01 01:05:39.460000|40.827667|14.1565|0.9|SURVEY-INGV-OV#WESSEL||||Md|1.4|--|Campi Flegrei|earthquake
43928662|2025-09-01 02:55:45.400000|40.823|14.137167|2.3|SURVEY-INGV-OV#SiSmi||||Md|4.0|--|Campi Flegrei|earthquake
43928942|2025-09-01 02:56:35.019000|40.816167|14.141667|0.8|SURVEY-INGV-OV#WESSEL||||Md|1.3|--|Campi Flegrei|earthquake
43928952|2025-09-01 02:56:53.609000|40.8235|14.140333|0.9|SURVEY-INGV-OV#WESSEL||||Md|1.4|--|Campi Flegrei|earthquake
43928762|2025-09-01 02:59:06.069000|40.825333|14.138167|1.8|SURVEY-INGV-OV#WESSEL||||Md|1.9|--|Campi Flegrei|earthquake
43928772|2025-09-01 03:04:28.099000|40.824167|14.135167|0.4|SURVEY-INGV-OV#WESSEL||||Md|1.6|--|Campi Flegrei|earthquake
43928832|2025-09-01 03:10:05.759000|40.821167|14.140167|0.8|SURVEY-INGV-OV#WESSEL||||Md|1.1|--|Campi Flegrei|earthquake
43928852|2025-09-01 03:10:53.779000|40.822167|14.1455|1.2|SURVEY-INGV-OV#WESSEL||||Md|1.7|--|Campi Flegrei|earthquake
43929192|2025-09-01 04:40:56.230000|40.823667|14.133167|0.4|SURVEY-INGV-OV#WESSEL||||Md|1.8|--|Campi Flegrei|earthquake
43929722|2025-09-01 06:07:45.589000|40.825333|14.133333|0.9|SURVEY-INGV-OV#WESSEL||||Md|1.0|--|Campi Flegrei|earthquake
43930672|2025-09-01 08:24:22.210000|40.830167|14.151667|2.8|SURVEY-INGV-OV#WESSEL||||Md|2.7|--|Campi Flegrei|earthquake
43930892|2025-09-01 08:25:09.160000|40.831|14.147|2.2|SURVEY-INGV-OV#WESSEL||||Md|1.4|--|Campi Flegrei|earthquake
43930932|2025-09-01 08:52:55.619000|40.8285|14.144333|2.4|SURVEY-INGV-OV#WESSEL||||Md|1.7|--|Campi Flegrei|earthquake
43931362|2025-09-01 09:34:59.880000|40.828667|14.147167|2.7|SURVEY-INGV-OV#WESSEL||||Md|1.9|--|Campi Flegrei|earthquake
43931572|2025-09-01 09:54:02.210000|40.832667|14.1495|2.3|SURVEY-INGV-OV#WESSEL||||Md|1.0|--|Campi Flegrei|earthquake
43931982|2025-09-01 10:53:42.710000|40.8345|14.150833|2.6|SURVEY-INGV-OV#WESSEL||||Md|1.4|--|Campi Flegrei|earthquake
43933792|2025-09-01 15:22:01.250000|40.829|14.147|2.2|SURVEY-INGV-OV#WESSEL||||Md|3.3|--|Campi Flegrei|earthquake
43936032|2025-09-02 02:10:10.839000|40.8265|14.149|1.8|SURVEY-INGV-OV#WESSEL||||Md|1.0|--|Campi Flegrei|earthquake
43954972|2025-09-04 07:07:38.500000|40.824333|14.138|0.7|SURVEY-INGV-OV#WESSEL||||Md|1.8|--|Campi Flegrei|earthquake
43970972|2025-09-06 00:13:13.920000|40.829|14.149|1.4|SURVEY-INGV-OV#WESSEL||||Md|1.0|--|Campi Flegrei|earthquake
43971912|2025-09-06 05:18:11.730000|40.826667|14.133167|1.6|SURVEY-INGV-OV#WESSEL||||Md|1.2|--|Campi Flegrei|earthquake
43976202|2025-09-06 14:38:23.339000|40.838167|14.138|2.1|SURVEY-INGV-OV#WESSEL||||Md|1.3|--|Campi Flegrei|earthquake
43985182|2025-09-07 15:28:33.769000|40.841833|14.132667|2.3|SURVEY-INGV-OV#WESSEL||||Md|1.1|--|Campi Flegrei|earthquake
43993762|2025-09-08 16:05:02.200000|40.815833|14.138833|2.6|SURVEY-INGV-OV#WESSEL||||Md|1.2|--|Campi Flegrei|earthquake
44029102|2025-09-12 15:11:31.720000|40.8365|14.122333|2.4|SURVEY-INGV-OV#WESSEL||||Md|1.8|--|Campi Flegrei|earthquake
44029642|2025-09-12 16:00:57.680000|40.835833|14.128833|2.6|SURVEY-INGV-OV#WESSEL||||Md|2.1|--|Campi Flegrei|earthquake
44030692|2025-09-12 19:27:29.759000|40.839833|14.1255|3.0|SURVEY-INGV-OV#WESSEL||||Md|1.4|--|Campi Flegrei|earthquake
44054162|2025-09-15 18:32:34.309000|40.824333|14.147333|2.4|SURVEY-INGV-OV#WESSEL||||Md|2.0|--|Campi Flegrei|earthquake
44067572|2025-09-17 18:14:08.359000|40.824833|14.1425|2.3|SURVEY-INGV-OV#WESSEL||||Md|1.0|--|Campi Flegrei|earthquake
44085532|2025-09-20 01:10:00.470000|40.825333|14.119167|2.4|SURVEY-INGV-OV#WESSEL||||Md|1.2|--|Campi Flegrei|earthquake
44091702|2025-09-20 19:39:04.500000|40.827333|14.118|2.6|SURVEY-INGV-OV#WESSEL||||Md|1.3|--|Campi Flegrei|earthquake
44100392|2025-09-22 02:08:02.980000|40.8275|14.143667|2.0|SURVEY-INGV-OV#WESSEL||||Md|1.0|--|Campi Flegrei|earthquake
44123992|2025-09-24 16:54:36.079000|40.834167|14.120333|2.9|SURVEY-INGV-OV#WESSEL||||Md|1.1|--|Campi Flegrei|earthquake
44124122|2025-09-24 19:32:48.279000|40.820333|14.142667|0.9|SURVEY-INGV-OV#WESSEL||||Md|1.1|--|Campi Flegrei|earthquake
44124172|2025-09-24 20:02:57.319000|40.819667|14.140667|0.9|SURVEY-INGV-OV#WESSEL||||Md|1.0|--|Campi Flegrei|earthquake
44124382|2025-09-24 22:20:00.079000|40.821333|14.1425|1.2|SURVEY-INGV-OV#WESSEL||||Md|1.7|--|Campi Flegrei|earthquake
44124612|2025-09-24 22:51:04.019000|40.820333|14.144833|1.2|SURVEY-INGV-OV#WESSEL||||Md|1.3|--|Campi Flegrei|earthquake
44124652|2025-09-24 22:54:54.279000|40.821167|14.145167|1.1|SURVEY-INGV-OV#WESSEL||||Md|1.7|--|Campi Flegrei|earthquake
44124692|2025-09-24 23:09:24.420000|40.820833|14.146333|1.0|SURVEY-INGV-OV#WESSEL||||Md|1.4|--|Campi Flegrei|earthquake
44124802|2025-09-25 00:06:22.869000|40.820333|14.145167|1.2|SURVEY-INGV-OV#WESSEL||||Md|1.1|--|Campi Flegrei|earthquake
44125332|2025-09-25 04:15:57.640000|40.821667|14.140833|1.9|SURVEY-INGV-OV#WESSEL||||Md|1.0|--|Campi Flegrei|earthquake
44125692|2025-09-25 05:50:00.170000|40.829667|14.103667|2.4|SURVEY-INGV-OV#WESSEL||||Md|1.2|--|Campi Flegrei|earthquake
44126432|2025-09-25 07:25:44.309000|40.828667|14.103|2.5|SURVEY-INGV-OV#WESSEL||||Md|1.0|--|Campi Flegrei|earthquake
44129422|2025-09-25 13:18:06.369000|40.820333|14.149|1.0|SURVEY-INGV-OV#WESSEL||||Md|1.5|--|Campi Flegrei|earthquake
44286862|2025-09-27 23:59:23.180000|40.826833|14.144833|1.7|SURVEY-INGV-OV#WESSEL||||Md|1.1|--|Campi Flegrei|earthquake
44288392|2025-09-28 07:18:33.059000|40.805167|14.127|4.9|SURVEY-INGV-OV#WESSEL||||Md|1.0|--|Campi Flegrei|earthquake
44292562|2025-09-28 22:21:52.029000|40.820333|14.145833|0.9|SURVEY-INGV-OV#WESSEL||||Md|1.1|--|Campi Flegrei|earthquake
44293292|2025-09-29 05:07:59.440000|40.818833|14.126|2.7|SURVEY-INGV-OV#WESSEL||||Md|2.0|--|Campi Flegrei|earthquake
44295732|2025-09-29 11:17:07.990000|40.822833|14.13|2.8|SURVEY-INGV-OV#WESSEL||||Md|1.2|--|Campi Flegrei|earthquake
44296312|2025-09-29 13:11:52.109000|40.8305|14.138333|1.3|SURVEY-INGV-OV#WESSEL||||Md|1.2|--|Campi Flegrei|earthquake
44296992|2025-09-29 15:47:59.930000|40.835167|14.1305|2.4|SURVEY-INGV-OV#WESSEL||||Md|1.0|--|Campi Flegrei|earthquake
44303552|2025-09-30 15:35:53.700000|40.827333|14.143333|1.6|SURVEY-INGV-OV#WESSEL||||Md|1.3|--|Campi Flegrei|earthquake
44320522|2025-10-02 12:41:42.940000|40.838167|14.135167|2.2|SURVEY-INGV-OV#WESSEL||||Md|1.6|--|Campi Flegrei|earthquake
44321682|2025-10-02 14:38:03.359000|40.839|14.136667|2.7|SURVEY-INGV-OV#WESSEL||||Md|1.6|--|Campi Flegrei|earthquake
44321782|2025-10-02 14:46:57.980000|40.8355|14.1355|1.8|SURVEY-INGV-OV#WESSEL||||Md|1.0|--|Campi Flegrei|earthquake
44322082|2025-10-02 14:48:08.650000|40.841167|14.110833|2.5|SURVEY-INGV-OV#WESSEL||||Md|1.4|--|Campi Flegrei|earthquake
44205571|2025-10-02 17:56:04.079000|40.8365|14.127|2.6|BULLETIN-OV||||Md|1.1|--|Campi Flegrei|earthquake
44324532|2025-10-02 17:57:03.690000|40.833667|14.126|2.8|SURVEY-INGV-OV#WESSEL||||Md|2.7|--|Campi Flegrei|earthquake
44325282|2025-10-02 18:20:18.019000|40.836833|14.1275|3.0|SURVEY-INGV-OV#WESSEL||||Md|1.6|--|Campi Flegrei|earthquake
44325302|2025-10-02 18:31:01.460000|40.839833|14.132667|2.9|SURVEY-INGV-OV#WESSEL||||Md|2.2|--|Campi Flegrei|earthquake
44325882|2025-10-02 19:31:59.509000|40.833333|14.148667|2.6|SURVEY-INGV-OV#WESSEL||||Md|2.4|--|Campi Flegrei|earthquake
44325942|2025-10-02 19:33:26.670000|40.834333|14.145|2.5|SURVEY-INGV-OV#WESSEL||||Md|2.0|--|Campi Flegrei|earthquake
44326032|2025-10-02 19:36:56.859000|40.835167|14.146|2.5|SURVEY-INGV-OV#WESSEL||||Md|1.9|--|Campi Flegrei|earthquake
44326172|2025-10-02 19:46:52.170000|40.835333|14.145333|2.6|SURVEY-INGV-OV#WESSEL||||Md|2.0|--|Campi Flegrei|earthquake
44328422|2025-10-03 00:38:58.539000|40.837833|14.129667|2.3|SURVEY-INGV-OV#WESSEL||||Md|1.3|--|Campi Flegrei|earthquake
44328652|2025-10-03 01:00:46.819000|40.796333|14.112667|2.1|SURVEY-INGV-OV#WESSEL||||Md|1.2|--|Campi Flegrei|earthquake
44328932|2025-10-03 01:42:06.559000|40.836667|14.130833|2.6|SURVEY-INGV-OV#WESSEL||||Md|1.0|--|Campi Flegrei|earthquake
44329452|2025-10-03 03:11:24.900000|40.839|14.120167|2.8|SURVEY-INGV-OV#WESSEL||||Md|2.2|--|Campi Flegrei|earthquake
44330012|2025-10-03 04:13:00.279000|40.836667|14.114667|2.7|SURVEY-INGV-OV#WESSEL||||Md|2.2|--|Campi Flegrei|earthquake
44330832|2025-10-03 05:18:37.029000|40.8315|14.140167|2.4|SURVEY-INGV-OV#WESSEL||||Md|1.2|--|Campi Flegrei|earthquake
44339812|2025-10-03 23:00:22.130000|40.837167|14.1165|3.4|SURVEY-INGV-OV#WESSEL||||Md|1.8|--|Campi Flegrei|earthquake
44340032|2025-10-04 02:03:43.700000|40.839|14.085333|2.7|SURVEY-INGV-OV#WESSEL||||Md|1.2|--|Campi Flegrei|earthquake
44343992|2025-10-04 17:59:01.869000|40.8285|14.140333|1.9|SURVEY-INGV-OV#WESSEL||||Md|1.5|--|Campi Flegrei|earthquake
44345022|2025-10-04 21:33:49.539000|40.824167|14.129167|1.7|SURVEY-INGV-OV#WESSEL||||Md|1.1|--|Campi Flegrei|earthquake
44345642|2025-10-04 22:50:25.789000|40.826|14.133167|2.4|SURVEY-INGV-OV#WESSEL||||Md|3.3|--|Campi Flegrei|earthquake
44346112|2025-10-04 22:51:09.140000|40.8225|14.133833|2.0|SURVEY-INGV-OV#WESSEL||||Md|1.2|--|Campi Flegrei|earthquake
44346152|2025-10-04 22:51:34.910000|40.825|14.134|2.2|SURVEY-INGV-OV#WESSEL||||Md|1.5|--|Campi Flegrei|earthquake
44345842|2025-10-04 23:03:19.759000|40.827333|14.135833|2.4|SURVEY-INGV-OV#WESSEL||||Md|1.4|--|Campi Flegrei|earthquake
44346162|2025-10-05 00:02:11.410000|40.815167|14.165833|2.9|SURVEY-INGV-OV#WESSEL||||Md|1.9|--|Campi Flegrei|earthquake
44346752|2025-10-05 03:49:43.450000|40.825|14.138333|0.7|SURVEY-INGV-OV#WESSEL||||Md|1.0|--|Campi Flegrei|earthquake
44353132|2025-10-06 06:06:12.680000|40.823667|14.138167|0.6|SURVEY-INGV-OV#WESSEL||||Md|1.5|--|Campi Flegrei|earthquake
44376682|2025-10-08 12:12:35.769000|40.8355|14.137833|2.4|SURVEY-INGV-OV#WESSEL||||Md|1.7|--|Campi Flegrei|earthquake
44379682|2025-10-09 00:09:35.279000|40.833333|14.082667|2.8|SURVEY-INGV-OV#WESSEL||||Md|1.1|--|Campi Flegrei|earthquake
44386562|2025-10-09 23:22:22.259000|40.841667|14.101|3.0|SURVEY-INGV-OV#WESSEL||||Md|1.2|--|Campi Flegrei|earthquake
44386692|2025-10-09 23:54:05.460000|40.824|14.15|1.0|SURVEY-INGV-OV#WESSEL||||Md|1.1|--|Campi Flegrei|earthquake
44386772|2025-10-10 00:23:13.569000|40.828167|14.154333|2.4|SURVEY-INGV-OV#WESSEL||||Md|1.3|--|Campi Flegrei|earthquake
44386792|2025-10-10 00:30:14.619000|40.825333|14.152333|0.5|SURVEY-INGV-OV#WESSEL||||Md|1.0|--|Campi Flegrei|earthquake
44392042|2025-10-10 13:10:26.309000|40.8075|14.104167|2.9|SURVEY-INGV-OV#WESSEL||||Md|1.1|--|Campi Flegrei|earthquake
44393272|2025-10-10 16:15:11.549000|40.835167|14.1315|2.6|SURVEY-INGV-OV#WESSEL||||Md|1.2|--|Campi Flegrei|earthquake
44394242|2025-10-10 19:56:25.069000|40.799167|14.1245|4.6|SURVEY-INGV-OV#WESSEL||||Md|1.2|--|Campi Flegrei|earthquake
44395342|2025-10-11 02:05:15.319000|40.8345|14.108833|2.2|SURVEY-INGV-OV#WESSEL||||Md|1.1|--|Campi Flegrei|earthquake
44395462|2025-10-11 02:28:42.400000|40.826333|14.145167|1.8|SURVEY-INGV-OV#WESSEL||||Md|1.4|--|Campi Flegrei|earthquake
44395512|2025-10-11 02:38:11.799000|40.823|14.141667|1.6|SURVEY-INGV-OV#WESSEL||||Md|1.1|--|Campi Flegrei|earthquake
44395542|2025-10-11 02:52:04.019000|40.834333|14.128|2.8|SURVEY-INGV-OV#WESSEL||||Md|1.0|--|Campi Flegrei|earthquake
44395602|2025-10-11 02:53:21.359000|40.839667|14.134167|3.0|SURVEY-INGV-OV#WESSEL||||Md|1.1|--|Campi Flegrei|earthquake
44396562|2025-10-11 03:32:33.859000|40.826833|14.151667|2.5|SURVEY-INGV-OV#WESSEL||||Md|1.2|--|Campi Flegrei|earthquake
44396692|2025-10-11 04:00:31.880000|40.829167|14.139833|1.5|SURVEY-INGV-OV#WESSEL||||Md|1.8|--|Campi Flegrei|earthquake
44396622|2025-10-11 04:01:21.789000|40.826667|14.141333|2.4|SURVEY-INGV-OV#WESSEL||||Md|1.6|--|Campi Flegrei|earthquake
44396702|2025-10-11 04:01:31.190000|40.822667|14.146333|0.7|SURVEY-INGV-OV#WESSEL||||Md|1.1|--|Campi Flegrei|earthquake
44399332|2025-10-11 10:20:53.160000|40.798333|14.210167|2.6|SURVEY-INGV-OV#SiSmi||||Md|1.9|--|Campi Flegrei|earthquake
44401522|2025-10-11 14:33:24.230000|40.836333|14.128833|2.5|SURVEY-INGV-OV#WESSEL||||Md|1.3|--|Campi Flegrei|earthquake
44401552|2025-10-11 14:34:02.160000|40.834167|14.127167|1.7|SURVEY-INGV-OV#WESSEL||||Md|1.5|--|Campi Flegrei|earthquake
44402142|2025-10-11 15:49:03.420000|40.834|14.1275|2.4|SURVEY-INGV-OV#WESSEL||||Md|1.2|--|Campi Flegrei|earthquake
44402362|2025-10-11 16:20:44.500000|40.820833|14.138333|1.0|SURVEY-INGV-OV#WESSEL||||Md|1.1|--|Campi Flegrei|earthquake
44403602|2025-10-11 20:38:39.069000|40.827667|14.140833|1.8|SURVEY-INGV-OV#WESSEL||||Md|1.0|--|Campi Flegrei|earthquake
44403662|2025-10-11 21:11:44.009000|40.8315|14.138333|2.4|SURVEY-INGV-OV#WESSEL||||Md|1.7|--|Campi Flegrei|earthquake
44403742|2025-10-11 21:11:55.130000|40.831167|14.136167|2.1|SURVEY-INGV-OV#WESSEL||||Md|1.0|--|Campi Flegrei|earthquake
44403912|2025-10-11 21:53:18.349000|40.8285|14.137|2.1|SURVEY-INGV-OV#WESSEL||||Md|1.3|--|Campi Flegrei|earthquake
44405272|2025-10-12 06:37:47.869000|40.829|14.083667|2.6|SURVEY-INGV-OV#WESSEL||||Md|1.3|--|Campi Flegrei|earthquake
44408162|2025-10-12 13:35:50.480000|40.832167|14.092|1.6|SURVEY-INGV-OV#WESSEL||||Md|2.5|--|Campi Flegrei|earthquake
44408322|2025-10-12 14:00:11.130000|40.838667|14.119|2.4|SURVEY-INGV-OV#WESSEL||||Md|1.8|--|Campi Flegrei|earthquake
44408442|2025-10-12 14:13:45.220000|40.832|14.088833|2.5|SURVEY-INGV-OV#WESSEL||||Md|1.4|--|Campi Flegrei|earthquake
44408572|2025-10-12 14:29:05.950000|40.830667|14.083833|2.8|SURVEY-INGV-OV#WESSEL||||Md|1.2|--|Campi Flegrei|earthquake
44408742|2025-10-12 15:01:55.400000|40.829833|14.139|2.5|SURVEY-INGV-OV#WESSEL||||Md|2.5|--|Campi Flegrei|earthquake
44409242|2025-10-12 15:02:12.329000|40.830833|14.139167|3.0|SURVEY-INGV-OV#WESSEL||||Md|1.5|--|Campi Flegrei|earthquake
44290481|2025-10-12 15:04:04.220000|40.829667|14.136|2.4|BULLETIN-OV||||Md|2.0|--|Campi Flegrei|earthquake
44416662|2025-10-13 16:08:35.450000|40.827333|14.140167|2.2|SURVEY-INGV-OV#WESSEL||||Md|2.2|--|Campi Flegrei|earthquake
44417262|2025-10-13 18:40:26.450000|40.825833|14.158667|2.3|SURVEY-INGV-OV#WESSEL||||Md|1.2|--|Campi Flegrei|earthquake
44418542|2025-10-14 01:52:49.390000|40.824667|14.084|2.8|SURVEY-INGV-OV#WESSEL||||Md|1.4|--|Campi Flegrei|earthquake
44418862|2025-10-14 02:44:43.380000|40.814833|14.139833|2.7|SURVEY-INGV-OV#WESSEL||||Md|1.2|--|Campi Flegrei|earthquake
44425282|2025-10-14 17:33:21.210000|40.811333|14.092833|3.2|SURVEY-INGV-OV#WESSEL||||Md|1.1|--|Campi Flegrei|earthquake
44425392|2025-10-14 17:58:22.490000|40.825|14.149|2.1|SURVEY-INGV-OV#WESSEL||||Md|1.3|--|Campi Flegrei|earthquake
44426282|2025-10-15 00:51:10.559000|40.8065|14.138667|1.7|SURVEY-INGV-OV#WESSEL||||Md|2.1|--|Campi Flegrei|earthquake
44426682|2025-10-15 03:31:56.289000|40.826167|14.151833|1.1|SURVEY-INGV-OV#WESSEL||||Md|1.0|--|Campi Flegrei|earthquake
44432602|2025-10-15 14:30:51.920000|40.8345|14.099333|2.2|SURVEY-INGV-OV#WESSEL||||Md|1.3|--|Campi Flegrei|earthquake
44433962|2025-10-15 17:26:33.890000|40.827833|14.137833|2.5|SURVEY-INGV-OV#WESSEL||||Md|1.6|--|Campi Flegrei|earthquake
44434732|2025-10-15 21:34:50.509000|40.8245|14.142167|0.8|SURVEY-INGV-OV#WESSEL||||Md|1.5|--|Campi Flegrei|earthquake
44435822|2025-10-16 04:04:02.700000|40.8405|14.118167|2.7|SURVEY-INGV-OV#WESSEL||||Md|1.1|--|Campi Flegrei|earthquake
44443272|2025-10-16 21:38:37.230000|40.803|14.125833|3.9|SURVEY-INGV-OV#WESSEL||||Md|1.2|--|Campi Flegrei|earthquake
44443962|2025-10-17 02:02:08.920000|40.8265|14.152833|1.7|SURVEY-INGV-OV#WESSEL||||Md|1.4|--|Campi Flegrei|earthquake
44447802|2025-10-17 13:57:16.009000|40.832833|14.1285|2.4|SURVEY-INGV-OV#WESSEL||||Md|1.2|--|Campi Flegrei|earthquake
44449562|2025-10-17 21:15:16.359000|40.8405|14.105667|3.0|SURVEY-INGV-OV#WESSEL||||Md|2.5|--|Campi Flegrei|earthquake
44451152|2025-10-18 06:50:47.430000|40.828167|14.141667|2.5|SURVEY-INGV-OV#WESSEL||||Md|1.5|--|Campi Flegrei|earthquake
44452172|2025-10-18 09:21:43.950000|40.8355|14.129333|2.4|SURVEY-INGV-OV#SiSmi||||Md|1.4|--|Campi Flegrei|earthquake
44330261|2025-10-18 12:38:39.819000|40.828667|14.144333|2.0|BULLETIN-OV||||Md|1.1|--|Campi Flegrei|earthquake
44457152|2025-10-18 22:53:53.349000|40.835667|14.132667|2.8|SURVEY-INGV-OV#WESSEL||||Md|1.0|--|Campi Flegrei|earthquake
44456912|2025-10-18 22:54:13.960000|40.833167|14.130167|2.6|SURVEY-INGV-OV#WESSEL||||Md|1.2|--|Campi Flegrei|earthquake
44456952|2025-10-18 22:59:01.349000|40.8355|14.1245|2.5|SURVEY-INGV-OV#SiSmi||||Md|2.9|--|Campi Flegrei|earthquake
44457182|2025-10-18 22:59:47.880000|40.834|14.1255|1.8|SURVEY-INGV-OV#WESSEL||||Md|1.2|--|Campi Flegrei|earthquake
44457032|2025-10-18 23:05:06.460000|40.836833|14.133667|2.9|SURVEY-INGV-OV#WESSEL||||Md|1.3|--|Campi Flegrei|earthquake
44458992|2025-10-19 07:50:14.240000|40.820333|14.157333|2.4|SURVEY-INGV-OV#WESSEL||||Md|1.5|--|Campi Flegrei|earthquake
44459192|2025-10-19 08:08:40.839000|40.837|14.119|2.9|SURVEY-INGV-OV#WESSEL||||Md|1.0|--|Campi Flegrei|earthquake
44461942|2025-10-19 14:39:12.599000|40.8315|14.131|1.5|SURVEY-INGV-OV#WESSEL||||Md|1.1|--|Campi Flegrei|earthquake
44463022|2025-10-19 16:55:01.920000|40.803167|14.099833|2.8|SURVEY-INGV-OV#WESSEL||||Md|1.0|--|Campi Flegrei|earthquake
44463912|2025-10-19 21:57:52.940000|40.827333|14.142167|1.8|SURVEY-INGV-OV#WESSEL||||Md|2.2|--|Campi Flegrei|earthquake
44465502|2025-10-20 02:47:51.450000|40.843333|14.142333|2.9|SURVEY-INGV-OV#WESSEL||||Md|2.5|--|Campi Flegrei|earthquake
44466052|2025-10-20 05:15:45.029000|40.8315|14.147333|1.4|SURVEY-INGV-OV#WESSEL||||Md|1.1|--|Campi Flegrei|earthquake
44468172|2025-10-20 09:45:22.539000|40.834|14.13|2.6|SURVEY-INGV-OV#WESSEL||||Md|1.8|--|Campi Flegrei|earthquake
44468272|2025-10-20 10:05:04.059000|40.8315|14.1385|2.7|SURVEY-INGV-OV#WESSEL||||Md|1.3|--|Campi Flegrei|earthquake
44472252|2025-10-20 23:49:25.299000|40.814833|14.145667|2.8|SURVEY-INGV-OV#WESSEL||||Md|1.3|--|Campi Flegrei|earthquake
44472562|2025-10-21 03:46:36.380000|40.819167|14.084333|2.4|SURVEY-INGV-OV#WESSEL||||Md|1.0|--|Campi Flegrei|earthquake
44473002|2025-10-21 05:13:10.339000|40.8305|14.134|1.9|SURVEY-INGV-OV#WESSEL||||Md|1.0|--|Campi Flegrei|earthquake
44477942|2025-10-22 01:59:25.430000|40.805167|14.105667|3.0|SURVEY-INGV-OV#WESSEL||||Md|1.4|--|Campi Flegrei|earthquake
44478542|2025-10-22 04:59:04.250000|40.811333|14.098|4.0|SURVEY-INGV-OV#WESSEL||||Md|2.8|--|Campi Flegrei|earthquake
44479312|2025-10-22 06:36:43.619000|40.810667|14.115667|1.7|SURVEY-INGV-OV#WESSEL||||Md|1.1|--|Campi Flegrei|earthquake
44482172|2025-10-22 11:57:53.019000|40.8225|14.1375|1.6|SURVEY-INGV-OV#SiSmi||||Md|1.2|--|Campi Flegrei|earthquake
44482412|2025-10-22 12:13:21.950000|40.812833|14.0915|3.4|SURVEY-INGV-OV#WESSEL||||Md|1.3|--|Campi Flegrei|earthquake
44490402|2025-10-23 09:49:08.279000|40.830833|14.142167|1.0|SURVEY-INGV-OV#WESSEL||||Md|1.2|--|Campi Flegrei|earthquake
44501092|2025-10-23 21:29:11.279000|40.823|14.148167|1.8|SURVEY-INGV-OV#WESSEL||||Md|1.2|--|Campi Flegrei|earthquake
44501812|2025-10-23 22:24:38.069000|40.820333|14.145833|1.7|SURVEY-INGV-OV#WESSEL||||Md|1.1|--|Campi Flegrei|earthquake
44506012|2025-10-24 08:06:28.750000|40.82|14.084333|3.6|SURVEY-INGV-OV#WESSEL||||Md|1.1|--|Campi Flegrei|earthquake
44508932|2025-10-24 12:25:33.750000|40.8355|14.139|2.8|SURVEY-INGV-OV#WESSEL||||Md|1.7|--|Campi Flegrei|earthquake
44509322|2025-10-24 12:44:12.569000|40.834167|14.129167|1.1|SURVEY-INGV-OV#WESSEL||||Md|1.0|--|Campi Flegrei|earthquake
44512172|2025-10-24 20:33:40.289000|40.8315|14.132167|2.4|SURVEY-INGV-OV#WESSEL||||Md|1.2|--|Campi Flegrei|earthquake
44512972|2025-10-25 02:37:49.559000|40.838667|14.140167|1.6|SURVEY-INGV-OV#WESSEL||||Md|1.5|--|Campi Flegrei|earthquake
44524112|2025-10-25 22:51:49.289000|40.834333|14.1415|2.6|SURVEY-INGV-OV#SiSmi||||Md|2.8|--|Campi Flegrei|earthquake
44524092|2025-10-25 22:52:13.339000|40.8315|14.140167|2.3|SURVEY-INGV-OV#WESSEL||||Md|1.4|--|Campi Flegrei|earthquake
44523832|2025-10-25 22:52:44.009000|40.832333|14.136833|2.2|SURVEY-INGV-OV#WESSEL||||Md|1.9|--|Campi Flegrei|earthquake
44524382|2025-10-25 22:53:16.700000|40.833167|14.133833|2.9|SURVEY-INGV-OV#SiSmi||||Md|1.0|--|Campi Flegrei|earthquake
44523852|2025-10-25 22:54:42.789000|40.833|14.140833|2.0|SURVEY-INGV-OV#WESSEL||||Md|1.1|--|Campi Flegrei|earthquake
44523872|2025-10-25 22:57:53.789000|40.834167|14.136833|2.3|SURVEY-INGV-OV#WESSEL||||Md|1.7|--|Campi Flegrei|earthquake
44524392|2025-10-25 22:58:08.279000|40.8305|14.134167|1.9|SURVEY-INGV-OV#WESSEL||||Md|1.4|--|Campi Flegrei|earthquake
44524432|2025-10-26 00:16:40.549000|40.8175|14.123667|2.2|SURVEY-INGV-OV#WESSEL||||Md|1.2|--|Campi Flegrei|earthquake
44526392|2025-10-26 06:26:48.019000|40.816667|14.091|3.3|SURVEY-INGV-OV#WESSEL||||Md|1.0|--|Campi Flegrei|earthquake
44538402|2025-10-27 02:52:52.359000|40.820333|14.084667|3.0|SURVEY-INGV-OV#WESSEL||||Md|1.0|--|Campi Flegrei|earthquake
44538592|2025-10-27 04:39:17.589000|40.8335|14.120333|0.7|SURVEY-INGV-OV#SiSmi||||Md|1.4|--|Campi Flegrei|earthquake
44547042|2025-10-28 04:13:28.450000|40.813833|14.1|1.6|SURVEY-INGV-OV#WESSEL||||Md|2.0|--|Campi Flegrei|earthquake
44551602|2025-10-28 20:44:32.180000|40.824333|14.15|2.2|SURVEY-INGV-OV#WESSEL||||Md|1.3|--|Campi Flegrei|earthquake
44551882|2025-10-28 23:25:33.539000|40.833167|14.109|2.3|SURVEY-INGV-OV#WESSEL||||Md|1.1|--|Campi Flegrei|earthquake
44552242|2025-10-29 04:00:30.869000|40.8075|14.116|2.2|SURVEY-INGV-OV#WESSEL||||Md|1.0|--|Campi Flegrei|earthquake
44564352|2025-10-30 13:23:10.349000|40.833167|14.093333|2.8|SURVEY-INGV-OV#WESSEL||||Md|1.0|--|Campi Flegrei|earthquake
44565772|2025-10-30 17:03:42.319000|40.829167|14.142667|2.2|SURVEY-INGV-OV#WESSEL||||Md|1.4|--|Campi Flegrei|earthquake
44567172|2025-10-31 02:30:55.019000|40.832833|14.114|3.0|SURVEY-INGV-OV#WESSEL||||Md|2.0|--|Campi Flegrei|earthquake
44571112|2025-10-31 16:04:28.670000|40.825|14.0805|2.8|SURVEY-INGV-OV#WESSEL||||Md|1.6|--|Campi Flegrei|earthquake
44571662|2025-10-31 18:23:20.599000|40.8345|14.078167|3.0|SURVEY-INGV-OV#WESSEL||||Md|1.1|--|Campi Flegrei|earthquake
44571862|2025-10-31 20:10:16.509000|40.813|14.1185|2.2|SURVEY-INGV-OV#WESSEL||||Md|1.1|--|Campi Flegrei|earthquake
44571902|2025-10-31 20:14:51.549000|40.814333|14.117833|2.4|SURVEY-INGV-OV#WESSEL||||Md|1.0|--|Campi Flegrei|earthquake
44571922|2025-10-31 20:18:55.869000|40.808833|14.1175|2.8|SURVEY-INGV-OV#WESSEL||||Md|1.0|--|Campi Flegrei|earthquake
44572102|2025-10-31 21:04:05.690000|40.8305|14.082333|2.6|SURVEY-INGV-OV#WESSEL||||Md|1.2|--|Campi Flegrei|earthquake
44572912|2025-11-01 05:09:33.420000|40.826333|14.1765|5.2|SURVEY-INGV-OV#WESSEL||||Md|1.1|--|Campi Flegrei|earthquake
44578472|2025-11-01 21:02:45.009000|40.804833|14.139167|3.7|SURVEY-INGV-OV#WESSEL||||Md|1.4|--|Campi Flegrei|earthquake
44578482|2025-11-01 21:04:01.150000|40.805333|14.139333|3.6|SURVEY-INGV-OV#WESSEL||||Md|1.5|--|Campi Flegrei|earthquake
44579642|2025-11-02 01:43:08.019000|40.8365|14.111333|2.8|SURVEY-INGV-OV#WESSEL||||Md|1.0|--|Campi Flegrei|earthquake
44579622|2025-11-02 01:43:16.000000|40.831333|14.132|2.4|SURVEY-INGV-OV#WESSEL||||Md|1.8|--|Campi Flegrei|earthquake
44579792|2025-11-02 02:32:54.619000|40.829|14.120333|2.9|SURVEY-INGV-OV#WESSEL||||Md|1.8|--|Campi Flegrei|earthquake
44579862|2025-11-02 02:40:27.470000|40.839167|14.11|3.2|SURVEY-INGV-OV#WESSEL||||Md|2.1|--|Campi Flegrei|earthquake
44584542|2025-11-02 14:38:21.930000|40.827833|14.122167|2.7|SURVEY-INGV-OV#WESSEL||||Md|1.5|--|Campi Flegrei|earthquake
44584622|2025-11-02 14:40:51.619000|40.828|14.125833|2.6|SURVEY-INGV-OV#WESSEL||||Md|1.3|--|Campi Flegrei|earthquake
44584792|2025-11-02 14:51:02.069000|40.827|14.128333|2.8|SURVEY-INGV-OV#WESSEL||||Md|2.1|--|Campi Flegrei|earthquake
44584872|2025-11-02 14:53:11.759000|40.826833|14.126833|2.7|SURVEY-INGV-OV#WESSEL||||Md|1.3|--|Campi Flegrei|earthquake
44585012|2025-11-02 14:58:10.579000|40.827167|14.1235|2.6|SURVEY-INGV-OV#WESSEL||||Md|1.1|--|Campi Flegrei|earthquake
44585092|2025-11-02 15:00:28.460000|40.828|14.121833|2.5|SURVEY-INGV-OV#WESSEL||||Md|1.0|--|Campi Flegrei|earthquake
44585172|2025-11-02 15:05:12.269000|40.826333|14.125|2.5|SURVEY-INGV-OV#WESSEL||||Md|1.0|--|Campi Flegrei|earthquake
44585472|2025-11-02 15:26:09.369000|40.8255|14.120333|2.7|SURVEY-INGV-OV#WESSEL||||Md|2.0|--|Campi Flegrei|earthquake
44587682|2025-11-02 23:30:23.490000|40.821667|14.082333|2.8|SURVEY-INGV-OV#WESSEL||||Md|1.2|--|Campi Flegrei|earthquake
44588072|2025-11-03 04:34:39.339000|40.842|14.117333|2.8|SURVEY-INGV-OV#SiSmi||||Md|1.5|--|Campi Flegrei|earthquake
44588512|2025-11-03 06:49:10.539000|40.803333|14.1225|4.4|SURVEY-INGV-OV#WESSEL||||Md|1.3|--|Campi Flegrei|earthquake
44589072|2025-11-03 08:41:06.349000|40.828833|14.151667|2.7|SURVEY-INGV-OV#WESSEL||||Md|1.0|--|Campi Flegrei|earthquake
44589672|2025-11-03 09:51:36.609000|40.835833|14.134667|2.8|SURVEY-INGV-OV#WESSEL||||Md|1.6|--|Campi Flegrei|earthquake
44598952|2025-11-04 18:48:22.359000|40.824833|14.1305|2.1|SURVEY-INGV-OV#WESSEL||||Md|2.4|--|Campi Flegrei|earthquake
44599092|2025-11-04 19:32:53.599000|40.8295|14.129167|2.6|SURVEY-INGV-OV#WESSEL||||Md|1.9|--|Campi Flegrei|earthquake
44599282|2025-11-04 20:31:53.859000|40.839|14.130167|2.0|SURVEY-INGV-OV#WESSEL||||Md|1.1|--|Campi Flegrei|earthquake
44599242|2025-11-04 20:39:28.210000|40.842833|14.137|2.8|SURVEY-INGV-OV#WESSEL||||Md|1.8|--|Campi Flegrei|earthquake
44600302|2025-11-05 01:36:19.940000|40.828167|14.149|1.4|SURVEY-INGV-OV#WESSEL||||Md|1.0|--|Campi Flegrei|earthquake
44611332|2025-11-06 20:11:52.059000|40.8075|14.095333|4.6|SURVEY-INGV-OV#WESSEL||||Md|1.1|--|Campi Flegrei|earthquake
44614112|2025-11-07 09:26:26.750000|40.829167|14.145167|2.1|SURVEY-INGV-OV#WESSEL||||Md|1.0|--|Campi Flegrei|earthquake
44614682|2025-11-07 11:59:57.420000|40.796667|14.115667|3.7|SURVEY-INGV-OV#WESSEL||||Md|1.5|--|Campi Flegrei|earthquake
44614952|2025-11-07 12:40:24.640000|40.8285|14.1355|2.2|SURVEY-INGV-OV#WESSEL||||Md|1.7|--|Campi Flegrei|earthquake
44615172|2025-11-07 12:40:49.579000|40.829833|14.135833|1.9|SURVEY-INGV-OV#WESSEL||||Md|1.5|--|Campi Flegrei|earthquake
44615002|2025-11-07 12:42:33.829000|40.831333|14.1345|2.0|SURVEY-INGV-OV#WESSEL||||Md|1.3|--|Campi Flegrei|earthquake
44615012|2025-11-07 12:43:25.650000|40.8335|14.135667|2.6|SURVEY-INGV-OV#WESSEL||||Md|2.2|--|Campi Flegrei|earthquake
44617972|2025-11-08 04:36:10.279000|40.8375|14.1225|2.6|SURVEY-INGV-OV#WESSEL||||Md|1.0|--|Campi Flegrei|earthquake
44618032|2025-11-08 05:16:10.410000|40.840167|14.128|3.0|SURVEY-INGV-OV#WESSEL||||Md|1.0|--|Campi Flegrei|earthquake
44618292|2025-11-08 06:50:10.549000|40.839333|14.140833|3.1|SURVEY-INGV-OV#WESSEL||||Md|1.1|--|Campi Flegrei|earthquake
44619932|2025-11-08 12:10:17.420000|40.8325|14.133667|2.3|SURVEY-INGV-OV#WESSEL||||Md|1.0|--|Campi Flegrei|earthquake
44621792|2025-11-08 22:09:17.349000|40.8315|14.138167|1.2|SURVEY-INGV-OV#WESSEL||||Md|1.0|--|Campi Flegrei|earthquake
44622402|2025-11-09 05:11:44.710000|40.833667|14.145667|2.3|SURVEY-INGV-OV#SiSmi||||Md|2.5|--|Campi Flegrei|earthquake
44622452|2025-11-09 05:12:40.200000|40.834|14.149167|2.5|SURVEY-INGV-OV#WESSEL||||Md|1.4|--|Campi Flegrei|earthquake
44622482|2025-11-09 05:13:18.259000|40.831333|14.147667|2.5|SURVEY-INGV-OV#WESSEL||||Md|1.4|--|Campi Flegrei|earthquake
44622502|2025-11-09 05:14:40.539000|40.8315|14.134833|0.6|SURVEY-INGV-OV#WESSEL||||Md|1.3|--|Campi Flegrei|earthquake
44623072|2025-11-09 07:33:20.529000|40.833333|14.127333|2.7|SURVEY-INGV-OV#WESSEL||||Md|1.4|--|Campi Flegrei|earthquake
44623282|2025-11-09 08:00:37.630000|40.824667|14.149|2.3|SURVEY-INGV-OV#WESSEL||||Md|1.1|--|Campi Flegrei|earthquake
44626022|2025-11-09 15:18:03.190000|40.830333|14.081167|2.8|SURVEY-INGV-OV#WESSEL||||Md|1.2|--|Campi Flegrei|earthquake
44627162|2025-11-09 20:26:02.609000|40.838667|14.125667|2.1|SURVEY-INGV-OV#WESSEL||||Md|1.1|--|Campi Flegrei|earthquake
44627442|2025-11-10 00:27:01.240000|40.831333|14.151667|2.8|SURVEY-INGV-OV#WESSEL||||Md|1.7|--|Campi Flegrei|earthquake
44639492|2025-11-12 09:07:27.119000|40.822333|14.137167|1.6|SURVEY-INGV-OV#WESSEL||||Md|1.0|--|Campi Flegrei|earthquake
44639582|2025-11-12 09:12:02.539000|40.822167|14.135333|1.9|SURVEY-INGV-OV#WESSEL||||Md|1.4|--|Campi Flegrei|earthquake
44640292|2025-11-12 10:19:13.049000|40.803667|14.124333|4.2|SURVEY-INGV-OV#WESSEL||||Md|1.1|--|Campi Flegrei|earthquake
44648382|2025-11-13 12:45:54.740000|40.838|14.141833|2.6|SURVEY-INGV-OV#WESSEL||||Md|1.3|--|Campi Flegrei|earthquake
44658042|2025-11-15 00:40:44.789000|40.822167|14.142833|2.2|SURVEY-INGV-OV#WESSEL||||Md|1.0|--|Campi Flegrei|earthquake
44658782|2025-11-15 05:45:41.769000|40.838667|14.140833|2.0|SURVEY-INGV-OV#WESSEL||||Md|1.2|--|Campi Flegrei|earthquake
44658792|2025-11-15 05:46:02.200000|40.831333|14.1345|1.4|SURVEY-INGV-OV#WESSEL||||Md|1.0|--|Campi Flegrei|earthquake
44659202|2025-11-15 07:14:25.279000|40.835333|14.1215|2.6|SURVEY-INGV-OV#WESSEL||||Md|1.6|--|Campi Flegrei|earthquake
44662772|2025-11-15 18:57:53.809000|40.8125|14.143833|3.3|SURVEY-INGV-OV#WESSEL||||Md|2.0|--|Campi Flegrei|earthquake
44663642|2025-11-16 01:23:41.630000|40.817167|14.157667|2.8|SURVEY-INGV-OV#WESSEL||||Md|1.1|--|Campi Flegrei|earthquake
44672512|2025-11-17 10:57:48.069000|40.801167|14.133667|4.2|SURVEY-INGV-OV#WESSEL||||Md|1.8|--|Campi Flegrei|earthquake
44673262|2025-11-17 11:54:55.619000|40.824833|14.082833|2.9|SURVEY-INGV-OV#WESSEL||||Md|2.4|--|Campi Flegrei|earthquake
44678202|2025-11-17 18:00:44.220000|40.793333|14.146833|3.9|SURVEY-INGV-OV#WESSEL||||Md|1.3|--|Campi Flegrei|earthquake
44679362|2025-11-17 21:11:40.890000|40.842|14.140833|2.5|SURVEY-INGV-OV#WESSEL||||Md|1.3|--|Campi Flegrei|earthquake
44679412|2025-11-17 21:14:31.119000|40.836833|14.141833|2.9|SURVEY-INGV-OV#WESSEL||||Md|1.5|--|Campi Flegrei|earthquake
44679692|2025-11-17 23:53:56.869000|40.813|14.157833|3.0|SURVEY-INGV-OV#WESSEL||||Md|1.0|--|Campi Flegrei|earthquake
44680002|2025-11-18 01:35:34.539000|40.822|14.150833|1.4|SURVEY-INGV-OV#WESSEL||||Md|1.1|--|Campi Flegrei|earthquake
44680232|2025-11-18 05:05:05.230000|40.828833|14.160167|2.8|SURVEY-INGV-OV#WESSEL||||Md|1.8|--|Campi Flegrei|earthquake
44680272|2025-11-18 05:10:18.789000|40.826833|14.155|2.1|SURVEY-INGV-OV#WESSEL||||Md|1.0|--|Campi Flegrei|earthquake
44680432|2025-11-18 06:00:15.700000|40.823833|14.136|2.2|SURVEY-INGV-OV#WESSEL||||Md|1.1|--|Campi Flegrei|earthquake
44681882|2025-11-18 10:53:09.859000|40.834833|14.127333|2.6|SURVEY-INGV-OV#WESSEL||||Md|1.1|--|Campi Flegrei|earthquake
44686062|2025-11-19 08:18:25.480000|40.837|14.128167|2.5|SURVEY-INGV-OV#WESSEL||||Md|1.2|--|Campi Flegrei|earthquake
44687262|2025-11-19 10:36:49.549000|40.834833|14.128167|2.2|SURVEY-INGV-OV#WESSEL||||Md|1.0|--|Campi Flegrei|earthquake
44687292|2025-11-19 10:53:33.559000|40.834167|14.1325|2.7|SURVEY-INGV-OV#WESSEL||||Md|2.1|--|Campi Flegrei|earthquake
44687472|2025-11-19 11:16:11.579000|40.836333|14.130667|2.2|SURVEY-INGV-OV#WESSEL||||Md|1.0|--|Campi Flegrei|earthquake
44687742|2025-11-19 12:26:28.539000|40.835167|14.130333|1.9|SURVEY-INGV-OV#WESSEL||||Md|1.2|--|Campi Flegrei|earthquake
44687832|2025-11-19 12:27:25.079000|40.834|14.1295|1.9|SURVEY-INGV-OV#WESSEL||||Md|1.2|--|Campi Flegrei|earthquake
44688352|2025-11-19 12:27:45.349000|40.837|14.134833|2.0|SURVEY-INGV-OV#WESSEL||||Md|1.2|--|Campi Flegrei|earthquake
44687862|2025-11-19 12:49:28.970000|40.825|14.139|2.9|SURVEY-INGV-OV#SiSmi||||Md|1.5|--|Campi Flegrei|earthquake
44687902|2025-11-19 12:49:52.539000|40.835667|14.137333|2.8|SURVEY-INGV-OV#WESSEL||||Md|2.7|--|Campi Flegrei|earthquake
44687952|2025-11-19 12:51:05.410000|40.839333|14.138667|1.9|SURVEY-INGV-OV#WESSEL||||Md|1.2|--|Campi Flegrei|earthquake
44688182|2025-11-19 13:07:32.849000|40.833333|14.127667|1.8|SURVEY-INGV-OV#WESSEL||||Md|2.0|--|Campi Flegrei|earthquake
44689912|2025-11-19 18:21:22.089000|40.8375|14.147333|2.6|SURVEY-INGV-OV#WESSEL||||Md|2.5|--|Campi Flegrei|earthquake
44690292|2025-11-19 20:12:19.859000|40.8375|14.135167|1.8|SURVEY-INGV-OV#WESSEL||||Md|1.1|--|Campi Flegrei|earthquake
44690502|2025-11-19 21:51:45.599000|40.836667|14.146167|2.6|SURVEY-INGV-OV#WESSEL||||Md|1.3|--|Campi Flegrei|earthquake
44690902|2025-11-20 00:22:18.549000|40.840667|14.092|2.5|SURVEY-INGV-OV#WESSEL||||Md|1.1|--|Campi Flegrei|earthquake
44691032|2025-11-20 01:52:52.579000|40.836833|14.132833|2.8|SURVEY-INGV-OV#WESSEL||||Md|1.0|--|Campi Flegrei|earthquake
44691092|2025-11-20 03:24:11.200000|40.839833|14.121833|2.5|SURVEY-INGV-OV#WESSEL||||Md|2.4|--|Campi Flegrei|earthquake
44698742|2025-11-21 10:07:13.430000|40.804333|14.1045|3.4|SURVEY-INGV-OV#WESSEL||||Md|1.3|--|Campi Flegrei|earthquake
44711132|2025-11-21 22:12:52.000000|40.8325|14.130167|2.7|SURVEY-INGV-OV#WESSEL||||Md|1.1|--|Campi Flegrei|earthquake
44713052|2025-11-22 14:04:46.089000|40.817833|14.141833|2.8|SURVEY-INGV-OV#WESSEL||||Md|2.2|--|Campi Flegrei|earthquake
44713652|2025-11-22 17:54:59.869000|40.8135|14.153333|2.4|SURVEY-INGV-OV#WESSEL||||Md|1.8|--|Campi Flegrei|earthquake
44713762|2025-11-22 17:55:10.059000|40.814667|14.160333|2.4|SURVEY-INGV-OV#WESSEL||||Md|3.0|--|Campi Flegrei|earthquake
44714702|2025-11-23 06:35:06.460000|40.826833|14.132833|2.3|SURVEY-INGV-OV#WESSEL||||Md|1.6|--|Campi Flegrei|earthquake
44717162|2025-11-23 17:51:43.180000|40.831333|14.1465|1.8|SURVEY-INGV-OV#WESSEL||||Md|1.3|--|Campi Flegrei|earthquake
44729632|2025-11-25 17:49:46.069000|40.8265|14.137333|1.6|SURVEY-INGV-OV#WESSEL||||Md|1.3|--|Campi Flegrei|earthquake
44729882|2025-11-25 18:48:47.690000|40.813167|14.123667|2.6|SURVEY-INGV-OV#WESSEL||||Md|1.5|--|Campi Flegrei|earthquake
44730302|2025-11-25 20:39:16.519000|40.832833|14.1235|2.1|SURVEY-INGV-OV#WESSEL||||Md|1.0|--|Campi Flegrei|earthquake
44730482|2025-11-25 22:15:36.930000|40.827667|14.1315|2.2|SURVEY-INGV-OV#WESSEL||||Md|1.6|--|Campi Flegrei|earthquake
44730652|2025-11-25 22:21:54.200000|40.8285|14.140167|2.7|SURVEY-INGV-OV#WESSEL||||Md|3.3|--|Campi Flegrei|earthquake
44730692|2025-11-25 22:27:11.970000|40.8265|14.139333|2.9|SURVEY-INGV-OV#WESSEL||||Md|1.2|--|Campi Flegrei|earthquake
44730702|2025-11-25 22:28:05.589000|40.827167|14.136667|1.9|SURVEY-INGV-OV#WESSEL||||Md|1.0|--|Campi Flegrei|earthquake
44730742|2025-11-25 22:34:23.619000|40.828333|14.1285|2.0|SURVEY-INGV-OV#WESSEL||||Md|1.3|--|Campi Flegrei|earthquake
44730762|2025-11-25 22:35:06.529000|40.827167|14.136|2.5|SURVEY-INGV-OV#WESSEL||||Md|1.7|--|Campi Flegrei|earthquake
44730852|2025-11-25 22:51:23.640000|40.826333|14.129667|1.8|SURVEY-INGV-OV#WESSEL||||Md|1.1|--|Campi Flegrei|earthquake
44734252|2025-11-26 20:08:04.769000|40.805833|14.110833|4.1|SURVEY-INGV-OV#WESSEL||||Md|2.2|--|Campi Flegrei|earthquake
44734482|2025-11-26 22:11:59.150000|40.825667|14.139333|0.8|SURVEY-INGV-OV#WESSEL||||Md|1.0|--|Campi Flegrei|earthquake
44735072|2025-11-27 01:01:03.450000|40.820333|14.140167|1.7|SURVEY-INGV-OV#WESSEL||||Md|1.0|--|Campi Flegrei|earthquake
44735352|2025-11-27 04:42:50.859000|40.797833|14.1165|4.2|SURVEY-INGV-OV#SiSmi||||Md|1.4|--|Campi Flegrei|earthquake
44735432|2025-11-27 05:04:44.539000|40.796333|14.1165|3.6|SURVEY-INGV-OV#WESSEL||||Md|1.1|--|Campi Flegrei|earthquake
44738492|2025-11-27 18:08:43.390000|40.819167|14.145667|0.3|SURVEY-INGV-OV#WESSEL||||Md|1.2|--|Campi Flegrei|earthquake
44738602|2025-11-27 18:11:47.210000|40.817833|14.143667|0.1|SURVEY-INGV-OV#WESSEL||||Md|1.0|--|Campi Flegrei|earthquake
44739062|2025-11-27 23:43:02.119000|40.820333|14.1395|1.2|SURVEY-INGV-OV#WESSEL||||Md|1.0|--|Campi Flegrei|earthquake
44738992|2025-11-27 23:43:52.390000|40.824167|14.149|1.2|SURVEY-INGV-OV#WESSEL||||Md|1.3|--|Campi Flegrei|earthquake
44739022|2025-11-27 23:44:57.460000|40.823667|14.149|1.2|SURVEY-INGV-OV#WESSEL||||Md|1.1|--|Campi Flegrei|earthquake
44739092|2025-11-28 00:39:13.289000|40.825833|14.143167|1.4|SURVEY-INGV-OV#WESSEL||||Md|1.3|--|Campi Flegrei|earthquake
44739172|2025-11-28 00:39:57.119000|40.825167|14.151667|1.1|SURVEY-INGV-OV#WESSEL||||Md|1.1|--|Campi Flegrei|earthquake
44739272|2025-11-28 02:14:29.200000|40.830333|14.1065|2.0|SURVEY-INGV-OV#WESSEL||||Md|1.0|--|Campi Flegrei|earthquake
44739352|2025-11-28 02:25:21.500000|40.832|14.102167|2.8|SURVEY-INGV-OV#WESSEL||||Md|1.2|--|Campi Flegrei|earthquake
44739752|2025-11-28 06:28:54.180000|40.823167|14.149|0.9|SURVEY-INGV-OV#WESSEL||||Md|1.7|--|Campi Flegrei|earthquake
44739842|2025-11-28 06:39:15.130000|40.824833|14.139833|0.4|SURVEY-INGV-OV#SiSmi||||Md|2.2|--|Campi Flegrei|earthquake
44740472|2025-11-28 08:06:38.549000|40.804833|14.085667|2.4|SURVEY-INGV-OV#WESSEL||||Md|1.3|--|Campi Flegrei|earthquake
44740262|2025-11-28 08:17:59.140000|40.824167|14.148167|1.6|SURVEY-INGV-OV#WESSEL||||Md|1.8|--|Campi Flegrei|earthquake
44740312|2025-11-28 08:20:00.900000|40.821833|14.145333|1.8|SURVEY-INGV-OV#WESSEL||||Md|1.2|--|Campi Flegrei|earthquake
44740592|2025-11-28 08:20:19.569000|40.823167|14.146833|0.9|SURVEY-INGV-OV#WESSEL||||Md|1.1|--|Campi Flegrei|earthquake
44740432|2025-11-28 08:22:52.619000|40.821167|14.149|1.4|SURVEY-INGV-OV#WESSEL||||Md|1.0|--|Campi Flegrei|earthquake
44740502|2025-11-28 08:38:36.349000|40.821667|14.143833|1.0|SURVEY-INGV-OV#WESSEL||||Md|1.2|--|Campi Flegrei|earthquake
44741542|2025-11-28 14:02:21.190000|40.8225|14.14|0.4|SURVEY-INGV-OV#WESSEL||||Md|1.4|--|Campi Flegrei|earthquake
44741632|2025-11-28 14:34:36.680000|40.832|14.105667|2.7|SURVEY-INGV-OV#WESSEL||||Md|1.0|--|Campi Flegrei|earthquake
44741772|2025-11-28 15:09:01.839000|40.8235|14.140833|1.0|SURVEY-INGV-OV#WESSEL||||Md|1.1|--|Campi Flegrei|earthquake
44741812|2025-11-28 15:29:30.250000|40.826667|14.109333|2.3|SURVEY-INGV-OV#WESSEL||||Md|2.6|--|Campi Flegrei|earthquake
44741992|2025-11-28 15:29:41.279000|40.828333|14.105167|1.3|SURVEY-INGV-OV#WESSEL||||Md|2.7|--|Campi Flegrei|earthquake
44742312|2025-11-28 16:59:41.750000|40.830667|14.152833|1.3|SURVEY-INGV-OV#WESSEL||||Md|1.9|--|Campi Flegrei|earthquake
44751042|2025-12-01 04:51:38.980000|40.824667|14.149|1.2|SURVEY-INGV-OV#WESSEL||||Md|1.2|--|Campi Flegrei|earthquake
44751072|2025-12-01 04:54:43.160000|40.826167|14.151833|1.6|SURVEY-INGV-OV#WESSEL||||Md|1.3|--|Campi Flegrei|earthquake
44752852|2025-12-01 12:59:28.250000|40.833333|14.151667|2.3|SURVEY-INGV-OV#WESSEL||||Md|1.7|--|Campi Flegrei|earthquake
44752902|2025-12-01 13:00:42.420000|40.835167|14.149833|2.2|SURVEY-INGV-OV#WESSEL||||Md|1.3|--|Campi Flegrei|earthquake
44753692|2025-12-01 16:33:50.849000|40.838|14.113167|2.9|SURVEY-INGV-OV#WESSEL||||Md|1.3|--|Campi Flegrei|earthquake
44761092|2025-12-03 22:54:45.920000|40.828333|14.142|1.4|SURVEY-INGV-OV#WESSEL||||Md|1.3|--|Campi Flegrei|earthquake
44766472|2025-12-05 12:41:16.000000|40.822833|14.1565|2.8|SURVEY-INGV-OV#WESSEL||||Md|1.3|--|Campi Flegrei|earthquake
44772082|2025-12-07 05:00:39.509000|40.8295|14.124333|2.8|SURVEY-INGV-OV#WESSEL||||Md|2.3|--|Campi Flegrei|earthquake
44772432|2025-12-07 07:43:29.789000|40.836833|14.113833|2.9|SURVEY-INGV-OV#WESSEL||||Md|1.3|--|Campi Flegrei|earthquake
44788132|2025-12-11 10:07:50.289000|40.835833|14.084333|2.9|SURVEY-INGV-OV#WESSEL||||Md|2.0|--|Campi Flegrei|earthquake
44800582|2025-12-14 07:58:15.009000|40.829167|14.139667|1.9|SURVEY-INGV-OV#WESSEL||||Md|1.0|--|Campi Flegrei|earthquake
44802182|2025-12-14 15:24:15.910000|40.839|14.1085|2.8|SURVEY-INGV-OV#WESSEL||||Md|1.0|--|Campi Flegrei|earthquake
44804572|2025-12-15 06:47:52.440000|40.844167|14.123667|2.8|SURVEY-INGV-OV#WESSEL||||Md|1.9|--|Campi Flegrei|earthquake
44804642|2025-12-15 06:51:12.309000|40.821667|14.136|2.1|SURVEY-INGV-OV#WESSEL||||Md|1.1|--|Campi Flegrei|earthquake
44820622|2025-12-18 17:16:14.960000|40.824833|14.151|2.4|SURVEY-INGV-OV#WESSEL||||Md|1.5|--|Campi Flegrei|earthquake
44821352|2025-12-19 03:42:52.470000|40.826667|14.138667|3.4|SURVEY-INGV-OV#WESSEL||||Md|2.0|--|Campi Flegrei|earthquake
44821422|2025-12-19 03:50:13.259000|40.823667|14.151833|2.7|SURVEY-INGV-OV#WESSEL||||Md|1.8|--|Campi Flegrei|earthquake
44823472|2025-12-19 13:15:00.589000|40.820667|14.126833|2.3|SURVEY-INGV-OV#WESSEL||||Md|1.4|--|Campi Flegrei|earthquake
44826292|2025-12-20 09:35:46.049000|40.8255|14.146|2.1|SURVEY-INGV-OV#WESSEL||||Md|1.0|--|Campi Flegrei|earthquake
44831262|2025-12-21 16:33:14.079000|40.826167|14.141667|2.2|SURVEY-INGV-OV#WESSEL||||Md|1.3|--|Campi Flegrei|earthquake
44837742|2025-12-23 10:11:06.519000|40.811333|14.090667|1.8|SURVEY-INGV-OV#WESSEL||||Md|1.1|--|Campi Flegrei|earthquake
44839492|2025-12-23 23:42:15.950000|40.824|14.146333|2.0|SURVEY-INGV-OV#WESSEL||||Md|2.0|--|Campi Flegrei|earthquake
44839532|2025-12-23 23:42:54.329000|40.820667|14.136667|0.6|SURVEY-INGV-OV#WESSEL||||Md|1.6|--|Campi Flegrei|earthquake
44842232|2025-12-24 17:20:08.170000|40.803667|14.124167|4.6|SURVEY-INGV-OV#WESSEL||||Md|2.0|--|Campi Flegrei|earthquake
44842422|2025-12-24 18:18:40.150000|40.803667|14.122833|4.3|SURVEY-INGV-OV#WESSEL||||Md|1.2|--|Campi Flegrei|earthquake
44845692|2025-12-26 12:14:50.950000|40.811|14.096667|3.8|SURVEY-INGV-OV#WESSEL||||Md|1.0|--|Campi Flegrei|earthquake
44847872|2025-12-27 07:51:04.079000|40.823|14.135|1.5|SURVEY-INGV-OV#WESSEL||||Md|1.0|--|Campi Flegrei|earthquake
44850032|2025-12-27 16:22:15.009000|40.823333|14.084333|3.0|SURVEY-INGV-OV#WESSEL||||Md|1.1|--|Campi Flegrei|earthquake
44853852|2025-12-28 17:15:40.579000|40.820333|14.157167|2.9|SURVEY-INGV-OV#SiSmi||||Md|1.0|--|Campi Flegrei|earthquake
44860702|2025-12-29 12:36:02.359000|40.837|14.101833|2.4|SURVEY-INGV-OV#WESSEL||||Md|1.7|--|Campi Flegrei|earthquake
44860712|2025-12-29 12:42:28.190000|40.8345|14.096667|3.5|SURVEY-INGV-OV#WESSEL||||Md|1.2|--|Campi Flegrei|earthquake
44862402|2025-12-30 00:10:27.039000|40.818833|14.130333|0.7|SURVEY-INGV-OV#WESSEL||||Md|1.4|--|Campi Flegrei|earthquake
44865952|2025-12-30 12:40:47.730000|40.8295|14.087667|2.7|SURVEY-INGV-OV#WESSEL||||Md|2.0|--|Campi Flegrei|earthquake
44868432|2025-12-30 20:21:35.230000|40.8075|14.116|3.7|SURVEY-INGV-OV#WESSEL||||Md|1.3|--|Campi Flegrei|earthquake
44870672|2025-12-31 08:56:37.890000|40.8405|14.123|2.7|SURVEY-INGV-OV#WESSEL||||Md|1.2|--|Campi Flegrei|earthquake
44874712|2026-01-01 02:27:21.430000|40.831333|14.131333|1.6|SURVEY-INGV-OV#WESSEL||||Md|1.0|--|Campi Flegrei|earthquake
44894452|2026-01-03 07:52:59.650000|40.828667|14.139667|2.8|SURVEY-INGV-OV#WESSEL||||Md|1.0|--|Campi Flegrei|earthquake
44909002|2026-01-05 09:33:59.670000|40.8365|14.134|1.7|SURVEY-INGV-OV#WESSEL||||Md|1.2|--|Campi Flegrei|earthquake
44909012|2026-01-05 09:35:26.150000|40.835333|14.1355|1.9|SURVEY-INGV-OV#SiSmi||||Md|1.7|--|Campi Flegrei|earthquake
44909642|2026-01-05 12:54:22.220000|40.829333|14.141|2.8|SURVEY-INGV-OV#WESSEL||||Md|2.9|--|Campi Flegrei|earthquake
44911792|2026-01-06 02:23:02.359000|40.827667|14.139333|2.4|SURVEY-INGV-OV#WESSEL||||Md|3.1|--|Campi Flegrei|earthquake
44911832|2026-01-06 02:24:19.450000|40.829|14.144167|2.7|SURVEY-INGV-OV#WESSEL||||Md|2.9|--|Campi Flegrei|earthquake
44911892|2026-01-06 02:25:43.180000|40.837333|14.114167|2.7|SURVEY-INGV-OV#WESSEL||||Md|1.6|--|Campi Flegrei|earthquake
44912072|2026-01-06 04:19:57.519000|40.837833|14.1145|3.0|SURVEY-INGV-OV#WESSEL||||Md|1.3|--|Campi Flegrei|earthquake
44920132|2026-01-08 16:44:08.099000|40.8285|14.1295|2.7|SURVEY-INGV-OV#WESSEL||||Md|2.6|--|Campi Flegrei|earthquake
44920192|2026-01-08 16:45:07.819000|40.824333|14.1295|2.8|SURVEY-INGV-OV#WESSEL||||Md|1.0|--|Campi Flegrei|earthquake
44920292|2026-01-08 17:28:44.539000|40.827333|14.132|2.6|SURVEY-INGV-OV#WESSEL||||Md|1.1|--|Campi Flegrei|earthquake
44920412|2026-01-08 17:48:02.440000|40.826333|14.125|2.7|SURVEY-INGV-OV#WESSEL||||Md|1.1|--|Campi Flegrei|earthquake
44920442|2026-01-08 17:53:39.230000|40.828667|14.126|2.7|SURVEY-INGV-OV#WESSEL||||Md|2.0|--|Campi Flegrei|earthquake
44920472|2026-01-08 17:55:41.450000|40.826667|14.125|2.8|SURVEY-INGV-OV#WESSEL||||Md|1.0|--|Campi Flegrei|earthquake
44943512|2026-01-13 06:52:54.589000|40.828333|14.160833|2.8|SURVEY-INGV-OV#WESSEL||||Md|1.2|--|Campi Flegrei|earthquake
44948582|2026-01-14 08:03:14.980000|40.833167|14.128833|2.5|SURVEY-INGV-OV#WESSEL||||Md|2.5|--|Campi Flegrei|earthquake
44948852|2026-01-14 08:03:40.769000|40.836667|14.134|2.0|SURVEY-INGV-OV#WESSEL||||Md|2.2|--|Campi Flegrei|earthquake
44948712|2026-01-14 08:13:53.220000|40.835333|14.124167|1.6|SURVEY-INGV-OV#WESSEL||||Md|1.7|--|Campi Flegrei|earthquake
44961782|2026-01-16 20:33:55.440000|40.832167|14.142|2.5|SURVEY-INGV-OV#WESSEL||||Md|2.2|--|Campi Flegrei|earthquake
44968922|2026-01-18 14:37:30.640000|40.8025|14.108333|2.2|SURVEY-INGV-OV#WESSEL||||Md|1.4|--|Campi Flegrei|earthquake
44983812|2026-01-21 14:34:23.180000|40.8375|14.112|1.8|SURVEY-INGV-OV#WESSEL||||Md|1.7|--|Campi Flegrei|earthquake
44803501|2026-01-27 00:57:41.119000|40.825|14.136667|1.9|SURVEY-INGV-OV#WESSEL||||Md|1.1|--|Campi Flegrei|earthquake
44803561|2026-01-27 01:09:49.880000|40.841167|14.140833|1.9|SURVEY-INGV-OV#WESSEL||||Md|1.4|--|Campi Flegrei|earthquake
44829351|2026-02-01 05:13:55.789000|40.810667|14.1185|2.9|SURVEY-INGV-OV#WESSEL||||Md|1.3|--|Campi Flegrei|earthquake
44840091|2026-02-04 00:28:20.690000|40.831333|14.147167|2.6|SURVEY-INGV-OV#WESSEL||||Md|1.7|--|Campi Flegrei|earthquake
44842511|2026-02-04 15:04:41.069000|40.840333|14.135333|1.6|SURVEY-INGV-OV#WESSEL||||Md|1.3|--|Campi Flegrei|earthquake
44843681|2026-02-05 01:14:45.500000|40.815|14.1625|1.8|SURVEY-INGV-OV#WESSEL||||Md|1.7|--|Campi Flegrei|earthquake
44844031|2026-02-05 07:13:34.309000|40.817167|14.163|2.4|SURVEY-INGV-OV#WESSEL||||Md|1.2|--|Campi Flegrei|earthquake
44865141|2026-02-09 10:58:37.180000|40.8165|14.144167|1.0|SURVEY-INGV-OV#WESSEL||||Md|1.2|--|Campi Flegrei|earthquake
44866481|2026-02-09 16:28:39.529000|40.825167|14.1395|0.9|SURVEY-INGV-OV#WESSEL||||Md|1.4|--|Campi Flegrei|earthquake
44875281|2026-02-11 18:12:24.660000|40.831333|14.144|2.2|SURVEY-INGV-OV#WESSEL||||Md|1.6|--|Campi Flegrei|earthquake
44877761|2026-02-12 12:49:34.480000|40.8305|14.146|2.2|SURVEY-INGV-OV#WESSEL||||Md|1.7|--|Campi Flegrei|earthquake
45163942|2026-02-14 09:51:06.140000|40.825|14.149|0.9|SURVEY-INGV-OV#WESSEL||||Md|1.4|--|Campi Flegrei|earthquake
45164242|2026-02-14 09:51:11.359000|40.8235|14.144333|0.4|SURVEY-INGV-OV#WESSEL||||Md|1.2|--|Campi Flegrei|earthquake
45164272|2026-02-14 09:51:20.390000|40.824167|14.150333|0.9|SURVEY-INGV-OV#WESSEL||||Md|1.0|--|Campi Flegrei|earthquake
45164052|2026-02-14 09:56:23.309000|40.826833|14.148667|1.3|SURVEY-INGV-OV#WESSEL||||Md|1.4|--|Campi Flegrei|earthquake
45164442|2026-02-14 11:12:02.200000|40.8255|14.149|1.1|SURVEY-INGV-OV#WESSEL||||Md|1.3|--|Campi Flegrei|earthquake
45164872|2026-02-14 12:21:53.430000|40.832|14.137333|2.0|SURVEY-INGV-OV#WESSEL||||Md|1.3|--|Campi Flegrei|earthquake
45164802|2026-02-14 12:22:17.119000|40.832833|14.145|2.3|SURVEY-INGV-OV#WESSEL||||Md|1.6|--|Campi Flegrei|earthquake
45168442|2026-02-16 04:59:35.140000|40.8115|14.121167|2.7|SURVEY-INGV-OV#WESSEL||||Md|1.1|--|Campi Flegrei|earthquake
45168682|2026-02-16 06:49:06.509000|40.829333|14.082333|2.9|SURVEY-INGV-OV#WESSEL||||Md|1.5|--|Campi Flegrei|earthquake
44895461|2026-02-17 03:53:37.380000|40.844333|14.125667|2.4|SURVEY-INGV-OV#WESSEL||||Md|1.3|--|Campi Flegrei|earthquake
44899531|2026-02-17 22:12:38.410000|40.838167|14.117833|2.9|SURVEY-INGV-OV#WESSEL||||Md|2.8|--|Campi Flegrei|earthquake
44899551|2026-02-17 22:12:49.910000|40.837167|14.117|2.8|SURVEY-INGV-OV#WESSEL||||Md|2.5|--|Campi Flegrei|earthquake
44899661|2026-02-17 23:24:27.710000|40.833833|14.1165|2.2|SURVEY-INGV-OV#WESSEL||||Md|2.0|--|Campi Flegrei|earthquake
45199272|2026-02-22 03:16:27.200000|40.8095|14.088667|3.8|SURVEY-INGV-OV#WESSEL||||Md|2.3|--|Campi Flegrei|earthquake
45206452|2026-02-23 16:19:13.690000|40.826833|14.140333|1.5|SURVEY-INGV-OV#WESSEL||||Md|1.7|--|Campi Flegrei|earthquake
45209782|2026-02-24 10:40:43.730000|40.8115|14.109667|4.5|SURVEY-INGV-OV#WESSEL||||Md|2.0|--|Campi Flegrei|earthquake
45213082|2026-02-24 22:39:19.130000|40.8425|14.124|4.0|SURVEY-INGV-OV#WESSEL||||Md|2.1|--|Campi Flegrei|earthquake
45218792|2026-02-25 23:35:23.759000|40.8315|14.139|2.3|SURVEY-INGV-OV#WESSEL||||Md|1.1|--|Campi Flegrei|earthquake
45232062|2026-02-28 10:19:07.200000|40.835167|14.139833|2.7|SURVEY-INGV-OV#SiSmi||||Md|3.5|--|Campi Flegrei|earthquake
45232172|2026-02-28 10:20:52.329000|40.8315|14.131333|2.0|SURVEY-INGV-OV#WESSEL||||Md|1.2|--|Campi Flegrei|earthquake
45231902|2026-02-28 10:22:06.450000|40.833667|14.140167|2.7|SURVEY-INGV-OV#WESSEL||||Md|2.3|--|Campi Flegrei|earthquake
45232852|2026-02-28 12:51:19.950000|40.8315|14.137167|2.7|SURVEY-INGV-OV#WESSEL||||Md|1.4|--|Campi Flegrei|earthquake
45233102|2026-02-28 13:38:52.660000|40.8315|14.132|1.7|SURVEY-INGV-OV#WESSEL||||Md|1.2|--|Campi Flegrei|earthquake
45245852|2026-03-02 19:06:44.640000|40.81|14.166333|9.4|SURVEY-INGV-OV#WESSEL||||Md|1.0|--|Campi Flegrei|earthquake
45256552|2026-03-04 02:28:41.960000|40.823333|14.135833|1.8|SURVEY-INGV-OV#WESSEL||||Md|1.0|--|Campi Flegrei|earthquake
45266242|2026-03-05 01:39:11.940000|40.817833|14.1455|0.3|SURVEY-INGV-OV#WESSEL||||Md|1.0|--|Campi Flegrei|earthquake
45266872|2026-03-05 04:04:17.160000|40.828|14.085667|2.8|SURVEY-INGV-OV#WESSEL||||Md|2.4|--|Campi Flegrei|earthquake
45270582|2026-03-05 11:38:13.049000|40.833|14.129333|2.7|SURVEY-INGV-OV#WESSEL||||Md|1.1|--|Campi Flegrei|earthquake
45285222|2026-03-07 17:33:44.990000|40.826667|14.1165|1.8|SURVEY-INGV-OV#WESSEL||||Md|1.0|--|Campi Flegrei|earthquake
45293782|2026-03-08 13:33:41.089000|40.802167|14.107333|3.7|SURVEY-INGV-OV#WESSEL||||Md|1.1|--|Campi Flegrei|earthquake
45385732|2026-03-20 10:49:07.299000|40.825167|14.139|0.8|SURVEY-INGV-OV#WESSEL||||Md|1.1|--|Campi Flegrei|earthquake
45390222|2026-03-20 22:02:53.539000|40.816333|14.1605|2.8|SURVEY-INGV-OV#WESSEL||||Md|1.0|--|Campi Flegrei|earthquake
45396032|2026-03-21 14:02:15.430000|40.805|14.118|4.2|SURVEY-INGV-OV#WESSEL||||Md|1.0|--|Campi Flegrei|earthquake
45395442|2026-03-21 15:48:16.420000|40.8365|14.078667|2.0|SURVEY-INGV-OV#WESSEL||||Md|1.0|--|Campi Flegrei|earthquake
45399122|2026-03-21 20:53:30.569000|40.809333|14.1175|3.9|SURVEY-INGV-OV#WESSEL||||Md|1.3|--|Campi Flegrei|earthquake
45400272|2026-03-22 02:22:32.799000|40.8345|14.078333|3.0|SURVEY-INGV-OV#WESSEL||||Md|1.2|--|Campi Flegrei|earthquake
45485142|2026-04-01 16:10:27.849000|40.830833|14.150833|2.5|SURVEY-INGV-OV#WESSEL||||Md|1.2|--|Campi Flegrei|earthquake
45488302|2026-04-02 06:10:09.119000|40.8235|14.156333|2.7|SURVEY-INGV-OV#WESSEL||||Md|1.2|--|Campi Flegrei|earthquake
45492312|2026-04-02 15:50:09.130000|40.822833|14.1045|1.3|SURVEY-INGV-OV#WESSEL||||Md|1.3|--|Campi Flegrei|earthquake
45497122|2026-04-03 07:59:38.720000|40.8365|14.132333|2.7|SURVEY-INGV-OV#WESSEL||||Md|2.1|--|Campi Flegrei|earthquake
45502592|2026-04-03 21:14:08.710000|40.817667|14.097667|2.8|SURVEY-INGV-OV#WESSEL||||Md|1.0|--|Campi Flegrei|earthquake
45511822|2026-04-05 04:05:51.190000|40.823333|14.14|3.0|SURVEY-INGV-OV#WESSEL||||Md|1.4|--|Campi Flegrei|earthquake
45515042|2026-04-05 14:33:22.430000|40.8195|14.145167|1.0|SURVEY-INGV-OV#WESSEL||||Md|2.1|--|Campi Flegrei|earthquake
45515212|2026-04-05 14:34:02.390000|40.820333|14.145333|1.5|SURVEY-INGV-OV#WESSEL||||Md|1.7|--|Campi Flegrei|earthquake
45518662|2026-04-06 02:51:50.130000|40.821|14.147167|1.3|SURVEY-INGV-OV#WESSEL||||Md|1.8|--|Campi Flegrei|earthquake
45518742|2026-04-06 02:52:13.460000|40.820333|14.138833|1.6|SURVEY-INGV-OV#WESSEL||||Md|1.5|--|Campi Flegrei|earthquake
45526562|2026-04-07 02:32:57.920000|40.824667|14.143667|2.4|SURVEY-INGV-OV#SiSmi||||Md|3.3|--|Campi Flegrei|earthquake
45526702|2026-04-07 02:34:32.970000|40.824167|14.144167|2.3|SURVEY-INGV-OV#WESSEL||||Md|1.6|--|Campi Flegrei|earthquake
45526392|2026-04-07 02:38:34.619000|40.824667|14.143667|2.5|SURVEY-INGV-OV#WESSEL||||Md|2.6|--|Campi Flegrei|earthquake
45536842|2026-04-08 12:38:59.079000|40.824167|14.133|0.6|SURVEY-INGV-OV#WESSEL||||Md|2.3|--|Campi Flegrei|earthquake
45537202|2026-04-08 13:19:59.130000|40.823167|14.134|0.5|SURVEY-INGV-OV#WESSEL||||Md|1.7|--|Campi Flegrei|earthquake
45537492|2026-04-08 13:32:57.140000|40.8225|14.136667|0.6|SURVEY-INGV-OV#WESSEL||||Md|1.1|--|Campi Flegrei|earthquake
45537922|2026-04-08 14:48:57.299000|40.824167|14.132833|0.9|SURVEY-INGV-OV#WESSEL||||Md|3.4|--|Campi Flegrei|earthquake
45538022|2026-04-08 14:51:19.369000|40.823667|14.134833|0.7|SURVEY-INGV-OV#WESSEL||||Md|1.1|--|Campi Flegrei|earthquake
45540192|2026-04-09 01:43:58.039000|40.821667|14.1375|1.3|SURVEY-INGV-OV#WESSEL||||Md|1.3|--|Campi Flegrei|earthquake
45547622|2026-04-09 19:20:57.089000|40.832667|14.1275|1.6|SURVEY-INGV-OV#WESSEL||||Md|1.3|--|Campi Flegrei|earthquake
45577862|2026-04-13 21:12:54.710000|40.838667|14.114667|2.5|SURVEY-INGV-OV#WESSEL||||Md|1.9|--|Campi Flegrei|earthquake
45582652|2026-04-14 19:18:14.450000|40.8365|14.146833|2.5|SURVEY-INGV-OV#WESSEL||||Md|1.0|--|Campi Flegrei|earthquake
45599912|2026-04-17 02:05:02.319000|40.822833|14.147|1.3|SURVEY-INGV-OV#WESSEL||||Md|1.6|--|Campi Flegrei|earthquake
45625552|2026-04-20 08:57:19.779000|40.833833|14.131667|2.1|SURVEY-INGV-OV#WESSEL||||Md|1.0|--|Campi Flegrei|earthquake
45668002|2026-04-25 02:47:05.210000|40.820833|14.138|2.8|SURVEY-INGV-OV#WESSEL||||Md|1.8|--|Campi Flegrei|earthquake
45691952|2026-04-27 10:42:07.160000|40.828167|14.139167|1.1|SURVEY-INGV-OV#WESSEL||||Md|1.1|--|Campi Flegrei|earthquake
45769772|2026-05-05 23:26:49.519000|40.836667|14.120667|3.0|SURVEY-INGV-OV#WESSEL||||Md|1.9|--|Campi Flegrei|earthquake
45776472|2026-05-06 14:32:39.880000|40.8005|14.124|4.6|SURVEY-INGV-OV#WESSEL||||Md|1.5|--|Campi Flegrei|earthquake
45776522|2026-05-06 14:33:06.680000|40.797333|14.124167|3.9|SURVEY-INGV-OV#WESSEL||||Md|1.0|--|Campi Flegrei|earthquake
45799352|2026-05-09 13:37:01.130000|40.8025|14.084333|3.9|SURVEY-INGV-OV#WESSEL||||Md|1.0|--|Campi Flegrei|earthquake
45801502|2026-05-09 18:37:28.250000|40.801333|14.120333|4.6|SURVEY-INGV-OV#WESSEL||||Md|1.4|--|Campi Flegrei|earthquake
45823392|2026-05-11 18:59:33.000000|40.821833|14.125833|1.8|SURVEY-INGV-OV#WESSEL||||Md|1.2|--|Campi Flegrei|earthquake
45825532|2026-05-12 00:11:19.900000|40.816833|14.142667|1.6|SURVEY-INGV-OV#WESSEL||||Md|1.8|--|Campi Flegrei|earthquake
45838302|2026-05-12 14:06:11.230000|40.839667|14.1065|2.9|SURVEY-INGV-OV#WESSEL||||Md|2.6|--|Campi Flegrei|earthquake
45861022|2026-05-14 16:38:04.549000|40.8315|14.125|2.2|SURVEY-INGV-OV#WESSEL||||Md|1.0|--|Campi Flegrei|earthquake
45873972|2026-05-15 05:30:51.849000|40.839|14.114667|2.9|SURVEY-INGV-OV#WESSEL||||Md|1.0|--|Campi Flegrei|earthquake
45883792|2026-05-16 01:58:40.990000|40.798333|14.117167|4.6|SURVEY-INGV-OV#WESSEL||||Md|1.0|--|Campi Flegrei|earthquake
45900972|2026-05-17 22:57:34.619000|40.828|14.137333|2.4|SURVEY-INGV-OV#WESSEL||||Md|2.3|--|Campi Flegrei|earthquake
45901232|2026-05-17 23:58:06.930000|40.832833|14.118833|2.6|SURVEY-INGV-OV#WESSEL||||Md|1.3|--|Campi Flegrei|earthquake
45911592|2026-05-19 05:58:03.670000|40.8275|14.139|1.0|SURVEY-INGV-OV#WESSEL||||Md|1.0|--|Campi Flegrei|earthquake
45926592|2026-05-21 00:17:55.470000|40.8025|14.111833|4.6|SURVEY-INGV-OV#WESSEL||||Md|1.3|--|Campi Flegrei|earthquake
45927482|2026-05-21 03:50:52.069000|40.806|14.106167|3.1|SURVEY-INGV-OV#WESSEL||||Md|4.4|--|Campi Flegrei|earthquake
45927692|2026-05-21 03:53:46.250000|40.7995|14.101833|3.7|SURVEY-INGV-OV#WESSEL||||Md|1.2|--|Campi Flegrei|earthquake
45927742|2026-05-21 03:57:37.210000|40.803333|14.105|3.0|SURVEY-INGV-OV#WESSEL||||Md|2.1|--|Campi Flegrei|earthquake
46012162|2026-05-22 22:55:36.680000|40.8175|14.090167|3.0|SURVEY-INGV-OV#WESSEL||||Md|1.9|--|Campi Flegrei|earthquake
46022032|2026-05-23 21:35:26.220000|40.831333|14.148167|2.9|SURVEY-INGV-OV#WESSEL||||Md|1.7|--|Campi Flegrei|earthquake
46027242|2026-05-24 14:08:30.970000|40.836333|14.134667|2.6|SURVEY-INGV-OV#WESSEL||||Md|1.3|--|Campi Flegrei|earthquake
46039252|2026-05-25 18:13:55.019000|40.805|14.106833|3.3|SURVEY-INGV-OV#WESSEL||||Md|1.5|--|Campi Flegrei|earthquake
46048062|2026-05-27 01:09:12.140000|40.833667|14.127|2.4|SURVEY-INGV-OV#WESSEL||||Md|1.3|--|Campi Flegrei|earthquake
46048282|2026-05-27 01:09:29.200000|40.842|14.134167|1.8|SURVEY-INGV-OV#WESSEL||||Md|1.1|--|Campi Flegrei|earthquake
46048132|2026-05-27 01:13:00.529000|40.841167|14.134667|1.6|SURVEY-INGV-OV#WESSEL||||Md|1.6|--|Campi Flegrei|earthquake
46067852|2026-05-28 18:25:59.980000|40.817167|14.086|3.8|SURVEY-INGV-OV#WESSEL||||Md|1.2|--|Campi Flegrei|earthquake
